time,open,high,low,close,tick_volume,spread,real_volume,str_cdl,macd_ao_u,macd_ao_u_1,macd_ao_u_2,macd_ao_u_3,macd_ao_d,macd_ao_d_1,macd_ao_d_2,macd_ao_d_3,rsi_3_20,rsi_3_20_1,rsi_3_20_2,rsi_3_20_3,rsi_3_30,rsi_3_30_1,rsi_3_30_2,rsi_3_30_3,rsi_3_80,rsi_3_80_1,rsi_3_80_2,rsi_3_80_3,rsi_3_70,rsi_3_70_1,rsi_3_70_2,rsi_3_70_3,chandb,chands,chandb_sig,chands_sig,chandb_1,chandb_2,chandb_3,chands_1,chands_2,chands_3,chandb_sig_1,chandb_sig_2,chandb_sig_3,chands_sig_1,chands_sig_2,chands_sig_3,zlsmau,zlsmau_1,zlsmau_2,zlsmau_3,zlsmad,zlsmad_1,zlsmad_2,zlsmad_3,ema_50u,ema_50u_1,ema_50u_2,ema_50u_3,ema_50d,ema_50d_1,ema_50d_2,ema_50d_3,adx_30,adx_30_1,adx_30_2,adx_30_3,adx_25,adx_25_1,adx_25_2,adx_25_3,rsi_3,ema_50,zlsma,rsi,macd,macd_signal,sma_20,sma_50,ema_20,bb_upper,bb_lower,stoch_k,stoch_d,atr,williams_r,cci,momentum,roc
2025-09-17 01:00:00,24531.35,24533.35,24524.75,24530.15,414,150,0,0.0,0.0,0.0,0.0,0.0,0.0,0.0,0.0,0.0,1.0,0.0,0.0,0.0,1.0,0.0,0.0,0.0,0.0,0.0,0.0,0.0,0.0,0.0,0.0,0.0,0,0,1,1,0.0,0.0,0.0,0.0,0.0,0.0,0.0,0.0,0.0,0.0,0.0,0.0,1.0,0.0,0.0,0.0,0.0,0.0,0.0,0.0,0.0,0.0,0.0,0.0,0.0,0.0,0.0,0.0,0.0,0.0,0.0,0.0,0.0,0.0,0.0,0.0,0.0,24530.15,0.0,0.0,0.0,0.0,,,24530.15,,,,,,,,,
2025-09-17 01:05:00,24531.15,24535.55,24530.85,24534.15,359,150,0,0.0,0.0,0.0,0.0,0.0,0.0,0.0,0.0,0.0,1.0,1.0,0.0,0.0,1.0,1.0,0.0,0.0,0.0,0.0,0.0,0.0,0.0,0.0,0.0,0.0,0,0,0,0,0.0,0.0,0.0,0.0,0.0,0.0,1.0,0.0,0.0,1.0,0.0,0.0,1.0,1.0,0.0,0.0,0.0,0.0,0.0,0.0,1.0,0.0,0.0,0.0,0.0,0.0,0.0,0.0,0.0,0.0,0.0,0.0,0.0,0.0,0.0,0.0,0.0,24532.19,0.0,0.0,0.0897435897422838,0.049857549856824335,,,24532.25,,,,,,,,,
2025-09-17 01:10:00,24534.05,24539.25,24533.65,24538.65,259,150,0,0.0,0.0,0.0,0.0,0.0,0.0,0.0,0.0,0.0,1.0,1.0,1.0,0.0,1.0,1.0,1.0,0.0,0.0,0.0,0.0,0.0,0.0,0.0,0.0,0.0,0,0,0,0,0.0,0.0,0.0,0.0,0.0,0.0,0.0,1.0,0.0,0.0,1.0,0.0,1.0,1.0,1.0,0.0,0.0,0.0,0.0,0.0,1.0,1.0,0.0,0.0,0.0,0.0,0.0,0.0,1.0,0.0,0.0,0.0,1.0,0.0,0.0,0.0,0.0,24534.430029329425,0.0,0.0,0.2538958769873716,0.1334798150742617,,,24534.60004163197,,,,,,,,,
2025-09-17 01:15:00,24538.55,24539.55,24534.55,24536.15,226,150,0,0.0,0.0,0.0,0.0,0.0,0.0,0.0,0.0,0.0,0.0,1.0,1.0,1.0,0.0,1.0,1.0,1.0,0.0,0.0,0.0,0.0,1.0,0.0,0.0,0.0,0,0,0,0,0.0,0.0,0.0,0.0,0.0,0.0,0.0,0.0,1.0,0.0,0.0,1.0,1.0,1.0,1.0,1.0,0.0,0.0,0.0,0.0,1.0,1.0,1.0,0.0,0.0,0.0,0.0,0.0,1.0,1.0,0.0,0.0,1.0,1.0,0.0,0.0,77.27272727272728,24534.886158536592,0.0,0.0,0.23207166407519253,0.16687813790655534,,,24535.047490648376,,,,,,,,,
2025-09-17 01:20:00,24536.35,24544.55,24536.15,24543.85,254,150,0,0.0,0.0,0.0,0.0,0.0,0.0,0.0,0.0,0.0,0.0,0.0,1.0,1.0,0.0,0.0,1.0,1.0,1.0,0.0,0.0,0.0,1.0,1.0,0.0,0.0,0,0,0,0,0.0,0.0,0.0,0.0,0.0,0.0,0.0,0.0,0.0,0.0,0.0,0.0,1.0,1.0,1.0,1.0,0.0,0.0,0.0,0.0,1.0,1.0,1.0,1.0,0.0,0.0,0.0,0.0,1.0,1.0,1.0,0.0,1.0,1.0,1.0,0.0,88.9135254988892,24536.82515733094,0.0,0.0,0.5217277414958517,0.27243787243454687,,,24537.176742752807,,,,,,,,,
2025-09-17 01:25:00,24543.75,24545.35,24541.25,24544.85,154,150,0,0.0,0.0,0.0,0.0,0.0,0.0,0.0,0.0,0.0,0.0,0.0,0.0,1.0,0.0,0.0,0.0,1.0,1.0,1.0,0.0,0.0,1.0,1.0,1.0,0.0,1,0,1,0,0.0,0.0,0.0,0.0,0.0,0.0,0.0,0.0,0.0,0.0,0.0,0.0,1.0,1.0,1.0,1.0,0.0,0.0,0.0,0.0,1.0,1.0,1.0,1.0,0.0,0.0,0.0,0.0,1.0,1.0,1.0,1.0,1.0,1.0,1.0,1.0,89.9193548387079,24538.299869934785,0.0,0.0,0.7288041645151679,0.39613851106339076,,,24538.795449537505,,,,,,,,,
2025-09-17 01:30:00,24544.85,24548.65,24544.85,24547.05,193,150,0,0.0,0.0,0.0,0.0,0.0,0.0,0.0,0.0,0.0,0.0,0.0,0.0,0.0,0.0,0.0,0.0,0.0,1.0,1.0,1.0,0.0,1.0,1.0,1.0,1.0,0,0,0,0,1.0,0.0,0.0,0.0,0.0,0.0,1.0,0.0,0.0,0.0,0.0,0.0,1.0,1.0,1.0,1.0,0.0,0.0,0.0,0.0,1.0,1.0,1.0,1.0,0.0,0.0,0.0,0.0,1.0,1.0,1.0,1.0,1.0,1.0,1.0,1.0,92.24204809930133,24539.704783382535,0.0,0.0,0.948714601159736,0.5359807780781037,,,24540.356180714894,,,,,,,,,
2025-09-17 01:35:00,24546.75,24550.65,24546.25,24548.55,197,150,0,0.0,0.0,0.0,0.0,0.0,0.0,0.0,0.0,0.0,0.0,0.0,0.0,0.0,0.0,0.0,0.0,0.0,1.0,1.0,1.0,1.0,1.0,1.0,1.0,1.0,0,0,0,0,0.0,1.0,0.0,0.0,0.0,0.0,0.0,1.0,0.0,0.0,0.0,0.0,1.0,1.0,1.0,1.0,0.0,0.0,0.0,0.0,1.0,1.0,1.0,1.0,0.0,0.0,0.0,0.0,1.0,1.0,1.0,1.0,1.0,1.0,1.0,1.0,93.7215507769578,24540.971282461018,0.0,0.0,1.1522569427907001,0.6840835295343868,,,24541.772523550546,,,,,,,,,
2025-09-17 01:40:00,24548.55,24548.75,24544.35,24546.25,190,150,0,0.0,0.0,0.0,0.0,0.0,0.0,0.0,0.0,0.0,0.0,0.0,0.0,0.0,0.0,0.0,0.0,0.0,0.0,1.0,1.0,1.0,0.0,1.0,1.0,1.0,0,0,0,0,0.0,0.0,1.0,0.0,0.0,0.0,0.0,0.0,1.0,0.0,0.0,0.0,1.0,1.0,1.0,1.0,0.0,0.0,0.0,0.0,1.0,1.0,1.0,1.0,0.0,0.0,0.0,0.0,1.0,1.0,1.0,1.0,1.0,1.0,1.0,1.0,65.14647318750171,24541.655931451467,0.0,0.0,1.1615627339706407,0.7943835945457096,,,24542.49073266683,,,,,,,,,
2025-09-17 01:45:00,24545.65,24548.35,24544.75,24547.55,125,150,0,0.0,0.0,0.0,0.0,0.0,0.0,0.0,0.0,0.0,0.0,0.0,0.0,0.0,0.0,0.0,0.0,0.0,0.0,0.0,1.0,1.0,1.0,0.0,1.0,1.0,0,0,0,0,0.0,0.0,0.0,0.0,0.0,0.0,0.0,0.0,0.0,0.0,0.0,0.0,1.0,1.0,1.0,1.0,0.0,0.0,0.0,0.0,1.0,1.0,1.0,1.0,0.0,0.0,0.0,0.0,1.0,1.0,1.0,1.0,1.0,1.0,1.0,1.0,72.30542491168154,24542.356959442157,0.0,0.0,1.2182267404932645,0.8893490632988185,,,24543.252614489487,,,,,,,,,
2025-09-17 01:50:00,24547.75,24548.75,24546.15,24548.15,103,150,0,0.0,0.0,0.0,0.0,0.0,0.0,0.0,0.0,0.0,0.0,0.0,0.0,0.0,0.0,0.0,0.0,0.0,0.0,0.0,0.0,1.0,1.0,1.0,0.0,1.0,0,0,0,0,0.0,0.0,0.0,0.0,0.0,0.0,0.0,0.0,0.0,0.0,0.0,0.0,1.0,1.0,1.0,1.0,0.0,0.0,0.0,0.0,1.0,1.0,1.0,1.0,0.0,0.0,0.0,0.0,1.0,1.0,1.0,1.0,1.0,1.0,1.0,1.0,75.75332068312501,24542.99509760682,0.0,0.0,1.2740537642494019,0.9735202536887368,,,24543.95143626304,,,,,,,,100.07337908655268,0.07337908655267089
2025-09-17 01:55:00,24547.85,24549.05,24544.85,24545.05,114,150,0,0.0,0.0,0.0,0.0,0.0,0.0,0.0,0.0,0.0,0.0,0.0,0.0,0.0,0.0,0.0,0.0,0.0,0.0,0.0,0.0,0.0,0.0,1.0,1.0,0.0,0,0,0,0,0.0,0.0,0.0,0.0,0.0,0.0,0.0,0.0,0.0,0.0,0.0,0.0,1.0,1.0,1.0,1.0,0.0,0.0,0.0,0.0,1.0,1.0,1.0,1.0,0.0,0.0,0.0,0.0,1.0,1.0,1.0,1.0,1.0,1.0,1.0,1.0,38.55419359667228,24543.20646309714,0.0,0.0,1.1273641127772862,1.0065594626586292,,,24544.101091573768,,,,,,,,100.04442786890924,0.04442786890924616
2025-09-17 02:00:00,24545.15,24549.15,24544.65,24546.55,160,150,0,0.0,0.0,0.0,0.0,0.0,0.0,0.0,0.0,0.0,0.0,0.0,0.0,0.0,0.0,0.0,0.0,0.0,0.0,0.0,0.0,0.0,0.0,0.0,1.0,1.0,0,0,0,0,0.0,0.0,0.0,0.0,0.0,0.0,0.0,0.0,0.0,0.0,0.0,0.0,1.0,1.0,1.0,1.0,0.0,0.0,0.0,0.0,1.0,1.0,1.0,1.0,0.0,0.0,0.0,0.0,1.0,1.0,1.0,1.0,1.0,1.0,1.0,1.0,54.699735766399506,24543.529798257357,0.0,0.0,1.088352401402517,1.0238696902322382,,,24544.42156560034,,,,,,,,100.03219411010792,0.03219411010792288
2025-09-17 02:05:00,24546.65,24547.85,24545.25,24546.65,133,150,0,1.0,0.0,0.0,0.0,0.0,0.0,0.0,0.0,0.0,0.0,0.0,0.0,0.0,0.0,0.0,0.0,0.0,0.0,0.0,0.0,0.0,0.0,0.0,0.0,1.0,0,0,0,0,0.0,0.0,0.0,0.0,0.0,0.0,0.0,0.0,0.0,0.0,0.0,0.0,1.0,1.0,1.0,1.0,0.0,0.0,0.0,0.0,1.0,1.0,1.0,1.0,0.0,0.0,0.0,0.0,1.0,1.0,1.0,1.0,1.0,1.0,1.0,1.0,55.85957265807672,24543.81513236844,0.0,0.0,1.0508118067664327,1.029506001113129,,,24544.703155600157,,,84.55598455598542,,4.799999999999533,-15.444015444014575,,100.04279399987365,0.04279399987365581
2025-09-17 02:10:00,24546.75,24547.15,24544.15,24544.65,101,150,0,0.0,0.0,0.0,0.0,0.0,0.0,0.0,0.0,0.0,0.0,0.0,0.0,0.0,0.0,0.0,0.0,0.0,0.0,0.0,0.0,0.0,0.0,0.0,0.0,0.0,0,0,0,0,0.0,0.0,0.0,0.0,0.0,0.0,0.0,0.0,0.0,0.0,0.0,0.0,1.0,1.0,1.0,1.0,0.0,0.0,0.0,0.0,1.0,1.0,1.0,1.0,0.0,0.0,0.0,0.0,1.0,1.0,1.0,1.0,1.0,1.0,1.0,1.0,31.593004318801192,24543.887689028823,0.0,71.13702623906526,0.8904099633873557,1.000672297822705,,,24544.69664148493,,,69.69696969697415,,4.399999999999636,-30.303030303025846,,100.00325947233219,0.0032594723321846836
2025-09-17 02:15:00,24543.55,24545.65,24541.65,24545.15,152,150,0,0.0,0.0,0.0,0.0,0.0,0.0,0.0,0.0,0.0,0.0,0.0,0.0,0.0,0.0,0.0,0.0,0.0,0.0,0.0,0.0,0.0,0.0,0.0,0.0,0.0,0,0,0,0,0.0,0.0,0.0,0.0,0.0,0.0,0.0,0.0,0.0,0.0,0.0,0.0,1.0,1.0,1.0,1.0,0.0,0.0,0.0,0.0,1.0,1.0,1.0,1.0,0.0,0.0,0.0,0.0,1.0,1.0,1.0,1.0,1.0,1.0,1.0,1.0,41.17591052060622,24543.992400019466,0.0,71.5831309339792,0.7878313856017485,0.9568712247769687,,,24544.75072273108,,,67.64705882352942,73.96667102549632,4.299999999999792,-32.35294117647059,,100.00122225232586,0.0012222523258561793
2025-09-17 02:20:00,24545.25,24545.25,24541.15,24541.15,134,150,0,0.0,0.0,0.0,0.0,0.0,0.0,0.0,0.0,0.0,1.0,0.0,0.0,0.0,1.0,0.0,0.0,0.0,0.0,0.0,0.0,0.0,0.0,0.0,0.0,0.0,0,0,0,0,0.0,0.0,0.0,0.0,0.0,0.0,0.0,0.0,0.0,0.0,0.0,0.0,1.0,1.0,1.0,1.0,0.0,0.0,0.0,0.0,1.0,1.0,1.0,1.0,0.0,0.0,0.0,0.0,1.0,1.0,1.0,1.0,1.0,1.0,1.0,1.0,15.358187632289699,24543.766497855715,0.0,63.171305664222544,0.4522857909469167,0.8536293373829753,,,24544.33128014549,,,40.993788819883775,59.44593911346245,4.192857142856935,-59.00621118011622,,99.97596452526884,-0.024035474731170618
2025-09-17 02:25:00,24541.05,24541.05,24535.85,24537.15,134,150,0,0.0,0.0,0.0,0.0,0.0,1.0,0.0,0.0,0.0,1.0,1.0,0.0,0.0,1.0,1.0,0.0,0.0,0.0,0.0,0.0,0.0,0.0,0.0,0.0,0.0,0,0,0,0,0.0,0.0,0.0,0.0,0.0,0.0,0.0,0.0,0.0,0.0,0.0,0.0,1.0,1.0,1.0,1.0,0.0,0.0,0.0,0.0,1.0,1.0,1.0,1.0,0.0,0.0,0.0,0.0,1.0,1.0,1.0,1.0,1.0,1.0,1.0,1.0,7.914488288114541,24543.260997575402,0.0,56.07498252447812,-0.06243969780553016,0.6670544968154478,,,24543.512150784656,,,8.783783783801722,39.14154380907164,4.214285714285714,-91.21621621619828,,99.9535614119775,-0.0464385880225016
2025-09-17 02:30:00,24537.35,24540.65,24536.55,24538.55,184,150,0,0.0,0.0,0.0,0.0,0.0,0.0,1.0,0.0,0.0,0.0,1.0,1.0,0.0,1.0,1.0,1.0,0.0,0.0,0.0,0.0,0.0,0.0,0.0,0.0,0.0,0,0,0,0,0.0,0.0,0.0,0.0,0.0,0.0,0.0,0.0,0.0,0.0,0.0,0.0,1.0,1.0,1.0,1.0,0.0,0.0,0.0,0.0,1.0,1.0,1.0,1.0,0.0,0.0,0.0,0.0,1.0,1.0,1.0,1.0,1.0,1.0,1.0,1.0,26.593115345396257,24542.913981035334,0.0,57.85928373805574,-0.36744331699446775,0.45712959741761233,,,24542.956604336607,,,18.24324324324457,22.673605282310024,3.907142857143169,-81.75675675675544,,99.96863064622904,-0.031369353770945574
2025-09-17 02:35:00,24538.35,24542.55,24538.35,24542.25,133,150,0,0.0,0.0,0.0,0.0,0.0,0.0,0.0,1.0,0.0,0.0,0.0,1.0,1.0,0.0,1.0,1.0,1.0,0.0,0.0,0.0,0.0,0.0,0.0,0.0,0.0,0,0,0,0,0.0,0.0,0.0,0.0,0.0,0.0,0.0,0.0,0.0,0.0,0.0,0.0,1.0,1.0,1.0,1.0,0.0,0.0,0.0,0.0,1.0,1.0,1.0,1.0,0.0,0.0,0.0,0.0,1.0,1.0,1.0,1.0,1.0,1.0,1.0,1.0,59.31143395495968,24542.866700165712,0.0,62.22647411772975,-0.3569078764448932,0.2924231667868994,24542.625,,24542.87879603965,24552.998016614478,24532.251983385522,43.24324324324457,23.42342342343029,3.914285714286182,-56.756756756755436,-20.772125148196,99.97840925061769,-0.021590749382318287
2025-09-17 02:40:00,24541.85,24543.25,24539.25,24539.35,149,150,0,0.0,0.0,0.0,0.0,0.0,0.0,0.0,0.0,1.0,0.0,0.0,0.0,1.0,0.0,0.0,1.0,1.0,0.0,0.0,0.0,0.0,0.0,0.0,0.0,0.0,0,0,0,0,0.0,0.0,0.0,0.0,0.0,0.0,0.0,0.0,0.0,0.0,0.0,0.0,1.0,1.0,1.0,1.0,0.0,0.0,0.0,0.0,1.0,1.0,1.0,1.0,0.0,0.0,0.0,0.0,1.0,1.0,1.0,1.0,1.0,1.0,1.0,1.0,38.91794238664072,24542.624045530683,0.0,57.221091229891016,-0.5363521266408497,0.12512505537876925,24543.085,,24542.495916235017,24551.814448044286,24534.355551955712,23.648648648644,28.378378378377715,3.9285714285716886,-76.351351351356,-42.296437083205575,99.96415208478031,-0.03584791521969236
2025-09-17 02:45:00,24539.55,24541.85,24538.55,24539.65,203,150,0,0.0,0.0,0.0,0.0,0.0,0.0,0.0,0.0,0.0,0.0,0.0,0.0,0.0,0.0,0.0,0.0,1.0,0.0,0.0,0.0,0.0,0.0,0.0,0.0,0.0,0,0,0,0,0.0,0.0,0.0,0.0,0.0,0.0,0.0,0.0,0.0,0.0,0.0,0.0,1.0,1.0,1.0,1.0,0.0,0.0,0.0,0.0,1.0,1.0,1.0,1.0,0.0,0.0,0.0,0.0,1.0,1.0,1.0,1.0,1.0,1.0,1.0,1.0,42.0118472410564,24542.424769845227,0.0,57.60104018382365,-0.6487660609636805,-0.03080371916884346,24543.36,,24542.191171900464,24551.20612542664,24535.51387457336,28.5714285714442,31.821106821110927,3.850000000000104,-71.4285714285558,-65.38699276636557,99.97799963740144,-0.02200036259855986
2025-09-17 02:50:00,24540.15,24542.55,24539.55,24542.15,154,150,0,0.0,0.0,0.0,0.0,0.0,0.0,0.0,0.0,0.0,0.0,0.0,0.0,0.0,0.0,0.0,0.0,0.0,0.0,0.0,0.0,0.0,0.0,0.0,0.0,0.0,0,0,0,0,0.0,0.0,0.0,0.0,0.0,0.0,0.0,0.0,0.0,0.0,0.0,0.0,1.0,1.0,1.0,1.0,0.0,0.0,0.0,0.0,1.0,1.0,1.0,1.0,0.0,0.0,0.0,0.0,1.0,1.0,1.0,1.0,1.0,1.0,1.0,1.0,64.49295917805945,24542.406856705922,0.0,60.731067206659795,-0.5584122372638376,-0.1369520117114888,24543.535,,24542.18681476328,24551.08951067767,24535.98048932233,47.36842105264309,33.19616609091043,3.75,-52.63157894735691,-44.69354027448023,99.98207487406582,-0.017925125934185528
2025-09-17 02:55:00,24542.05,24545.35,24541.75,24542.25,217,150,0,0.0,0.0,0.0,0.0,0.0,0.0,0.0,0.0,0.0,0.0,0.0,0.0,0.0,0.0,0.0,0.0,0.0,0.0,0.0,0.0,0.0,0.0,0.0,0.0,0.0,0,0,0,0,0.0,0.0,0.0,0.0,0.0,0.0,0.0,0.0,0.0,0.0,0.0,0.0,1.0,1.0,1.0,1.0,0.0,0.0,0.0,0.0,1.0,1.0,1.0,1.0,0.0,0.0,0.0,0.0,1.0,1.0,1.0,1.0,1.0,1.0,1.0,1.0,65.30011575550691,24542.39688962783,0.0,60.85554955137823,-0.47477066921419464,-0.20483631778373845,24543.840000000004,,24542.193431456646,24550.58869188105,24537.091308118957,48.120300751880116,41.353383458655806,3.75,-51.87969924811989,-16.81353185452634,99.98207494709054,-0.017925052909466076
2025-09-17 03:00:00,24540.25,24548.55,24539.85,24546.75,544,150,0,1.0,0.0,0.0,0.0,0.0,0.0,0.0,0.0,0.0,0.0,0.0,0.0,0.0,0.0,0.0,0.0,0.0,1.0,0.0,0.0,0.0,1.0,0.0,0.0,0.0,0,0,0,0,0.0,0.0,0.0,0.0,0.0,0.0,0.0,0.0,0.0,0.0,0.0,0.0,1.0,1.0,1.0,1.0,0.0,0.0,0.0,0.0,1.0,1.0,1.0,1.0,0.0,0.0,0.0,0.0,1.0,1.0,1.0,1.0,1.0,1.0,1.0,1.0,86.30860425531056,24542.66692824695,0.0,66.0682432208738,-0.0913703083533619,-0.18205705828842694,24543.985,,24542.666109251808,24550.85806719243,24537.111932807573,81.95488721803812,59.14786967418711,4.185714285714441,-18.04511278196188,26.576829496497464,100.00855583599684,0.008555835996840634
2025-09-17 03:05:00,24546.65,24549.05,24545.15,24546.85,345,150,0,0.0,0.0,0.0,0.0,0.0,0.0,0.0,0.0,0.0,0.0,0.0,0.0,0.0,0.0,0.0,0.0,0.0,1.0,1.0,0.0,0.0,1.0,1.0,0.0,0.0,0,0,0,0,0.0,0.0,0.0,0.0,0.0,0.0,0.0,0.0,0.0,0.0,0.0,0.0,1.0,1.0,1.0,1.0,0.0,0.0,0.0,0.0,1.0,1.0,1.0,1.0,0.0,0.0,0.0,0.0,1.0,1.0,1.0,1.0,1.0,1.0,1.0,1.0,86.57944622475118,24542.92062986431,0.0,66.17603575440302,0.21517990477514104,-0.10236882276209508,24544.085,,24543.0964701997,24551.068371226294,24537.101628773704,82.70676691727513,70.92731829573113,4.164285714285662,-17.293233082724864,68.79891391148783,100.00692601185976,0.006926011859764921
2025-09-17 03:10:00,24547.05,24548.75,24530.15,24533.05,470,150,0,1.0,0.0,0.0,0.0,0.0,0.0,0.0,0.0,0.0,1.0,0.0,0.0,0.0,1.0,0.0,0.0,0.0,0.0,1.0,1.0,0.0,0.0,1.0,1.0,0.0,0,0,0,0,0.0,0.0,0.0,0.0,0.0,0.0,0.0,0.0,0.0,0.0,0.0,0.0,1.0,1.0,1.0,1.0,0.0,0.0,0.0,0.0,0.0,1.0,1.0,1.0,1.0,0.0,0.0,0.0,1.0,1.0,1.0,1.0,1.0,1.0,1.0,1.0,16.99350366172672,24542.334542286786,0.0,44.95309033918628,-0.5266613975873042,-0.1874330103124452,24543.385000000002,,24542.070894297638,24551.78080722429,24534.989192775713,15.343915343905568,60.00185649307294,5.171428571428415,-84.65608465609444,-139.45148837298365,99.96699421176268,-0.03300578823731644
2025-09-17 03:15:00,24532.85,24538.25,24532.15,24536.65,485,150,0,0.0,0.0,0.0,0.0,0.0,0.0,0.0,0.0,0.0,0.0,1.0,0.0,0.0,0.0,1.0,0.0,0.0,0.0,0.0,1.0,1.0,0.0,0.0,1.0,1.0,0,0,0,0,0.0,0.0,0.0,0.0,0.0,0.0,0.0,0.0,0.0,0.0,0.0,0.0,1.0,1.0,1.0,1.0,0.0,0.0,0.0,0.0,0.0,0.0,1.0,1.0,1.0,1.0,0.0,0.0,1.0,1.0,1.0,1.0,1.0,1.0,1.0,1.0,36.85320444067285,24542.003682233142,0.0,49.502767537657725,-0.8415421885147225,-0.3185083825958911,24542.79,,24541.52127423126,24551.330035745028,24534.249964254974,34.391534391538364,44.14740555090636,5.421428571428415,-65.60846560846164,-152.8377464494769,99.99796227353217,-0.002037726467825318
2025-09-17 03:20:00,24536.55,24538.15,24532.15,24534.15,418,150,0,0.0,0.0,0.0,0.0,0.0,0.0,0.0,0.0,0.0,0.0,0.0,1.0,0.0,1.0,0.0,1.0,0.0,0.0,0.0,0.0,1.0,0.0,0.0,0.0,1.0,0,0,0,0,0.0,0.0,0.0,0.0,0.0,0.0,0.0,0.0,0.0,0.0,0.0,0.0,1.0,1.0,1.0,1.0,0.0,0.0,0.0,0.0,0.0,0.0,0.0,1.0,1.0,1.0,1.0,0.0,1.0,1.0,1.0,1.0,1.0,1.0,1.0,1.0,29.500884164677913,24541.55508851808,0.0,46.62104703846272,-1.2576523117895704,-0.5066282698604151,24542.185,,24540.77847575053,24551.38208763972,24532.987912360284,21.16402116402361,23.63315696648918,5.63571428571413,-78.83597883597639,-147.425369529445,99.98206903015868,-0.0179309698413224
2025-09-17 03:25:00,24533.75,24539.55,24533.25,24539.15,337,150,0,0.0,0.0,0.0,0.0,0.0,0.0,0.0,0.0,0.0,0.0,0.0,0.0,1.0,0.0,1.0,0.0,1.0,0.0,0.0,0.0,0.0,0.0,0.0,0.0,0.0,0,0,0,0,0.0,0.0,0.0,0.0,0.0,0.0,0.0,0.0,0.0,0.0,0.0,0.0,1.0,1.0,1.0,1.0,0.0,0.0,0.0,0.0,1.0,0.0,0.0,0.0,0.0,1.0,1.0,1.0,1.0,1.0,1.0,1.0,1.0,1.0,1.0,1.0,55.896943814073886,24541.420128714515,0.0,52.56817022069455,-1.204746797116968,-0.6464250353250569,24541.765,,24540.615278002384,24550.69378844849,24532.83621155151,47.61904761905312,34.391534391538364,5.799999999999792,-52.38095238094688,-88.9845369041471,99.98736872128676,-0.012631278713233485
2025-09-17 03:30:00,24539.25,24542.65,24537.25,24537.85,256,150,0,0.0,0.0,0.0,0.0,0.0,0.0,0.0,0.0,0.0,0.0,0.0,0.0,0.0,0.0,0.0,1.0,0.0,0.0,0.0,0.0,0.0,0.0,0.0,0.0,0.0,0,0,0,0,0.0,0.0,0.0,0.0,0.0,0.0,0.0,0.0,0.0,0.0,0.0,0.0,1.0,1.0,1.0,1.0,0.0,0.0,0.0,0.0,0.0,1.0,0.0,0.0,1.0,0.0,1.0,1.0,1.0,1.0,1.0,1.0,1.0,1.0,1.0,1.0,48.77473136793742,24541.223122647447,0.0,50.97787894530708,-1.2445461319221067,-0.7661678421764812,24541.250000000004,,24540.339527971348,24549.808652131956,24532.69134786805,40.74074074073005,36.50793650793559,5.892857142857143,-59.259259259269946,-46.49593413642064,99.99388736865484,-0.00611263134516603
2025-09-17 03:35:00,24538.15,24538.15,24531.55,24532.35,289,150,0,1.0,0.0,0.0,0.0,0.0,0.0,0.0,0.0,0.0,0.0,0.0,0.0,0.0,1.0,0.0,0.0,1.0,0.0,0.0,0.0,0.0,0.0,0.0,0.0,0.0,0,0,0,0,0.0,0.0,0.0,0.0,0.0,0.0,0.0,0.0,0.0,0.0,0.0,0.0,1.0,1.0,1.0,1.0,0.0,0.0,0.0,0.0,0.0,0.0,1.0,0.0,1.0,1.0,0.0,1.0,1.0,1.0,1.0,1.0,1.0,1.0,1.0,1.0,26.968121523719475,24540.741182622256,0.0,44.802544086432704,-1.6661026995352586,-0.9462975270877345,24540.614999999998,,24539.546376158873,24549.84476306932,24531.385236930677,11.640211640197586,33.33333333332692,5.985714285714233,-88.35978835980242,-136.86293913910325,99.97025222446122,-0.029747775538782786
2025-09-17 03:40:00,24532.65,24537.55,24532.35,24533.75,290,150,0,0.0,0.0,0.0,0.0,0.0,0.0,0.0,0.0,0.0,0.0,0.0,0.0,0.0,0.0,1.0,0.0,0.0,0.0,0.0,0.0,0.0,0.0,0.0,0.0,0.0,0,0,0,0,0.0,0.0,0.0,0.0,0.0,0.0,0.0,0.0,0.0,0.0,0.0,0.0,1.0,1.0,1.0,1.0,0.0,0.0,0.0,0.0,0.0,0.0,0.0,1.0,1.0,1.0,1.0,0.0,1.0,1.0,1.0,1.0,1.0,1.0,1.0,1.0,37.617256736130756,24540.36710752351,0.0,46.57657232802497,-1.8726786866027396,-1.1316912662330887,24539.975,,24538.973260137744,24549.24700086281,24530.702999137186,19.047619047613548,23.809523809513724,6.064285714285559,-80.95238095238645,-114.37066402377026,99.9657731698323,-0.03422683016769702
2025-09-17 03:45:00,24533.85,24539.85,24532.35,24539.75,344,150,0,0.0,0.0,0.0,0.0,0.0,0.0,0.0,0.0,0.0,0.0,0.0,0.0,0.0,0.0,0.0,1.0,0.0,0.0,0.0,0.0,0.0,0.0,0.0,0.0,0.0,0,0,0,0,0.0,0.0,0.0,0.0,0.0,0.0,0.0,0.0,0.0,0.0,0.0,0.0,1.0,1.0,1.0,1.0,0.0,0.0,0.0,0.0,1.0,0.0,0.0,0.0,0.0,1.0,1.0,1.0,1.0,1.0,1.0,1.0,1.0,1.0,1.0,1.0,67.80048449039597,24540.334553369292,0.0,53.477568288106106,-1.565810655876703,-1.2185591914328195,24539.63,,24539.049781908103,24548.353495195224,24530.906504804778,50.79365079364896,27.160493827153363,6.299999999999792,-49.20634920635104,-53.4174553102108,99.98981348490868,-0.010186515091322108
2025-09-17 03:50:00,24539.85,24540.25,24535.85,24539.65,255,150,0,0.0,0.0,0.0,0.0,0.0,0.0,0.0,0.0,0.0,0.0,0.0,0.0,0.0,0.0,0.0,0.0,1.0,0.0,0.0,0.0,0.0,0.0,0.0,0.0,0.0,0,0,0,0,0.0,0.0,0.0,0.0,0.0,0.0,0.0,0.0,0.0,0.0,0.0,0.0,1.0,1.0,1.0,1.0,0.0,0.0,0.0,0.0,1.0,1.0,0.0,0.0,0.0,0.0,1.0,1.0,0.0,1.0,1.0,1.0,1.0,1.0,1.0,1.0,66.99017240520055,24540.298923582108,0.0,53.35386554021834,-1.315263146207144,-1.237907831128396,24539.38,,24539.108720124583,24547.778270498646,24530.981729501356,50.26455026455607,40.03527336860619,6.328571428571324,-49.73544973544393,-21.333940705347956,99.97107560063961,-0.028924399360398197
2025-09-17 03:55:00,24539.75,24542.05,24537.85,24539.75,277,150,0,0.0,0.0,0.0,0.0,0.0,0.0,0.0,0.0,0.0,0.0,0.0,0.0,0.0,0.0,0.0,0.0,0.0,0.0,0.0,0.0,0.0,0.0,0.0,0.0,0.0,0,0,0,0,0.0,0.0,0.0,0.0,0.0,0.0,0.0,0.0,0.0,0.0,0.0,0.0,1.0,1.0,1.0,1.0,0.0,0.0,0.0,0.0,1.0,1.0,1.0,0.0,0.0,0.0,0.0,1.0,0.0,0.0,1.0,1.0,0.0,1.0,1.0,1.0,67.57152196024315,24540.270715071267,0.0,53.46977730297148,-1.0966157695766015,-1.2096402454620212,24539.11,,24539.171504761907,24547.062596398264,24531.157403601737,50.79365079364896,50.617283950617995,6.392857142857143,-49.20634920635104,14.279229086735066,99.97107571847305,-0.028924281526951708
2025-09-17 04:00:00,24539.85,24545.15,24539.55,24543.65,400,150,0,0.0,0.0,0.0,0.0,0.0,0.0,0.0,0.0,0.0,0.0,0.0,0.0,0.0,0.0,0.0,0.0,0.0,1.0,0.0,0.0,0.0,1.0,0.0,0.0,0.0,0,0,0,0,0.0,0.0,0.0,0.0,0.0,0.0,0.0,0.0,0.0,0.0,0.0,0.0,1.0,1.0,1.0,1.0,0.0,0.0,0.0,0.0,1.0,1.0,1.0,1.0,0.0,0.0,0.0,0.0,0.0,0.0,0.0,1.0,1.0,0.0,1.0,1.0,84.02748417510824,24540.442283864253,0.0,57.86704642255027,-0.6183652385443565,-1.0913545353524379,24539.235,,24539.608806422613,24547.398403572945,24531.071596427057,71.42857142857967,57.495590828928236,6.578571428571585,-28.57142857142032,85.29327258556945,100.04320702073326,0.04320702073326465
2025-09-17 04:05:00,24543.55,24544.35,24540.65,24543.65,297,150,0,0.0,0.0,0.0,0.0,0.0,0.0,0.0,0.0,0.0,0.0,0.0,0.0,0.0,0.0,0.0,0.0,0.0,1.0,1.0,0.0,0.0,1.0,1.0,0.0,0.0,0,0,0,0,0.0,0.0,0.0,0.0,0.0,0.0,0.0,0.0,0.0,0.0,0.0,0.0,1.0,1.0,1.0,1.0,0.0,0.0,0.0,0.0,1.0,1.0,1.0,1.0,0.0,0.0,0.0,0.0,0.0,0.0,0.0,0.0,1.0,1.0,0.0,1.0,84.02748417510824,24540.603281645,0.0,57.86704642255027,-0.23702660837807343,-0.9204534551918995,24539.56,,24540.00246046169,24547.889756425328,24531.230243574675,71.42857142857967,64.55026455026943,6.585714285714338,-28.57142857142032,78.48699763592995,100.02852875188748,0.028528751887482603
2025-09-17 04:10:00,24543.55,24546.15,24541.85,24543.65,309,150,0,0.0,0.0,0.0,0.0,0.0,0.0,0.0,0.0,0.0,0.0,0.0,0.0,0.0,0.0,0.0,0.0,0.0,1.0,1.0,1.0,0.0,1.0,1.0,1.0,0.0,0,0,0,0,0.0,0.0,0.0,0.0,0.0,0.0,0.0,0.0,0.0,0.0,0.0,0.0,1.0,1.0,1.0,1.0,0.0,0.0,0.0,0.0,1.0,1.0,1.0,1.0,0.0,0.0,0.0,0.0,1.0,0.0,0.0,0.0,1.0,1.0,1.0,0.0,84.02748417510824,24540.754538759964,0.0,57.86704642255027,0.06413603683176916,-0.723502832752024,24539.815,,24540.35699838407,24548.32487661485,24531.305123385147,71.42857142857967,71.42857142857967,6.271428571428779,-28.57142857142032,91.31340426730509,100.03872153712274,0.03872153712274523
2025-09-17 04:15:00,24543.55,24543.65,24537.65,24539.65,457,150,0,0.0,0.0,0.0,0.0,0.0,0.0,0.0,0.0,0.0,0.0,0.0,0.0,0.0,0.0,0.0,0.0,0.0,0.0,1.0,1.0,1.0,0.0,1.0,1.0,1.0,0,0,0,0,0.0,0.0,0.0,0.0,0.0,0.0,0.0,0.0,0.0,0.0,0.0,0.0,1.0,1.0,1.0,1.0,0.0,0.0,0.0,0.0,1.0,1.0,1.0,1.0,0.0,0.0,0.0,0.0,0.0,1.0,0.0,0.0,1.0,1.0,1.0,1.0,30.482604463085167,24540.700268970788,0.0,51.61819545570441,-0.0064408621001348365,-0.5800713733105095,24539.685,,24540.288413209924,24548.117337504482,24531.25266249552,51.0752688172083,64.64413722478922,6.421428571428935,-48.9247311827917,11.95559350985321,100.00203756038819,0.0020375603881960047
2025-09-17 04:20:00,24539.55,24540.55,24534.85,24539.55,382,150,0,0.0,0.0,0.0,0.0,0.0,0.0,0.0,0.0,0.0,0.0,0.0,0.0,0.0,1.0,0.0,0.0,0.0,0.0,0.0,1.0,1.0,0.0,0.0,1.0,1.0,0,0,0,0,0.0,0.0,0.0,0.0,0.0,0.0,0.0,0.0,0.0,0.0,0.0,0.0,1.0,1.0,1.0,1.0,0.0,0.0,0.0,0.0,1.0,1.0,1.0,1.0,0.0,0.0,0.0,0.0,0.0,0.0,1.0,0.0,1.0,1.0,1.0,1.0,29.771187826578327,24540.644307312985,0.0,51.468559639315416,-0.069277946051443,-0.47790182332860404,24539.695,,24540.21690714355,24548.12613902525,24531.26386097475,54.79452054793701,59.09945359790833,5.50000000000052,-45.20547945206299,-30.630630630645246,100.00692807234537,0.006928072345379598
2025-09-17 04:25:00,24539.25,24542.05,24536.35,24539.75,304,150,0,0.0,0.0,0.0,0.0,0.0,0.0,0.0,0.0,0.0,0.0,0.0,0.0,0.0,0.0,1.0,0.0,0.0,0.0,0.0,0.0,1.0,0.0,0.0,0.0,1.0,0,0,0,0,0.0,0.0,0.0,0.0,0.0,0.0,0.0,0.0,0.0,0.0,0.0,0.0,1.0,1.0,1.0,1.0,0.0,0.0,0.0,0.0,1.0,1.0,1.0,1.0,0.0,0.0,0.0,0.0,0.0,0.0,0.0,1.0,0.0,1.0,1.0,1.0,34.36653703812571,24540.601205108367,0.0,51.76969890829957,-0.10230342696377193,-0.4027757530363835,24539.7,,24540.171765236264,24548.131145267773,24531.26885473223,56.16438356164042,54.01139097559525,5.471428571429247,-43.83561643835957,-5.904364340619868,100.03016425250742,0.030164252507409426
2025-09-17 04:30:00,24539.25,24539.65,24529.25,24530.15,484,150,0,1.0,0.0,0.0,0.0,0.0,0.0,0.0,0.0,0.0,1.0,0.0,0.0,0.0,1.0,0.0,1.0,0.0,0.0,0.0,0.0,0.0,0.0,0.0,0.0,0.0,0,0,0,0,0.0,0.0,0.0,0.0,0.0,0.0,0.0,0.0,0.0,0.0,0.0,0.0,1.0,1.0,1.0,1.0,0.0,0.0,0.0,0.0,0.0,1.0,1.0,1.0,1.0,0.0,0.0,0.0,0.0,0.0,0.0,0.0,1.0,0.0,1.0,1.0,6.017345916552131,24540.101980139127,0.0,39.19712175059201,-0.8669516595473397,-0.49561725280363267,24539.1,,24539.204230378877,24548.454424790325,24529.745575209672,5.325443786990401,38.76144929885594,5.792857142857819,-94.6745562130096,-132.16249778248672,99.98532633616956,-0.014673663830431732
2025-09-17 04:35:00,24530.25,24534.35,24528.05,24528.55,437,150,0,0.0,0.0,0.0,0.0,0.0,0.0,0.0,0.0,0.0,1.0,1.0,0.0,0.0,1.0,1.0,0.0,1.0,0.0,0.0,0.0,0.0,0.0,0.0,0.0,0.0,0,0,0,0,0.0,0.0,0.0,0.0,0.0,0.0,0.0,0.0,0.0,0.0,0.0,0.0,1.0,1.0,1.0,1.0,0.0,0.0,0.0,0.0,0.0,0.0,1.0,1.0,1.0,1.0,0.0,0.0,1.0,0.0,0.0,0.0,1.0,1.0,0.0,1.0,4.988569627337952,24539.55485298548,0.0,37.55990352173628,-1.5793762025750766,-0.7123808444904081,24538.415,,24538.17697604917,24548.752927105666,24528.077072894335,2.7624309392261863,21.41741942928567,5.792857142857819,-97.23756906077381,-166.1058376442151,99.95435976324127,-0.04564023675873115
2025-09-17 04:40:00,24528.75,24533.85,24528.55,24532.65,394,150,0,0.0,0.0,0.0,0.0,0.0,0.0,0.0,0.0,0.0,0.0,1.0,1.0,0.0,0.0,1.0,1.0,0.0,0.0,0.0,0.0,0.0,0.0,0.0,0.0,0.0,0,0,0,0,0.0,0.0,0.0,0.0,0.0,0.0,0.0,0.0,0.0,0.0,0.0,0.0,1.0,1.0,1.0,1.0,0.0,0.0,0.0,0.0,0.0,0.0,0.0,1.0,1.0,1.0,1.0,0.0,1.0,1.0,0.0,0.0,1.0,1.0,1.0,0.0,42.666108223772326,24539.230466598405,0.0,44.013266331968595,-1.8015625422704034,-0.9302266725704396,24537.71,,24537.64470656329,24547.56652869395,24527.853471306047,25.414364640892973,11.167413122369853,5.785714285714805,-74.58563535910703,-125.41918175722216,99.97147473578474,-0.02852526421525979
2025-09-17 04:45:00,24532.55,24534.75,24531.85,24534.05,336,150,0,0.0,0.0,0.0,0.0,0.0,0.0,0.0,0.0,0.0,0.0,0.0,1.0,1.0,0.0,0.0,1.0,1.0,0.0,0.0,0.0,0.0,0.0,0.0,0.0,0.0,0,0,0,0,0.0,0.0,0.0,0.0,0.0,0.0,0.0,0.0,0.0,0.0,0.0,0.0,1.0,1.0,1.0,1.0,0.0,0.0,0.0,0.0,0.0,0.0,0.0,0.0,1.0,1.0,1.0,1.0,1.0,1.0,1.0,0.0,1.0,1.0,1.0,1.0,52.34546209572993,24538.988965943925,0.0,46.06318520893805,-1.8462500993882713,-1.113437741908029,24537.07,,24537.29889079337,24546.05105608606,24528.08894391394,33.149171270714234,20.4419889502778,5.521428571429039,-66.85082872928577,-81.22571658974879,99.97677237950671,-0.023227620493284272
2025-09-17 04:50:00,24534.15,24535.15,24530.85,24533.65,271,150,0,0.0,0.0,0.0,0.0,0.0,0.0,0.0,0.0,0.0,0.0,0.0,0.0,1.0,0.0,0.0,0.0,1.0,0.0,0.0,0.0,0.0,0.0,0.0,0.0,0.0,0,0,0,0,0.0,0.0,0.0,0.0,0.0,0.0,0.0,0.0,0.0,0.0,0.0,0.0,1.0,1.0,1.0,1.0,0.0,0.0,0.0,0.0,0.0,0.0,0.0,0.0,1.0,1.0,1.0,1.0,1.0,1.0,1.0,1.0,1.0,1.0,1.0,1.0,48.81363594460182,24538.741905148512,0.0,45.55002052589196,-1.8912354414678703,-1.2690016183079593,24537.1,,24536.948200243725,24546.028369922533,24528.171630077464,30.939226519345347,29.834254143650853,5.457142857143481,-69.06077348065466,-78.40522473542406,99.95925626384013,-0.04074373615986212
2025-09-17 04:55:00,24533.25,24534.75,24530.05,24530.25,265,150,0,0.0,0.0,0.0,0.0,0.0,0.0,0.0,0.0,0.0,0.0,0.0,0.0,0.0,1.0,0.0,0.0,0.0,0.0,0.0,0.0,0.0,0.0,0.0,0.0,0.0,0,0,0,0,0.0,0.0,0.0,0.0,0.0,0.0,0.0,0.0,0.0,0.0,0.0,0.0,1.0,1.0,1.0,1.0,0.0,0.0,0.0,0.0,0.0,0.0,0.0,0.0,1.0,1.0,1.0,1.0,1.0,1.0,1.0,1.0,1.0,1.0,1.0,1.0,26.240201769666555,24538.351696620095,0.0,41.334782881613286,-2.169806850663008,-1.4491666825941614,24536.78,,24536.305004233283,24546.220361277647,24527.33963872235,12.15469613259924,25.414364640886276,5.257142857143533,-87.84530386740076,-99.05365806789332,99.94540339354579,-0.05459660645422117
2025-09-17 05:00:00,24530.15,24532.55,24527.65,24528.25,322,150,0,0.0,0.0,0.0,0.0,0.0,0.0,0.0,0.0,0.0,1.0,0.0,0.0,0.0,1.0,1.0,0.0,0.0,0.0,0.0,0.0,0.0,0.0,0.0,0.0,0.0,0,0,0,0,0.0,0.0,0.0,0.0,0.0,0.0,0.0,0.0,0.0,0.0,0.0,0.0,1.0,1.0,1.0,1.0,0.0,0.0,0.0,0.0,0.0,0.0,0.0,0.0,1.0,1.0,1.0,1.0,1.0,1.0,1.0,1.0,1.0,1.0,1.0,1.0,18.636026306093186,24537.890622449453,0.0,39.045794873520855,-2.5193060950623476,-1.6631983835409403,24536.484999999997,,24535.532129182677,24546.614950381747,24526.355049618247,3.2432432432353773,15.44572196505999,5.292857142857558,-96.75675675676463,-125.58503491745915,99.93725464631382,-0.06274535368619359
2025-09-17 05:05:00,24528.25,24530.25,24526.15,24528.55,261,150,0,0.0,0.0,0.0,0.0,0.0,0.0,0.0,0.0,0.0,0.0,1.0,0.0,0.0,1.0,1.0,1.0,0.0,0.0,0.0,0.0,0.0,0.0,0.0,0.0,0.0,0,0,0,0,0.0,0.0,0.0,0.0,0.0,0.0,0.0,0.0,0.0,0.0,0.0,0.0,1.0,1.0,1.0,1.0,0.0,0.0,0.0,0.0,0.0,0.0,0.0,0.0,1.0,1.0,1.0,1.0,1.0,1.0,1.0,1.0,1.0,1.0,1.0,1.0,23.61646104203686,24537.467008969114,0.0,39.58622527375226,-2.740779134677723,-1.8787176097614804,24535.955,24539.432,24534.862672518964,24546.59424710434,24525.31575289566,11.999999999989086,9.132646458607903,5.285714285714546,-88.00000000001091,-125.73499798630088,99.95476708103008,-0.04523291896992085
2025-09-17 05:10:00,24528.35,24529.05,24523.75,24525.25,311,150,0,0.0,0.0,0.0,0.0,0.0,0.0,0.0,0.0,0.0,1.0,0.0,1.0,0.0,1.0,1.0,1.0,1.0,0.0,0.0,0.0,0.0,0.0,0.0,0.0,0.0,0,0,0,0,0.0,0.0,0.0,0.0,0.0,0.0,0.0,0.0,0.0,0.0,0.0,0.0,1.0,1.0,1.0,1.0,0.0,0.0,0.0,0.0,0.0,0.0,0.0,0.0,1.0,1.0,1.0,1.0,1.0,1.0,1.0,1.0,1.0,1.0,1.0,1.0,11.7495147376016,24536.916325379392,0.0,35.823664870875064,-3.141345478070434,-2.1312460667885325,24535.325,24539.334000000003,24533.941588131478,24546.93930606033,24523.710693939673,6.696428571428137,7.313223938217536,5.264285714285767,-93.30357142857186,-142.4011661514305,99.94172672278016,-0.058273277219831957
2025-09-17 05:15:00,24525.55,24526.75,24520.15,24521.15,308,150,0,0.0,0.0,0.0,0.0,0.0,0.0,0.0,0.0,0.0,1.0,1.0,0.0,1.0,1.0,1.0,1.0,1.0,0.0,0.0,0.0,0.0,0.0,0.0,0.0,0.0,0,0,0,0,0.0,0.0,0.0,0.0,0.0,0.0,0.0,0.0,0.0,0.0,0.0,0.0,1.0,1.0,1.0,1.0,0.0,0.0,0.0,0.0,0.0,0.0,0.0,0.0,1.0,1.0,1.0,1.0,1.0,1.0,1.0,1.0,1.0,1.0,1.0,1.0,6.067548889843053,24536.20979568706,0.0,31.781876872974124,-3.740714168714476,-2.453142627500912,24534.765,24539.074,24532.71661325356,24547.95626904233,24521.57373095767,3.8461538461538463,7.5141941391903595,5.471428571428727,-96.15384615384616,-165.07807746905704,99.9242046068114,-0.07579539318859624
2025-09-17 05:20:00,24521.05,24521.25,24512.55,24512.65,369,150,0,1.0,0.0,0.0,0.0,0.0,0.0,0.0,0.0,0.0,1.0,1.0,1.0,0.0,1.0,1.0,1.0,1.0,0.0,0.0,0.0,0.0,0.0,0.0,0.0,0.0,0,0,0,0,0.0,0.0,0.0,0.0,0.0,0.0,0.0,0.0,0.0,0.0,0.0,0.0,1.0,1.0,1.0,1.0,0.0,0.0,0.0,0.0,0.0,0.0,0.0,0.0,1.0,1.0,1.0,1.0,1.0,1.0,1.0,1.0,1.0,1.0,1.0,1.0,2.4232860287354896,24535.159896667035,0.0,25.386971008190827,-4.834860624752764,-2.9294897078614714,24533.71,24538.554,24530.79596243352,24550.204515835005,24517.215484164994,0.3215434083671247,3.6213752753163724,5.785714285714286,-99.67845659163288,-212.54870347974207,99.92865922140712,-0.07134077859287448
2025-09-17 05:25:00,24513.05,24518.55,24512.65,24517.65,333,150,0,0.0,0.0,0.0,0.0,0.0,0.0,0.0,0.0,0.0,0.0,1.0,1.0,1.0,0.0,1.0,1.0,1.0,0.0,0.0,0.0,0.0,0.0,0.0,0.0,0.0,0,0,0,0,0.0,0.0,0.0,0.0,0.0,0.0,0.0,0.0,0.0,0.0,0.0,0.0,1.0,1.0,1.0,1.0,0.0,0.0,0.0,0.0,0.0,0.0,0.0,0.0,1.0,1.0,1.0,1.0,1.0,1.0,1.0,1.0,1.0,1.0,1.0,1.0,36.22248165423293,24534.383750706955,0.0,33.822300359024624,-5.243620524357539,-3.392318576861284,24532.605000000003,24538.183999999997,24529.538311270087,24550.312265829525,24514.89773417048,17.28813559322774,7.151944282582907,5.778571428571273,-82.71186440677226,-172.84721680064933,99.95556198796913,-0.04443801203086941
2025-09-17 05:30:00,24517.35,24523.65,24515.25,24520.65,337,150,0,0.0,0.0,0.0,0.0,0.0,0.0,0.0,0.0,0.0,0.0,0.0,1.0,1.0,0.0,0.0,1.0,1.0,0.0,0.0,0.0,0.0,0.0,0.0,0.0,0.0,0,0,0,0,0.0,0.0,0.0,0.0,0.0,0.0,0.0,0.0,0.0,0.0,0.0,0.0,1.0,1.0,1.0,1.0,0.0,0.0,0.0,0.0,0.0,0.0,0.0,0.0,1.0,1.0,1.0,1.0,1.0,1.0,1.0,1.0,1.0,1.0,1.0,1.0,51.37972163222785,24533.778081920882,0.0,38.32750792287199,-5.267830856089859,-3.7674227869963333,24531.655,24537.72,24528.68834773623,24549.80402926212,24513.50597073788,27.457627118651466,15.022435373415448,5.971428571428468,-72.54237288134854,-119.14020838461003,99.95108559409603,-0.04891440590396879
2025-09-17 05:35:00,24520.55,24520.75,24517.35,24519.65,309,150,0,0.0,0.0,0.0,0.0,0.0,0.0,0.0,0.0,0.0,0.0,0.0,0.0,1.0,0.0,0.0,0.0,1.0,0.0,0.0,0.0,0.0,0.0,0.0,0.0,0.0,0,0,0,0,0.0,0.0,0.0,0.0,0.0,0.0,0.0,0.0,0.0,0.0,0.0,0.0,1.0,1.0,1.0,1.0,0.0,0.0,0.0,0.0,0.0,0.0,0.0,0.0,1.0,1.0,1.0,1.0,1.0,1.0,1.0,1.0,1.0,1.0,1.0,1.0,45.922764536759324,24533.158051720875,0.0,37.41320218081432,-5.305419377775252,-4.075023256022105,24530.65,24537.216,24527.824372748895,24549.134588175002,24512.165411825,26.19926199262587,23.648341568168362,5.807142857142805,-73.80073800737414,-110.20350347044568,99.94130606239085,-0.05869393760915062
2025-09-17 05:40:00,24519.55,24523.05,24519.25,24521.35,295,150,0,0.0,0.0,0.0,0.0,0.0,0.0,0.0,0.0,0.0,0.0,0.0,0.0,0.0,0.0,0.0,0.0,0.0,0.0,0.0,0.0,0.0,0.0,0.0,0.0,0.0,0,0,0,0,0.0,0.0,0.0,0.0,0.0,0.0,0.0,0.0,0.0,0.0,0.0,0.0,1.0,1.0,1.0,1.0,0.0,0.0,0.0,0.0,0.0,0.0,0.0,0.0,1.0,1.0,1.0,1.0,1.0,1.0,1.0,1.0,1.0,1.0,1.0,1.0,57.44735566061293,24532.642248372802,0.0,40.032185263329566,-5.140245787286403,-4.288068399952178,24529.535,24536.701999999997,24527.20570560561,24547.397666153305,24511.672333846695,38.938053097338155,30.86498073620517,5.328571428571324,-61.061946902661845,-82.1526372187617,99.9498647775606,-0.05013522243939614
2025-09-17 05:45:00,24521.25,24524.05,24517.25,24518.65,267,150,0,0.0,0.0,0.0,0.0,0.0,0.0,0.0,0.0,0.0,0.0,0.0,0.0,0.0,0.0,0.0,0.0,0.0,0.0,0.0,0.0,0.0,0.0,0.0,0.0,0.0,0,0,0,0,0.0,0.0,0.0,0.0,0.0,0.0,0.0,0.0,0.0,0.0,0.0,0.0,1.0,1.0,1.0,1.0,0.0,0.0,0.0,0.0,0.0,0.0,0.0,0.0,1.0,1.0,1.0,1.0,1.0,1.0,1.0,1.0,1.0,1.0,1.0,1.0,38.10234859880412,24532.033752143496,0.0,37.35833547955597,-5.16525728655688,-4.463506597364142,24528.285,24536.104000000003,24526.388414054003,24545.474994029548,24511.095005970452,26.99115044248493,30.709488510816318,5.36428571428561,-73.00884955751508,-83.95965825139922,99.95271144811,-0.04728855189000742
2025-09-17 05:50:00,24518.85,24521.75,24517.55,24519.55,193,150,0,0.0,0.0,0.0,0.0,0.0,0.0,0.0,0.0,0.0,0.0,0.0,0.0,0.0,0.0,0.0,0.0,0.0,0.0,0.0,0.0,0.0,0.0,0.0,0.0,0.0,0,0,0,0,0.0,0.0,0.0,0.0,0.0,0.0,0.0,0.0,0.0,0.0,0.0,0.0,1.0,1.0,1.0,1.0,0.0,0.0,0.0,0.0,0.0,0.0,0.0,0.0,1.0,1.0,1.0,1.0,1.0,1.0,1.0,1.0,1.0,1.0,1.0,1.0,47.02229060916715,24531.493167142005,0.0,38.825113218415105,-5.054809963930893,-4.58176749722037,24527.08,24535.57,24525.73535629692,24543.071984834485,24511.08801516552,30.973451327430634,32.30088495575124,5.285714285714286,-69.02654867256936,-78.31425253027145,99.96453069419954,-0.03546930580045754
2025-09-17 05:55:00,24519.65,24524.35,24519.35,24523.25,201,150,0,0.0,0.0,0.0,0.0,0.0,0.0,0.0,0.0,0.0,0.0,0.0,0.0,0.0,0.0,0.0,0.0,0.0,0.0,0.0,0.0,0.0,1.0,0.0,0.0,0.0,0,0,0,0,0.0,0.0,0.0,0.0,0.0,0.0,0.0,0.0,0.0,0.0,0.0,0.0,1.0,1.0,1.0,1.0,0.0,0.0,0.0,0.0,0.0,0.0,0.0,0.0,1.0,1.0,1.0,1.0,1.0,1.0,1.0,1.0,1.0,1.0,1.0,1.0,71.94966043188494,24531.13766563752,0.0,44.57129847720313,-4.618150795111433,-4.589044167950048,24526.260000000002,24535.084000000003,24525.498070462352,24541.18435663778,24511.335643362225,47.34513274336148,35.10324483775902,5.435714285714182,-52.654867256638525,-45.054558254141185,99.97839252626022,-0.021607473739781898
2025-09-17 06:00:00,24523.35,24523.35,24519.25,24522.25,181,150,0,0.0,0.0,0.0,0.0,0.0,0.0,0.0,0.0,0.0,0.0,0.0,0.0,0.0,0.0,0.0,0.0,0.0,0.0,0.0,0.0,0.0,0.0,1.0,0.0,0.0,0,0,0,0,0.0,0.0,0.0,0.0,0.0,0.0,0.0,0.0,0.0,0.0,0.0,0.0,1.0,1.0,1.0,1.0,0.0,0.0,0.0,0.0,0.0,0.0,0.0,0.0,1.0,1.0,1.0,1.0,0.0,1.0,1.0,1.0,1.0,1.0,1.0,1.0,60.42363299408421,24530.755862249123,0.0,43.385172713149174,-4.302474259231531,-4.531730115939522,24525.395,24534.565999999995,24525.1880385889,24539.025380154522,24511.76461984548,43.69369369369554,40.67075925482922,5.421428571428156,-56.306306306304464,-46.54088050312822,99.98776770878992,-0.012232291210079408
2025-09-17 06:05:00,24522.35,24523.75,24520.05,24520.65,189,150,0,0.0,0.0,0.0,0.0,0.0,0.0,0.0,0.0,0.0,0.0,0.0,0.0,0.0,0.0,0.0,0.0,0.0,0.0,0.0,0.0,0.0,0.0,0.0,1.0,0.0,0,0,0,0,0.0,0.0,0.0,0.0,0.0,0.0,0.0,0.0,0.0,0.0,0.0,0.0,1.0,1.0,1.0,1.0,0.0,0.0,0.0,0.0,0.0,0.0,0.0,0.0,1.0,1.0,1.0,1.0,0.0,0.0,1.0,1.0,0.0,1.0,1.0,1.0,43.6438819070305,24530.323345560777,0.0,41.48299862576,-4.132714912684605,-4.451926997017867,24524.440000000002,24534.078,24524.75497009107,24536.41100004612,24512.468999953886,40.500000000010914,43.84627547902266,5.349999999999584,-59.499999999989086,-41.912816367136394,99.99796094391984,-0.0020390560801593722
2025-09-17 06:10:00,24520.55,24524.05,24519.55,24523.55,180,150,0,0.0,0.0,0.0,0.0,0.0,0.0,0.0,0.0,0.0,0.0,0.0,0.0,0.0,0.0,0.0,0.0,0.0,0.0,0.0,0.0,0.0,0.0,0.0,0.0,1.0,0,0,0,0,0.0,0.0,0.0,0.0,0.0,0.0,0.0,0.0,0.0,0.0,0.0,0.0,1.0,1.0,1.0,1.0,0.0,0.0,0.0,0.0,0.0,0.0,0.0,0.0,1.0,1.0,1.0,1.0,0.0,0.0,0.0,1.0,0.0,0.0,1.0,1.0,67.8882837028392,24530.034490838458,0.0,46.09608844009654,-3.7229209659381013,-4.306125676400698,24524.11,24533.618000000002,24524.64000102365,24535.778292618477,24512.441707381524,62.146892655364674,48.78019544969038,5.321428571428312,-37.853107344635326,-26.00393524732724,100.04446683651094,0.04446683651093544
2025-09-17 06:15:00,24523.65,24523.65,24520.35,24522.35,145,150,0,0.0,0.0,0.0,0.0,0.0,0.0,0.0,0.0,0.0,0.0,0.0,0.0,0.0,0.0,0.0,0.0,0.0,0.0,0.0,0.0,0.0,0.0,0.0,0.0,0.0,0,0,0,0,0.0,0.0,0.0,0.0,0.0,0.0,0.0,0.0,0.0,0.0,0.0,0.0,1.0,1.0,1.0,1.0,0.0,0.0,0.0,0.0,0.0,0.0,0.0,0.0,1.0,1.0,1.0,1.0,0.0,0.0,0.0,0.0,0.0,0.0,0.0,1.0,53.58103808385032,24529.707899842644,24515.062525826477,44.53169145665574,-3.454495776502881,-4.135799589505718,24523.8,24533.131999999998,24524.4215446439,24535.299839815765,24512.300160184233,59.39393939393498,54.01361068310353,5.264285714285767,-40.606060606065014,-25.697004402108416,100.01916986334334,0.019169863343334658
2025-09-17 06:20:00,24522.55,24525.05,24521.05,24521.35,151,150,0,0.0,1.0,0.0,0.0,0.0,0.0,0.0,0.0,0.0,0.0,0.0,0.0,0.0,0.0,0.0,0.0,0.0,0.0,0.0,0.0,0.0,0.0,0.0,0.0,0.0,0,0,0,0,0.0,0.0,0.0,0.0,0.0,0.0,0.0,0.0,0.0,0.0,0.0,0.0,1.0,1.0,1.0,1.0,0.0,0.0,0.0,0.0,0.0,0.0,0.0,0.0,1.0,1.0,1.0,1.0,0.0,0.0,0.0,0.0,0.0,0.0,0.0,0.0,42.40906431742614,24529.3538517635,24514.93541774272,43.21547997814647,-3.2840761128463782,-3.9654548086321286,24523.235,24532.666,24524.12857850873,24533.99032181607,24512.479678183932,61.9718309859072,61.17088767840229,5.171428571428676,-38.0281690140928,-15.534344001512997,100.0028547367219,0.0028547367218939527
2025-09-17 06:25:00,24521.55,24522.25,24521.05,24521.75,136,150,0,0.0,0.0,1.0,0.0,0.0,0.0,0.0,0.0,0.0,0.0,0.0,0.0,0.0,0.0,0.0,0.0,0.0,0.0,0.0,0.0,0.0,0.0,0.0,0.0,0.0,0,1,0,1,0.0,0.0,0.0,0.0,0.0,0.0,0.0,0.0,0.0,0.0,0.0,0.0,1.0,1.0,1.0,1.0,0.0,0.0,0.0,0.0,0.0,0.0,0.0,0.0,1.0,1.0,1.0,1.0,0.0,0.0,0.0,0.0,0.0,0.0,0.0,0.0,48.81277392120911,24529.03275574491,24515.73211195762,43.9293785721818,-3.081382606033003,-3.7886402970798128,24522.620000000003,24532.198000000004,24523.90174033387,24532.102859883904,24513.1371401161,73.60000000000582,64.988590126616,4.785714285714546,-26.39999999999418,-22.75478092470797,100.00856455944518,0.008564559445173746
2025-09-17 06:30:00,24521.85,24522.25,24518.15,24520.15,197,150,0,0.0,0.0,0.0,1.0,0.0,0.0,0.0,0.0,0.0,0.0,0.0,0.0,0.0,1.0,0.0,0.0,0.0,0.0,0.0,0.0,0.0,0.0,0.0,0.0,0.0,0,0,0,0,0.0,0.0,0.0,1.0,0.0,0.0,0.0,0.0,0.0,1.0,0.0,0.0,1.0,1.0,1.0,1.0,0.0,0.0,0.0,0.0,0.0,0.0,0.0,0.0,1.0,1.0,1.0,1.0,0.0,0.0,0.0,0.0,0.0,0.0,0.0,0.0,29.27903162694973,24528.658780631962,24516.275687629113,41.67253645847212,-3.0143948726799863,-3.6337911624332544,24521.945,24531.778,24523.543993831685,24529.924836431434,24513.965163568566,60.48387096775259,65.35190065122187,4.457142857142961,-39.51612903224741,-48.672921177170906,99.9951063053217,-0.004893694678299073
2025-09-17 06:35:00,24520.05,24520.15,24517.25,24517.65,170,150,0,0.0,0.0,0.0,0.0,1.0,0.0,0.0,0.0,0.0,1.0,0.0,0.0,0.0,1.0,1.0,0.0,0.0,0.0,0.0,0.0,0.0,0.0,0.0,0.0,0.0,0,0,0,0,0.0,0.0,0.0,0.0,1.0,0.0,0.0,0.0,0.0,0.0,1.0,0.0,1.0,1.0,1.0,1.0,0.0,0.0,0.0,0.0,0.0,0.0,0.0,0.0,1.0,1.0,1.0,1.0,0.0,0.0,0.0,0.0,1.0,0.0,0.0,0.0,15.108526000258223,24528.19663077797,24516.425267949322,38.35670730598575,-3.125976970051852,-3.5322282978441364,24521.315000000002,24531.388000000003,24522.98203873618,24528.482257421507,24514.147742578498,24.489795918384015,52.857888962047475,4.242857142857507,-75.51020408161598,-89.7327707454238,99.99592147202232,-0.004078527977682295
2025-09-17 06:40:00,24517.75,24521.35,24517.65,24520.25,178,150,0,0.0,0.0,0.0,0.0,0.0,0.0,0.0,0.0,0.0,0.0,1.0,0.0,0.0,0.0,1.0,1.0,0.0,0.0,0.0,0.0,0.0,0.0,0.0,0.0,0.0,0,0,0,0,0.0,0.0,0.0,0.0,0.0,1.0,0.0,0.0,0.0,0.0,0.0,1.0,1.0,1.0,1.0,1.0,0.0,0.0,0.0,0.0,0.0,0.0,0.0,0.0,1.0,1.0,1.0,1.0,0.0,0.0,0.0,0.0,0.0,1.0,0.0,0.0,51.629090880433516,24527.86394999224,24517.764149664297,43.400666346353255,-2.971288257285778,-3.420040266656725,24520.915,24531.022,24522.721583595136,24527.303237546155,24514.526762453846,38.46153846154205,41.14506844922622,3.907142857142909,-61.53846153845796,-41.914562898774975,100.00285486479157,0.0028548647915672496
2025-09-17 06:45:00,24520.15,24522.05,24518.25,24518.55,167,150,0,0.0,0.0,0.0,0.0,0.0,0.0,0.0,0.0,0.0,0.0,0.0,1.0,0.0,0.0,0.0,1.0,1.0,0.0,0.0,0.0,0.0,0.0,0.0,0.0,0.0,0,0,0,0,0.0,0.0,0.0,0.0,0.0,0.0,0.0,0.0,0.0,0.0,0.0,0.0,0.0,1.0,1.0,1.0,1.0,0.0,0.0,0.0,0.0,0.0,0.0,0.0,1.0,1.0,1.0,1.0,0.0,0.0,0.0,0.0,0.0,0.0,1.0,0.0,36.30916892460658,24527.47505729114,24518.79710098137,41.03630305578999,-2.9512523710436653,-3.326282672106258,24520.415,24530.548,24522.323929417984,24525.768709977674,24515.061290022328,16.666666666658895,26.53933368219499,3.9357142857141816,-83.3333333333411,-37.480511381383344,99.98083451418552,-0.019165485814485142
2025-09-17 06:50:00,24517.85,24519.85,24516.35,24516.55,146,150,0,0.0,0.0,0.0,0.0,0.0,0.0,0.0,0.0,0.0,0.0,0.0,0.0,1.0,1.0,0.0,0.0,1.0,0.0,0.0,0.0,0.0,0.0,0.0,0.0,0.0,0,0,0,0,0.0,0.0,0.0,0.0,0.0,0.0,0.0,0.0,0.0,0.0,0.0,0.0,0.0,0.0,1.0,1.0,1.0,1.0,0.0,0.0,0.0,0.0,0.0,0.0,1.0,1.0,1.0,1.0,0.0,0.0,0.0,0.0,0.0,0.0,0.0,1.0,23.83051318973942,24527.020049612256,24519.472798295395,38.38679398925986,-3.060817906520242,-3.273189711999878,24519.98,24530.091999999997,24521.773579964945,24525.08772376935,24514.87227623065,2.2988505747208143,19.14235190097392,3.914285714285662,-97.70114942527918,-107.45614035115226,99.97675580340302,-0.023244196596971026
2025-09-17 06:55:00,24516.75,24519.25,24516.55,24517.75,149,150,0,0.0,0.0,0.0,0.0,0.0,0.0,0.0,0.0,0.0,0.0,0.0,0.0,0.0,0.0,1.0,0.0,0.0,0.0,0.0,0.0,0.0,0.0,0.0,0.0,0.0,0,0,0,0,0.0,0.0,0.0,0.0,0.0,0.0,0.0,0.0,0.0,0.0,0.0,0.0,0.0,0.0,0.0,1.0,1.0,1.0,1.0,0.0,0.0,0.0,0.0,0.0,1.0,1.0,1.0,1.0,0.0,0.0,0.0,0.0,0.0,0.0,0.0,0.0,41.82471300634423,24526.634906648425,24520.09188726752,40.85428948531338,-3.0163764291392,-3.2218270500186224,24519.81,24529.654,24521.39009728556,24524.9797093473,24514.640290652704,16.091954023003886,11.685823754794534,3.6214285714286234,-83.90804597699612,-88.16753926702093,99.98817323358067,-0.011826766419330056
2025-09-17 07:00:00,24517.85,24521.75,24516.35,24516.35,181,150,0,0.0,0.0,0.0,0.0,0.0,0.0,0.0,0.0,0.0,0.0,0.0,0.0,0.0,1.0,0.0,1.0,0.0,0.0,0.0,0.0,0.0,0.0,0.0,0.0,0.0,0,0,0,0,0.0,0.0,0.0,0.0,0.0,0.0,0.0,0.0,0.0,0.0,0.0,0.0,0.0,0.0,0.0,0.0,1.0,1.0,1.0,1.0,0.0,0.0,0.0,0.0,1.0,1.0,1.0,1.0,0.0,0.0,0.0,0.0,0.0,0.0,0.0,0.0,29.59118112338851,24526.20859327603,24520.474205836723,38.89710693612473,-3.058469859406614,-3.189155609143657,24519.995000000003,24529.138000000003,24520.90976550842,24524.273944778775,24515.71605522123,0.0,6.130268199241569,3.707142857142961,-100.0,-87.97609591919475,99.97064046600104,-0.029359533998955
2025-09-17 07:05:00,24516.25,24518.65,24514.25,24518.15,209,150,0,0.0,0.0,0.0,0.0,0.0,0.0,0.0,0.0,0.0,0.0,0.0,0.0,0.0,0.0,1.0,0.0,1.0,0.0,0.0,0.0,0.0,0.0,0.0,0.0,0.0,0,0,0,0,0.0,0.0,0.0,0.0,0.0,0.0,0.0,0.0,0.0,0.0,0.0,0.0,0.0,0.0,0.0,0.0,1.0,1.0,1.0,1.0,0.0,0.0,0.0,0.0,1.0,1.0,1.0,1.0,0.0,0.0,0.0,0.0,0.0,0.0,0.0,0.0,54.98439641418562,24525.875306254133,24521.383671229305,42.698057082570664,-2.9134346379469207,-3.134011411187598,24520.019999999997,24528.656000000003,24520.64677093169,24524.246781779228,24515.793218220766,36.11111111112702,17.401021711376973,3.664285714285922,-63.888888888872984,-144.32191913350897,99.982872767088,-0.01712723291200513
2025-09-17 07:10:00,24518.25,24520.05,24512.75,24512.75,238,150,0,1.0,0.0,0.0,0.0,0.0,0.0,0.0,0.0,0.0,0.0,0.0,0.0,0.0,1.0,0.0,1.0,0.0,0.0,0.0,0.0,0.0,0.0,0.0,0.0,0.0,0,0,0,0,0.0,0.0,0.0,0.0,0.0,0.0,0.0,0.0,0.0,0.0,0.0,0.0,0.0,0.0,0.0,0.0,1.0,1.0,1.0,1.0,0.0,0.0,0.0,0.0,1.0,1.0,1.0,1.0,0.0,0.0,0.0,0.0,0.0,0.0,0.0,0.0,20.96286713881912,24525.33363071239,24520.060253099156,35.5529056389727,-3.1961134280863917,-3.1464318152370634,24519.625,24527.976000000002,24519.89428391777,24524.940270949057,24514.309729050943,0.0,12.037037037042344,3.8928571428574026,-100.0,-189.66096005364795,99.9649285214721,-0.035071478527889145
2025-09-17 07:15:00,24512.65,24513.05,24507.15,24513.05,271,150,0,0.0,0.0,0.0,0.0,0.0,1.0,0.0,0.0,0.0,0.0,0.0,0.0,0.0,1.0,1.0,0.0,1.0,0.0,0.0,0.0,0.0,0.0,0.0,0.0,0.0,0,0,0,0,0.0,0.0,0.0,0.0,0.0,0.0,0.0,0.0,0.0,0.0,0.0,0.0,0.0,0.0,0.0,0.0,1.0,1.0,1.0,1.0,0.0,0.0,0.0,0.0,1.0,1.0,1.0,1.0,1.0,0.0,0.0,0.0,1.0,0.0,0.0,0.0,24.838380619164766,24524.827729799097,24518.83066567665,36.19174602569569,-3.3572713156936516,-3.1885997171473326,24519.295,24527.3,24519.24212304292,24525.369095124184,24513.220904875812,32.96089385474043,23.024001655289155,4.050000000000052,-67.03910614525958,-264.5669291339799,99.96452129232212,-0.03547870767788077
2025-09-17 07:20:00,24513.05,24516.05,24510.75,24511.65,237,150,0,0.0,0.0,0.0,0.0,0.0,0.0,1.0,0.0,0.0,1.0,0.0,0.0,0.0,1.0,1.0,1.0,0.0,0.0,0.0,0.0,0.0,0.0,0.0,0.0,0.0,0,0,0,0,0.0,0.0,0.0,0.0,0.0,0.0,0.0,0.0,0.0,0.0,0.0,0.0,0.0,0.0,0.0,0.0,1.0,1.0,1.0,1.0,0.0,0.0,0.0,0.0,1.0,1.0,1.0,1.0,0.0,1.0,0.0,0.0,1.0,1.0,0.0,0.0,18.491413758400412,24524.2860721208,24517.91919227791,34.47432694894317,-3.5566595650670934,-3.2622116892715405,24518.81,24526.872000000003,24518.5187382355,24525.688922804195,24511.931077195808,25.13966480447234,19.36685288640426,4.107142857142857,-74.86033519552765,-170.16253518550866,99.96533463294475,-0.034665367055258633
2025-09-17 07:25:00,24511.55,24513.55,24510.05,24511.55,130,150,0,0.0,0.0,0.0,0.0,0.0,0.0,0.0,1.0,0.0,1.0,1.0,0.0,0.0,1.0,1.0,1.0,1.0,0.0,0.0,0.0,0.0,0.0,0.0,0.0,0.0,0,0,0,0,0.0,0.0,0.0,0.0,0.0,0.0,0.0,0.0,0.0,0.0,0.0,0.0,0.0,0.0,0.0,0.0,1.0,1.0,1.0,1.0,0.0,0.0,0.0,0.0,1.0,1.0,1.0,1.0,0.0,0.0,1.0,0.0,1.0,1.0,1.0,0.0,17.998641883658777,24523.763555035846,24517.321703899805,34.3489444876644,-3.680282796416577,-3.345825913008884,24518.454999999998,24526.37,24517.854778597462,24526.062883722527,24510.84711627747,24.581005586582982,27.560521415265253,4.121428571428363,-75.41899441341701,-164.49189402934647,99.97511996459693,-0.024880035403075672
2025-09-17 07:30:00,24511.35,24515.25,24510.55,24511.55,187,150,0,0.0,0.0,0.0,0.0,0.0,0.0,0.0,0.0,1.0,1.0,1.0,1.0,0.0,1.0,1.0,1.0,1.0,0.0,0.0,0.0,0.0,0.0,0.0,0.0,0.0,0,0,0,0,0.0,0.0,0.0,0.0,0.0,0.0,0.0,0.0,0.0,0.0,0.0,0.0,0.0,0.0,0.0,0.0,1.0,1.0,1.0,1.0,0.0,0.0,0.0,0.0,1.0,1.0,1.0,1.0,0.0,0.0,0.0,1.0,1.0,1.0,1.0,1.0,17.998641883658777,24523.26338077045,24516.847498062984,34.3489444876644,-3.7351809200335993,-3.423696916133654,24518.055,24525.917999999998,24517.25410225953,24526.23983192759,24509.87016807241,29.139072847670473,26.286581079575267,4.171428571428415,-70.86092715232954,-126.54571712247353,99.96451912195022,-0.035480878049778154
2025-09-17 07:35:00,24511.35,24519.55,24510.75,24518.65,159,150,0,1.0,0.0,0.0,0.0,0.0,0.0,0.0,0.0,0.0,0.0,1.0,1.0,1.0,0.0,1.0,1.0,1.0,1.0,0.0,0.0,0.0,1.0,0.0,0.0,0.0,0,0,0,0,0.0,0.0,0.0,0.0,0.0,0.0,0.0,0.0,0.0,0.0,0.0,0.0,1.0,0.0,0.0,0.0,0.0,1.0,1.0,1.0,0.0,0.0,0.0,0.0,1.0,1.0,1.0,1.0,0.0,0.0,0.0,0.0,1.0,1.0,1.0,1.0,84.40187016510781,24523.074779348062,24517.740631456607,49.479003406154305,-3.170344674781518,-3.3730264669679575,24517.825,24525.507999999998,24517.38708921676,24525.64558686711,24510.00441313289,76.15894039735834,43.293006277203936,4.714285714285454,-23.841059602641668,-37.33630537752006,100.00040785446123,0.00040785446122296295
2025-09-17 07:40:00,24518.65,24521.15,24517.55,24517.85,153,150,0,0.0,1.0,0.0,0.0,0.0,0.0,0.0,0.0,0.0,0.0,0.0,1.0,1.0,0.0,0.0,1.0,1.0,0.0,1.0,0.0,0.0,1.0,1.0,0.0,0.0,0,0,0,0,0.0,0.0,0.0,0.0,0.0,0.0,0.0,0.0,0.0,0.0,0.0,0.0,0.0,1.0,0.0,0.0,1.0,0.0,1.0,1.0,0.0,0.0,0.0,0.0,1.0,1.0,1.0,1.0,0.0,0.0,0.0,0.0,1.0,1.0,1.0,1.0,74.24091857083776,24522.861538298053,24518.221836260327,48.132963819831396,-2.755381181192206,-3.2494974080667514,24517.605,24525.107999999997,24517.431189253923,24525.143944502324,24510.066055497675,71.81208053690375,59.036697927310854,4.678571428571429,-28.18791946309626,23.180990037500433,100.00530254052875,0.005302540528741901
2025-09-17 07:45:00,24518.05,24519.65,24515.05,24515.35,161,150,0,0.0,0.0,1.0,0.0,0.0,0.0,0.0,0.0,0.0,0.0,0.0,0.0,1.0,0.0,0.0,0.0,1.0,0.0,0.0,1.0,0.0,0.0,1.0,1.0,0.0,0,0,0,0,0.0,0.0,0.0,0.0,0.0,0.0,0.0,0.0,0.0,0.0,0.0,0.0,0.0,0.0,1.0,0.0,1.0,1.0,0.0,1.0,0.0,0.0,0.0,0.0,1.0,1.0,1.0,1.0,0.0,0.0,0.0,0.0,1.0,1.0,1.0,1.0,47.45898063693982,24522.55545585705,24518.202411544487,44.095864318443454,-2.597959238129988,-3.1191897726059032,24517.34,24524.768000000004,24517.232926671408,24524.800464215743,24509.879535784257,55.0335570469684,67.66819266041016,4.800000000000052,-44.9664429530316,-22.406938923115927,99.99021117353753,-0.009788826462466805
2025-09-17 07:50:00,24515.55,24518.05,24515.55,24516.25,129,150,0,0.0,0.0,0.0,1.0,0.0,0.0,0.0,0.0,0.0,0.0,0.0,0.0,0.0,0.0,0.0,0.0,0.0,0.0,0.0,0.0,1.0,0.0,0.0,1.0,1.0,0,0,0,0,0.0,0.0,0.0,0.0,0.0,0.0,0.0,0.0,0.0,0.0,0.0,0.0,0.0,0.0,0.0,1.0,1.0,1.0,1.0,0.0,0.0,0.0,0.0,0.0,1.0,1.0,1.0,1.0,0.0,0.0,0.0,0.0,0.0,1.0,1.0,1.0,56.025317273224104,24522.298912412047,24518.10202737603,45.85646411543211,-2.3733289457923092,-2.970017605893735,24516.975,24524.418,24517.139291498184,24523.847332018096,24510.1026679819,61.07382550335488,62.63982102907568,4.72857142857174,-38.92617449664512,-18.133333333302712,99.99959210893955,-0.000407891060449638
2025-09-17 07:55:00,24516.15,24518.35,24515.75,24518.25,74,150,0,0.0,0.0,0.0,0.0,1.0,0.0,0.0,0.0,0.0,0.0,0.0,0.0,0.0,0.0,0.0,0.0,0.0,0.0,0.0,0.0,0.0,1.0,0.0,0.0,1.0,0,0,0,0,0.0,0.0,0.0,0.0,0.0,0.0,0.0,0.0,0.0,0.0,0.0,0.0,1.0,0.0,0.0,0.0,0.0,1.0,1.0,1.0,0.0,0.0,0.0,0.0,1.0,1.0,1.0,1.0,0.0,0.0,0.0,0.0,0.0,0.0,1.0,1.0,71.50920366595827,24522.134420421007,24518.051736828533,49.651171152477644,-2.01097375399695,-2.7782088341262567,24516.77,24523.988,24517.245096886225,24523.19744117037,24510.34255882963,76.02739726027158,64.04492660353162,4.642857142857403,-23.972602739728416,9.977955679320303,100.00040786111512,0.0004078611151271397
2025-09-17 08:00:00,24518.55,24520.65,24516.25,24519.05,275,150,0,0.0,0.0,0.0,0.0,0.0,0.0,0.0,0.0,0.0,0.0,0.0,0.0,0.0,0.0,0.0,0.0,0.0,0.0,0.0,0.0,0.0,1.0,1.0,0.0,0.0,0,0,0,0,0.0,0.0,0.0,0.0,0.0,0.0,0.0,0.0,0.0,0.0,0.0,0.0,1.0,1.0,0.0,0.0,0.0,0.0,1.0,1.0,0.0,0.0,0.0,0.0,1.0,1.0,1.0,1.0,0.0,0.0,0.0,0.0,0.0,0.0,0.0,1.0,76.47848705730203,24522.00928859231,24517.273221203515,51.126700899260385,-1.6404280037095305,-2.550652666725451,24516.655,24523.575999999997,24517.417027155956,24522.81410964162,24510.49589035838,81.50684931506167,72.86935735956273,4.707142857143221,-18.493150684938335,52.238805970052006,100.02570091075052,0.02570091075052482
2025-09-17 08:05:00,24519.15,24525.85,24508.55,24524.85,366,150,0,1.0,0.0,0.0,0.0,0.0,0.0,0.0,0.0,0.0,0.0,0.0,0.0,0.0,0.0,0.0,0.0,0.0,1.0,0.0,0.0,0.0,1.0,1.0,1.0,0.0,0,0,0,0,0.0,0.0,0.0,0.0,0.0,0.0,0.0,0.0,0.0,0.0,0.0,0.0,1.0,1.0,1.0,0.0,0.0,0.0,0.0,1.0,1.0,0.0,0.0,0.0,0.0,1.0,1.0,1.0,0.0,0.0,0.0,0.0,1.0,0.0,0.0,0.0,91.88013572214332,24522.124377641176,24518.3918549845,60.22723822462495,-0.8693168552563293,-2.2143855028741437,24516.809999999998,24523.278,24518.125058752048,24523.629600235126,24509.99039976487,94.65240641711146,84.06221766414824,5.75000000000026,-5.347593582888533,91.1152339724189,100.048137624653,0.04813762465298799
2025-09-17 08:10:00,24524.75,24526.05,24517.35,24518.35,319,150,0,1.0,0.0,0.0,0.0,0.0,0.0,0.0,0.0,0.0,0.0,0.0,0.0,0.0,0.0,0.0,0.0,0.0,0.0,1.0,0.0,0.0,0.0,1.0,1.0,1.0,0,0,0,0,0.0,0.0,0.0,0.0,0.0,0.0,0.0,0.0,0.0,0.0,0.0,0.0,1.0,1.0,1.0,1.0,0.0,0.0,0.0,0.0,0.0,1.0,0.0,0.0,1.0,0.0,1.0,1.0,0.0,0.0,0.0,0.0,1.0,1.0,0.0,0.0,43.73735891695741,24521.971660185343,24518.263397469007,49.175840332157314,-0.7731934503062803,-1.9261470912925478,24516.72,24522.772,24518.146485271576,24523.400088243874,24510.03991175613,59.259259259250705,78.47283833047462,5.985714285714494,-40.740740740749295,115.40822590543716,100.02733394120753,0.027333941207536374
2025-09-17 08:15:00,24518.25,24519.55,24502.35,24506.25,423,150,0,1.0,0.0,0.0,0.0,0.0,0.0,0.0,0.0,0.0,1.0,0.0,0.0,0.0,1.0,0.0,0.0,0.0,0.0,0.0,1.0,0.0,0.0,0.0,1.0,1.0,0,0,0,0,0.0,0.0,0.0,0.0,0.0,0.0,0.0,0.0,0.0,0.0,0.0,0.0,0.0,1.0,1.0,1.0,1.0,0.0,0.0,0.0,0.0,0.0,1.0,0.0,1.0,1.0,0.0,1.0,1.0,0.0,0.0,0.0,1.0,1.0,1.0,0.0,17.757067300463518,24521.336327839297,24515.344808884303,35.950966572459535,-1.6532870230112167,-1.871575077474515,24516.15,24522.024000000005,24517.013317118224,24524.283362093618,24508.016637906385,16.455696202537283,56.78912062629982,6.900000000000156,-83.54430379746272,-181.54278913780712,99.97837754038402,-0.02162245961597399
2025-09-17 08:20:00,24506.35,24515.35,24506.35,24510.25,462,150,0,0.0,0.0,0.0,0.0,0.0,0.0,0.0,0.0,0.0,0.0,1.0,0.0,0.0,0.0,1.0,0.0,0.0,0.0,0.0,0.0,1.0,0.0,0.0,0.0,1.0,0,0,0,0,0.0,0.0,0.0,0.0,0.0,0.0,0.0,0.0,0.0,0.0,0.0,0.0,0.0,0.0,1.0,1.0,1.0,1.0,0.0,0.0,0.0,0.0,0.0,1.0,1.0,1.0,1.0,0.0,1.0,1.0,0.0,0.0,1.0,1.0,1.0,1.0,36.46981183371941,24520.88885018679,24513.824018594994,41.547300521021384,-2.0051921054982813,-1.8982984831426408,24515.65,24521.356,24516.369104465135,24523.94990488205,24507.350095117952,33.33333333333845,36.34942959837548,7.028571428571532,-66.66666666666154,-124.77802770218095,99.99469637783005,-0.005303622169953644
2025-09-17 08:25:00,24510.35,24511.75,24508.15,24509.85,299,150,0,0.0,0.0,0.0,0.0,0.0,0.0,0.0,0.0,0.0,0.0,0.0,1.0,0.0,0.0,0.0,1.0,0.0,0.0,0.0,0.0,0.0,0.0,0.0,0.0,0.0,0,0,0,0,0.0,0.0,0.0,0.0,0.0,0.0,0.0,0.0,0.0,0.0,0.0,0.0,0.0,0.0,0.0,1.0,1.0,1.0,1.0,0.0,0.0,0.0,0.0,0.0,1.0,1.0,1.0,1.0,1.0,1.0,1.0,0.0,1.0,1.0,1.0,1.0,35.26619363135559,24520.44379949651,24512.103425232424,41.15999734051096,-2.2899230944422015,-1.976623405551146,24515.215,24520.76,24515.74816131618,24523.78257043486,24506.64742956514,31.645569620252196,27.144866385375977,6.86428571428587,-68.35443037974781,-121.49567004258708,99.96410895379638,-0.035891046203616064
2025-09-17 08:30:00,24509.75,24510.75,24507.35,24510.25,288,150,0,0.0,0.0,0.0,0.0,0.0,1.0,0.0,0.0,0.0,0.0,0.0,0.0,1.0,0.0,0.0,0.0,1.0,0.0,0.0,0.0,0.0,0.0,0.0,0.0,0.0,0,0,0,0,0.0,0.0,0.0,0.0,0.0,0.0,0.0,0.0,0.0,0.0,0.0,0.0,0.0,0.0,0.0,0.0,1.0,1.0,1.0,1.0,0.0,0.0,0.0,0.0,1.0,1.0,1.0,1.0,1.0,1.0,1.0,1.0,1.0,1.0,1.0,1.0,38.31966067988946,24520.033270536635,24510.816219008346,41.74482438966268,-2.4550190022237075,-2.0723025250308713,24514.9,24520.174,24515.224468869023,24523.720430828387,24506.079569171616,33.33333333333845,32.77074542897637,6.72857142857174,-66.66666666666154,-113.51919685247773,99.96900217596568,-0.030997824034320078
2025-09-17 08:35:00,24510.35,24512.05,24506.65,24511.25,314,150,0,0.0,0.0,0.0,0.0,0.0,0.0,1.0,0.0,0.0,0.0,0.0,0.0,0.0,0.0,0.0,0.0,0.0,0.0,0.0,0.0,0.0,0.0,0.0,0.0,0.0,0,0,0,0,0.0,0.0,0.0,0.0,0.0,0.0,0.0,0.0,0.0,0.0,0.0,0.0,1.0,0.0,0.0,0.0,0.0,1.0,1.0,1.0,0.0,0.0,0.0,0.0,1.0,1.0,1.0,1.0,1.0,1.0,1.0,1.0,1.0,1.0,1.0,1.0,47.590215655032466,24519.67992038591,24510.370544938007,43.26308109321607,-2.476675618025183,-2.1531771437279295,24514.575,24519.604,24514.84591006756,24523.432200460546,24505.717799539456,37.55274261603874,34.177215189876456,6.86428571428587,-62.44725738396125,-90.5037534251478,99.98327578435551,-0.01672421564447803
2025-09-17 08:40:00,24511.35,24515.65,24508.05,24514.15,269,150,0,0.0,0.0,0.0,0.0,0.0,0.0,0.0,1.0,0.0,0.0,0.0,0.0,0.0,0.0,0.0,0.0,0.0,0.0,0.0,0.0,0.0,0.0,0.0,0.0,0.0,0,0,0,0,0.0,0.0,0.0,0.0,0.0,0.0,0.0,0.0,0.0,0.0,0.0,0.0,1.0,1.0,0.0,0.0,0.0,0.0,1.0,1.0,0.0,0.0,0.0,0.0,1.0,1.0,1.0,1.0,1.0,1.0,1.0,1.0,1.0,1.0,1.0,1.0,68.30957434516597,24519.457677609993,24510.635427427667,47.533545349313435,-2.23424373074522,-2.169390461147136,24514.465,24519.284000000003,24514.779626905234,24523.283944918297,24505.646055081703,49.78902953587573,40.225035161750974,7.071428571428831,-50.21097046412427,-34.642797944533825,99.99143425279152,-0.008565747208478233
2025-09-17 08:45:00,24514.05,24518.85,24513.65,24515.75,291,150,0,0.0,1.0,0.0,0.0,0.0,0.0,0.0,0.0,1.0,0.0,0.0,0.0,0.0,0.0,0.0,0.0,0.0,0.0,0.0,0.0,0.0,1.0,0.0,0.0,0.0,0,0,0,0,0.0,0.0,0.0,0.0,0.0,0.0,0.0,0.0,0.0,0.0,0.0,0.0,1.0,1.0,1.0,0.0,0.0,0.0,0.0,1.0,0.0,0.0,0.0,0.0,1.0,1.0,1.0,1.0,1.0,1.0,1.0,1.0,1.0,1.0,1.0,1.0,76.12185402839049,24519.308814126995,24511.158222494803,49.7794805008153,-1.8912918366113445,-2.113770736196757,24514.345,24519.028000000002,24514.8720509764,24523.01690867101,24505.673091328994,56.54008438819006,47.960618846701514,6.814285714285818,-43.45991561180994,35.737098672064135,99.98980351370918,-0.010196486290824182
2025-09-17 08:50:00,24515.65,24516.75,24512.75,24515.85,261,150,0,0.0,0.0,1.0,0.0,0.0,0.0,0.0,0.0,0.0,0.0,0.0,0.0,0.0,0.0,0.0,0.0,0.0,0.0,0.0,0.0,0.0,1.0,1.0,0.0,0.0,0,0,0,0,0.0,0.0,0.0,0.0,0.0,0.0,0.0,0.0,0.0,0.0,0.0,0.0,1.0,1.0,1.0,1.0,0.0,0.0,0.0,0.0,0.0,0.0,0.0,0.0,1.0,1.0,1.0,1.0,1.0,1.0,1.0,1.0,1.0,1.0,1.0,1.0,76.66123892888913,24519.170072165085,24512.062390237592,49.92376241188254,-1.5930718955605698,-2.009630968004781,24514.5,24518.691999999995,24514.965195895657,24523.162684645158,24505.837315354842,56.962025316453946,54.43037974683991,6.842857142857091,-43.037974683546054,16.32172303552456,99.98694892338814,-0.013051076611861912
2025-09-17 08:55:00,24516.05,24518.75,24515.15,24517.25,191,150,0,0.0,0.0,0.0,1.0,0.0,0.0,0.0,0.0,0.0,0.0,0.0,0.0,0.0,0.0,0.0,0.0,0.0,1.0,0.0,0.0,0.0,1.0,1.0,1.0,0.0,0,0,0,0,0.0,0.0,0.0,0.0,0.0,0.0,0.0,0.0,0.0,0.0,0.0,0.0,1.0,1.0,1.0,1.0,0.0,0.0,0.0,0.0,0.0,0.0,0.0,0.0,1.0,1.0,1.0,1.0,1.0,1.0,1.0,1.0,1.0,1.0,1.0,1.0,84.1703530598729,24519.09312213088,24513.190550748965,52.00278607771661,-1.2296524287157808,-1.8536352600694004,24514.71,24518.356,24515.182810907718,24523.428135966773,24505.991864033225,62.86919831224049,58.79043600562817,6.77142857142826,-37.1308016877595,50.15566731669198,99.96901102351289,-0.03098897648710816
2025-09-17 09:00:00,24517.35,24523.85,24515.85,24516.35,522,150,0,0.0,0.0,0.0,0.0,1.0,0.0,0.0,0.0,0.0,0.0,0.0,0.0,0.0,0.0,0.0,0.0,0.0,0.0,1.0,0.0,0.0,0.0,1.0,1.0,1.0,0,0,0,0,0.0,0.0,0.0,0.0,0.0,0.0,0.0,0.0,0.0,0.0,0.0,0.0,1.0,1.0,1.0,1.0,0.0,0.0,0.0,0.0,0.0,0.0,0.0,0.0,1.0,1.0,1.0,1.0,1.0,1.0,1.0,1.0,1.0,1.0,1.0,1.0,64.23974851383029,24518.983281589608,24514.011544421453,50.549849147196134,-1.0026663957105484,-1.683441487129917,24514.945,24518.01,24515.29397853146,24523.568706615362,24506.321293384637,59.071729957804095,59.63431786216618,7.149999999999636,-40.928270042195905,76.35385132853798,99.99184284423707,-0.008157155762928582
2025-09-17 09:05:00,24516.55,24519.85,24514.55,24515.15,393,150,0,0.0,0.0,0.0,0.0,0.0,0.0,0.0,0.0,0.0,0.0,0.0,0.0,0.0,0.0,0.0,0.0,0.0,0.0,0.0,1.0,0.0,0.0,0.0,1.0,1.0,0,0,0,0,0.0,0.0,0.0,0.0,0.0,0.0,0.0,0.0,0.0,0.0,0.0,0.0,1.0,1.0,1.0,1.0,0.0,0.0,0.0,0.0,0.0,0.0,0.0,0.0,1.0,1.0,1.0,1.0,1.0,1.0,1.0,1.0,1.0,1.0,1.0,1.0,43.59440628724035,24518.829915459894,24514.613587938995,48.60009139023487,-0.9090815193121671,-1.5285694935170733,24515.125,24517.708,24515.280265536156,24523.59932655287,24506.65067344713,54.008438818576025,58.64978902954021,7.342857142856831,-45.991561181423975,29.086555391155088,100.03631726600358,0.03631726600357646
2025-09-17 09:10:00,24514.85,24521.65,24508.85,24520.65,439,150,0,1.0,0.0,0.0,0.0,0.0,0.0,0.0,0.0,0.0,0.0,0.0,0.0,0.0,0.0,0.0,0.0,0.0,1.0,0.0,0.0,1.0,1.0,0.0,0.0,1.0,0,0,0,0,0.0,0.0,0.0,0.0,0.0,0.0,0.0,0.0,0.0,0.0,0.0,0.0,1.0,1.0,1.0,1.0,0.0,0.0,0.0,0.0,1.0,0.0,0.0,0.0,0.0,1.0,1.0,1.0,1.0,1.0,1.0,1.0,1.0,1.0,1.0,1.0,82.42534153497573,24518.902677666105,24516.301556043385,56.82067687460449,-0.38685342546523316,-1.3002262798485622,24515.58,24517.556,24515.791694268057,24524.221661633503,24506.9383383665,77.21518987342763,63.43178621660258,7.942857142856935,-22.78481012657237,36.753445635541254,100.04243122775168,0.04243122775166086
2025-09-17 09:15:00,24520.55,24521.25,24515.85,24516.65,345,150,0,0.0,0.0,0.0,0.0,0.0,0.0,0.0,0.0,0.0,0.0,0.0,0.0,0.0,0.0,0.0,0.0,0.0,0.0,1.0,0.0,0.0,0.0,1.0,0.0,0.0,0,0,0,0,0.0,0.0,0.0,0.0,0.0,0.0,0.0,0.0,0.0,0.0,0.0,0.0,0.0,1.0,1.0,1.0,1.0,0.0,0.0,0.0,0.0,1.0,0.0,0.0,1.0,0.0,1.0,1.0,0.0,1.0,1.0,1.0,1.0,1.0,1.0,1.0,47.073096249475185,24518.81269006406,24516.709136105346,50.49546905735548,-0.2922473241123953,-1.098630488660263,24515.48,24517.318,24515.873441351563,24524.01774282993,24506.94225717007,60.337552742626464,63.8537271448767,7.092857142857091,-39.66244725737354,52.989616899421215,100.0277439478414,0.027743947841389935
2025-09-17 09:20:00,24516.55,24525.85,24516.35,24525.55,345,150,0,1.0,0.0,0.0,0.0,0.0,0.0,0.0,0.0,0.0,0.0,0.0,0.0,0.0,0.0,0.0,0.0,0.0,0.0,0.0,1.0,0.0,1.0,0.0,1.0,0.0,0,0,0,0,0.0,0.0,0.0,0.0,0.0,0.0,0.0,0.0,0.0,0.0,0.0,0.0,1.0,0.0,1.0,1.0,0.0,1.0,0.0,0.0,1.0,0.0,1.0,0.0,0.0,1.0,0.0,1.0,0.0,0.0,1.0,1.0,1.0,1.0,1.0,1.0,78.23240956864957,24519.081628382242,24519.384107050617,60.91964238422258,0.49489851406542584,-0.7799246880631882,24515.865,24517.324,24516.795055907427,24525.47930403637,24506.250695963634,98.72340425532225,78.75871562379211,7.149999999999896,-1.276595744677755,143.2007146293025,100.06242286390388,0.06242286390387398
2025-09-17 09:25:00,24525.65,24528.55,24523.35,24524.65,361,150,0,0.0,0.0,0.0,0.0,0.0,0.0,0.0,0.0,0.0,0.0,0.0,0.0,0.0,0.0,0.0,0.0,0.0,0.0,0.0,0.0,1.0,1.0,1.0,0.0,1.0,0,0,0,0,0.0,0.0,0.0,0.0,0.0,0.0,0.0,0.0,0.0,0.0,0.0,0.0,1.0,1.0,0.0,1.0,0.0,0.0,1.0,0.0,1.0,1.0,0.0,1.0,0.0,0.0,1.0,0.0,0.0,0.0,0.0,1.0,1.0,1.0,1.0,1.0,71.81892502856934,24519.303749356477,24521.419392432792,59.55397599272565,1.034196217162389,-0.4171005069707713,24516.329999999998,24517.394,24517.543173393053,24526.708642036643,24505.951357963353,82.43243243244284,80.49779647679719,6.292857142857039,-17.56756756755716,177.5875315552378,100.0546687745423,0.05466877454230794
2025-09-17 09:30:00,24524.25,24525.35,24516.15,24522.85,439,150,0,0.0,0.0,0.0,0.0,0.0,0.0,0.0,0.0,0.0,0.0,0.0,0.0,0.0,0.0,0.0,0.0,0.0,0.0,0.0,0.0,0.0,0.0,1.0,1.0,0.0,0,0,0,0,0.0,0.0,0.0,0.0,0.0,0.0,0.0,0.0,0.0,0.0,0.0,0.0,1.0,1.0,1.0,0.0,0.0,0.0,0.0,1.0,1.0,1.0,1.0,0.0,0.0,0.0,0.0,1.0,0.0,0.0,0.0,0.0,1.0,1.0,1.0,1.0,57.6423773119561,24519.445113133646,24522.610517820245,56.81092539189188,1.3013930855886429,-0.07340178842304204,24516.659999999996,24517.598,24518.048602304494,24527.43988379971,24505.880116200282,73.9726027397201,85.04281314249506,6.299999999999792,-26.027397260279887,91.54175588868554,100.03548970696514,0.03548970696514907
2025-09-17 09:35:00,24522.85,24528.35,24522.85,24527.25,344,150,0,0.0,0.0,0.0,0.0,0.0,0.0,0.0,0.0,0.0,0.0,0.0,0.0,0.0,0.0,0.0,0.0,0.0,0.0,0.0,0.0,0.0,1.0,0.0,1.0,1.0,1,0,1,0,0.0,0.0,0.0,0.0,0.0,0.0,0.0,0.0,0.0,0.0,0.0,0.0,1.0,1.0,1.0,1.0,0.0,0.0,0.0,0.0,1.0,1.0,1.0,1.0,0.0,0.0,0.0,0.0,0.0,0.0,0.0,0.0,0.0,1.0,1.0,1.0,75.42739291176153,24519.756037202245,24524.769118026903,61.48137497511038,1.8467913029453484,0.310636829882679,24517.109999999997,24517.79,24518.924952333567,24528.875677111548,24505.344322888446,94.06392694064199,83.48965403760165,6.435714285714182,-5.936073059358,152.47291759649093,100.04690861996879,0.04690861996879557
2025-09-17 09:40:00,24527.55,24529.65,24523.75,24528.35,295,150,0,0.0,0.0,0.0,0.0,0.0,0.0,0.0,0.0,0.0,0.0,0.0,0.0,0.0,0.0,0.0,0.0,0.0,0.0,0.0,0.0,0.0,1.0,1.0,0.0,1.0,0,0,0,0,1.0,0.0,0.0,0.0,0.0,0.0,1.0,0.0,0.0,0.0,0.0,0.0,1.0,1.0,1.0,1.0,0.0,0.0,0.0,0.0,1.0,1.0,1.0,1.0,0.0,0.0,0.0,0.0,0.0,0.0,0.0,0.0,0.0,0.0,1.0,1.0,78.77012371969104,24520.09818315402,24526.758170841968,62.571099076137386,2.340773031941353,0.716664070321516,24517.575,24517.944,24519.822600423227,24530.35489786627,24504.795102133732,94.34782608694387,87.4614519224353,6.61428571428561,-5.652173913056132,148.3911392871999,100.05098742242265,0.050987422422636784
2025-09-17 09:45:00,24529.05,24529.75,24526.55,24527.85,255,150,0,0.0,0.0,0.0,0.0,0.0,0.0,0.0,0.0,0.0,0.0,0.0,0.0,0.0,0.0,0.0,0.0,0.0,0.0,0.0,0.0,0.0,1.0,1.0,1.0,0.0,0,0,0,0,0.0,1.0,0.0,0.0,0.0,0.0,0.0,1.0,0.0,0.0,0.0,0.0,0.0,1.0,1.0,1.0,1.0,0.0,0.0,0.0,1.0,1.0,1.0,1.0,0.0,0.0,0.0,0.0,0.0,0.0,0.0,0.0,0.0,0.0,0.0,1.0,72.08423646844992,24520.406617251985,24528.554622933865,61.71640944682368,2.661242350779503,1.1055797264338811,24517.725,24518.107999999997,24520.587133549976,24530.927850569347,24504.52214943065,91.24423963132999,93.21866421963863,6.457142857142961,-8.755760368670007,139.9397388684512,100.04323486524794,0.04323486524793174
2025-09-17 09:50:00,24527.75,24533.25,24527.35,24529.85,306,150,0,0.0,0.0,0.0,0.0,0.0,0.0,0.0,0.0,0.0,0.0,0.0,0.0,0.0,0.0,0.0,0.0,0.0,1.0,0.0,0.0,0.0,1.0,1.0,1.0,1.0,0,0,0,0,0.0,0.0,1.0,0.0,0.0,0.0,0.0,0.0,1.0,0.0,0.0,0.0,0.0,0.0,1.0,1.0,1.0,1.0,0.0,0.0,1.0,1.0,1.0,1.0,0.0,0.0,0.0,0.0,0.0,0.0,0.0,0.0,0.0,0.0,0.0,0.0,81.50380724977504,24520.782141272994,24529.975332515485,63.8438688363283,3.0414975878593395,1.4927632987355133,24518.3,24518.278000000002,24521.469331019387,24532.575558796278,24504.02444120372,86.06557377048667,90.55254649625351,6.335714285714338,-13.934426229513331,145.7754699512988,100.0550652931615,0.055065293161502424
2025-09-17 09:55:00,24529.65,24533.25,24527.75,24531.25,291,150,0,0.0,0.0,0.0,0.0,0.0,0.0,0.0,0.0,0.0,0.0,0.0,0.0,0.0,0.0,0.0,0.0,0.0,1.0,1.0,0.0,0.0,1.0,1.0,1.0,1.0,0,0,0,0,0.0,0.0,0.0,0.0,0.0,0.0,0.0,0.0,0.0,0.0,0.0,0.0,0.0,0.0,0.0,1.0,1.0,1.0,1.0,0.0,1.0,1.0,1.0,1.0,0.0,0.0,0.0,0.0,0.0,0.0,0.0,0.0,0.0,0.0,0.0,0.0,86.34261571417441,24521.198175557358,24531.50394176139,65.29762168695737,3.416410681234993,1.8774927752485575,24519.55,24518.53,24522.40084213511,24533.760892782753,24505.339107217245,91.80327868852508,89.70436403011392,6.357142857143117,-8.19672131147492,131.72134559357312,100.06567367525794,0.06567367525794679
2025-09-17 10:00:00,24531.35,24534.25,24524.35,24533.75,914,150,0,0.0,0.0,0.0,0.0,0.0,0.0,0.0,0.0,0.0,0.0,0.0,0.0,0.0,0.0,0.0,0.0,0.0,1.0,1.0,1.0,0.0,1.0,1.0,1.0,1.0,0,0,0,0,0.0,0.0,0.0,0.0,0.0,0.0,0.0,0.0,0.0,0.0,0.0,0.0,1.0,0.0,0.0,0.0,0.0,1.0,1.0,1.0,1.0,1.0,1.0,1.0,0.0,0.0,0.0,0.0,0.0,0.0,0.0,0.0,0.0,0.0,0.0,0.0,91.96975844074632,24521.696771515675,24533.165521694234,67.78830686137078,3.8705984890075342,2.276113918011252,24520.725,24518.814000000002,24523.4817340834,24535.570148064315,24505.879851935682,98.03149606299225,91.96678284066799,6.778571428571793,-1.9685039370077613,115.6000217498265,100.0534243586528,0.053424358652803025
2025-09-17 10:05:00,24534.25,24538.15,24528.85,24535.75,671,150,0,0.0,0.0,0.0,0.0,0.0,0.0,0.0,0.0,0.0,0.0,0.0,0.0,0.0,0.0,0.0,0.0,0.0,1.0,1.0,1.0,1.0,1.0,1.0,1.0,1.0,0,0,0,0,0.0,0.0,0.0,0.0,0.0,0.0,0.0,0.0,0.0,0.0,0.0,0.0,1.0,1.0,0.0,0.0,0.0,0.0,1.0,1.0,1.0,1.0,1.0,1.0,0.0,0.0,0.0,0.0,0.0,0.0,0.0,0.0,0.0,0.0,0.0,0.0,94.6265392605769,24522.254724677114,24534.945076833672,69.66412524858892,4.341844901882723,2.6892601147945827,24522.02,24519.064000000002,24524.650159697536,24537.380523565604,24506.659476434397,91.80887372013237,93.88121615721657,7.185714285714961,-8.191126279867635,135.79335793359346,100.07790623922925,0.07790623922925255
2025-09-17 10:10:00,24535.85,24538.05,24531.25,24531.85,600,150,0,0.0,0.0,0.0,0.0,0.0,0.0,0.0,0.0,0.0,0.0,0.0,0.0,0.0,0.0,0.0,0.0,0.0,0.0,1.0,1.0,1.0,0.0,1.0,1.0,1.0,0,0,0,0,0.0,0.0,0.0,0.0,0.0,0.0,0.0,0.0,0.0,0.0,0.0,0.0,0.0,1.0,1.0,0.0,1.0,0.0,0.0,1.0,1.0,1.0,1.0,1.0,0.0,0.0,0.0,0.0,0.0,0.0,0.0,0.0,0.0,0.0,0.0,0.0,48.08925493205734,24522.635498914515,24535.499357567103,62.07310733089725,4.35051822785681,3.0215117374128417,24523.1,24519.256,24525.335869041068,24538.006798166538,24508.19320183346,78.49829351535055,89.44622109949171,7.100000000000624,-21.501706484649436,117.13133438539728,100.02568749732421,0.02568749732421606
2025-09-17 10:15:00,24531.35,24535.85,24529.75,24535.55,539,150,0,0.0,0.0,0.0,0.0,0.0,0.0,0.0,0.0,0.0,0.0,0.0,0.0,0.0,0.0,0.0,0.0,0.0,0.0,0.0,1.0,1.0,0.0,0.0,1.0,1.0,0,0,0,0,0.0,0.0,0.0,0.0,0.0,0.0,0.0,0.0,0.0,0.0,0.0,0.0,0.0,0.0,1.0,1.0,1.0,1.0,0.0,0.0,1.0,1.0,1.0,1.0,0.0,0.0,0.0,0.0,0.0,0.0,0.0,0.0,0.0,0.0,0.0,0.0,69.46190564209972,24523.147752046196,24537.440999483486,65.87252301528919,4.602840857722185,3.337777561479138,24524.315,24519.554,24526.308656596437,24539.115892576177,24509.51410742382,91.12627986347465,87.1444823663192,7.157142857143429,-8.873720136525339,105.87191768671967,100.0444450787269,0.04444507872690463
2025-09-17 10:20:00,24535.35,24542.85,24534.85,24541.75,550,150,0,1.0,0.0,0.0,0.0,0.0,0.0,0.0,0.0,0.0,0.0,0.0,0.0,0.0,0.0,0.0,0.0,0.0,1.0,0.0,0.0,1.0,1.0,0.0,0.0,1.0,0,0,0,0,0.0,0.0,0.0,0.0,0.0,0.0,0.0,0.0,0.0,0.0,0.0,0.0,1.0,0.0,0.0,1.0,0.0,1.0,1.0,0.0,1.0,1.0,1.0,1.0,0.0,0.0,0.0,0.0,0.0,0.0,0.0,0.0,1.0,0.0,0.0,0.0,84.99254614707607,24523.885278064543,24540.36315534612,71.09745135233922,5.242583895280404,3.7187388282436573,24525.695,24519.917999999998,24527.77927875521,24541.610100409725,24509.779899590274,95.92592592593131,88.5168331015855,6.814285714286078,-4.074074074068684,153.65836646441167,100.07707097666054,0.07707097666054906
2025-09-17 10:25:00,24541.85,24548.35,24541.05,24547.55,505,150,0,1.0,0.0,0.0,0.0,0.0,0.0,0.0,0.0,0.0,0.0,0.0,0.0,0.0,0.0,0.0,0.0,0.0,1.0,1.0,0.0,0.0,1.0,1.0,0.0,0.0,0,0,0,0,0.0,0.0,0.0,0.0,0.0,0.0,0.0,0.0,0.0,0.0,0.0,0.0,1.0,1.0,0.0,0.0,0.0,0.0,1.0,1.0,1.0,1.0,1.0,1.0,0.0,0.0,0.0,0.0,1.0,0.0,0.0,0.0,1.0,1.0,0.0,0.0,91.24231804339162,24524.82311208543,24543.85523954027,74.95967257995066,6.14667175100476,4.2043254128002285,24527.284999999996,24520.422000000002,24529.662225468932,24545.23994654022,24509.330053459773,97.5155279503126,94.85591124657286,6.950000000000208,-2.484472049687406,186.54584047674686,100.08276508781049,0.08276508781049352
2025-09-17 10:30:00,24547.35,24552.05,24545.25,24551.75,474,150,0,0.0,0.0,0.0,0.0,0.0,0.0,0.0,0.0,0.0,0.0,0.0,0.0,0.0,0.0,0.0,0.0,0.0,1.0,1.0,1.0,0.0,1.0,1.0,1.0,0.0,0,0,0,0,0.0,0.0,0.0,0.0,0.0,0.0,0.0,0.0,0.0,0.0,0.0,0.0,1.0,1.0,1.0,0.0,0.0,0.0,0.0,1.0,1.0,1.0,1.0,1.0,0.0,0.0,0.0,0.0,1.0,1.0,0.0,0.0,1.0,1.0,1.0,0.0,93.96997097103704,24525.889783908464,24547.837319214883,77.32284571404156,7.119950549495115,4.7874504401433855,24529.079999999998,24521.03,24531.765844149624,24549.2615027347,24508.898497265298,99.1643454039017,97.53526642671521,6.757142857143013,-0.8356545960983026,193.65568961870596,100.09539981286962,0.09539981286960378
2025-09-17 10:35:00,24551.55,24551.55,24542.05,24544.55,586,150,0,1.0,0.0,0.0,0.0,0.0,0.0,0.0,0.0,0.0,0.0,0.0,0.0,0.0,0.0,0.0,0.0,0.0,0.0,1.0,1.0,1.0,0.0,1.0,1.0,1.0,0,0,0,0,0.0,0.0,0.0,0.0,0.0,0.0,0.0,0.0,0.0,0.0,0.0,0.0,0.0,1.0,1.0,1.0,1.0,0.0,0.0,0.0,1.0,1.0,1.0,1.0,0.0,0.0,0.0,0.0,1.0,1.0,1.0,0.0,1.0,1.0,1.0,1.0,52.179657499483355,24526.628688793913,24549.81515366736,65.8498188298154,7.22706082617151,5.2753725173518085,24530.445,24521.486,24532.983393854684,24550.947885547863,24509.942114452137,79.10863509749177,91.92950281723536,7.078571428571585,-20.891364902508233,141.35882949441,100.06808586973584,0.06808586973583387
2025-09-17 10:40:00,24544.65,24547.05,24540.75,24545.15,461,150,0,0.0,0.0,0.0,0.0,0.0,0.0,0.0,0.0,0.0,0.0,0.0,0.0,0.0,0.0,0.0,0.0,0.0,0.0,0.0,1.0,1.0,0.0,0.0,1.0,1.0,0,0,0,0,0.0,0.0,0.0,0.0,0.0,0.0,0.0,0.0,0.0,0.0,0.0,0.0,0.0,0.0,1.0,1.0,1.0,1.0,0.0,0.0,1.0,1.0,1.0,1.0,0.0,0.0,0.0,0.0,1.0,1.0,1.0,1.0,1.0,1.0,1.0,1.0,54.69799522090101,24527.361813150084,24551.645325413225,66.29858667715123,7.276475597478566,5.675593133378996,24531.885000000002,24521.986,24534.14212776642,24552.26479133201,24511.505208667993,76.36986301370669,84.88094783836672,6.871428571428884,-23.63013698629331,112.29304401878775,100.06237298638192,0.06237298638190984
2025-09-17 10:45:00,24545.15,24549.05,24542.65,24545.05,516,150,0,0.0,0.0,0.0,0.0,0.0,0.0,0.0,0.0,0.0,0.0,0.0,0.0,0.0,0.0,0.0,0.0,0.0,0.0,0.0,0.0,1.0,0.0,0.0,0.0,1.0,0,0,0,0,0.0,0.0,0.0,0.0,0.0,0.0,0.0,0.0,0.0,0.0,0.0,0.0,0.0,0.0,0.0,1.0,1.0,1.0,1.0,0.0,1.0,1.0,1.0,1.0,0.0,0.0,0.0,0.0,1.0,1.0,1.0,1.0,1.0,1.0,1.0,1.0,53.98722002793874,24528.061703255084,24553.716783961823,66.14257996444925,7.2242902292528015,5.985332552554894,24533.379999999997,24522.534,24535.180980460776,24552.961957323794,24513.7980426762,75.26501766784389,76.91450525968078,6.935714285714441,-24.734982332156115,108.72716930613232,100.05625477707005,0.056254777070060734
2025-09-17 10:50:00,24545.15,24552.05,24545.15,24547.75,456,150,0,0.0,0.0,0.0,0.0,0.0,0.0,0.0,0.0,0.0,0.0,0.0,0.0,0.0,0.0,0.0,0.0,0.0,0.0,0.0,0.0,0.0,0.0,0.0,0.0,0.0,0,0,0,0,0.0,0.0,0.0,0.0,0.0,0.0,0.0,0.0,0.0,0.0,0.0,0.0,0.0,0.0,0.0,0.0,1.0,1.0,1.0,1.0,1.0,1.0,1.0,1.0,0.0,0.0,0.0,0.0,1.0,1.0,1.0,1.0,1.0,1.0,1.0,1.0,69.8529652923629,24528.84045961306,24555.29931237087,68.31077843548678,7.316438450183341,6.251553732081365,24534.734999999997,24523.084,24536.378037988878,24554.358431214518,24515.111568785476,84.47653429603191,78.70380499252751,7.014285714285767,-15.523465703968084,117.15234332125526,100.0570642482295,0.057064248229479794
2025-09-17 10:55:00,24547.85,24550.25,24546.75,24549.35,424,150,0,0.0,0.0,0.0,0.0,0.0,0.0,0.0,0.0,0.0,0.0,0.0,0.0,0.0,0.0,0.0,0.0,0.0,0.0,0.0,0.0,0.0,1.0,0.0,0.0,0.0,0,0,0,0,0.0,0.0,0.0,0.0,0.0,0.0,0.0,0.0,0.0,0.0,0.0,0.0,0.0,0.0,0.0,0.0,1.0,1.0,1.0,1.0,1.0,1.0,1.0,1.0,0.0,0.0,0.0,0.0,1.0,1.0,1.0,1.0,1.0,1.0,1.0,1.0,76.92533413955638,24529.651425084154,24555.518036544443,69.55501191404716,7.432878585452272,6.4878187027561,24536.370000000003,24523.699999999997,24537.613470457436,24555.076553875428,24517.663446124578,90.25270758122507,83.33141984836696,7.035714285714286,-9.747292418774933,105.44244950306474,100.05542932251919,0.05542932251917526
2025-09-17 11:00:00,24545.65,24549.25,24538.35,24538.75,815,150,0,1.0,0.0,0.0,0.0,0.0,0.0,0.0,0.0,0.0,0.0,0.0,0.0,0.0,1.0,0.0,0.0,0.0,0.0,0.0,0.0,0.0,0.0,1.0,0.0,0.0,0,0,0,0,0.0,0.0,0.0,0.0,0.0,0.0,0.0,0.0,0.0,0.0,0.0,0.0,0.0,0.0,0.0,0.0,1.0,1.0,1.0,1.0,1.0,1.0,1.0,1.0,0.0,0.0,0.0,0.0,1.0,1.0,1.0,1.0,1.0,1.0,1.0,1.0,23.09171297922414,24530.011073870974,24553.443265754137,54.334300329552505,6.593887051618367,6.509032372528592,24537.03,24524.144,24537.721711961978,24555.047955956255,24519.012044043742,51.9855595667909,75.5716004813493,7.399999999999896,-48.01444043320911,45.43549794257235,100.02812670059535,0.028126700595354426
2025-09-17 11:05:00,24537.05,24541.05,24531.25,24540.35,657,150,0,0.0,0.0,0.0,0.0,0.0,0.0,0.0,0.0,0.0,0.0,0.0,0.0,0.0,0.0,1.0,0.0,0.0,0.0,0.0,0.0,0.0,0.0,0.0,1.0,0.0,0,0,0,0,0.0,0.0,0.0,0.0,0.0,0.0,0.0,0.0,0.0,0.0,0.0,0.0,0.0,0.0,0.0,0.0,1.0,1.0,1.0,1.0,1.0,1.0,1.0,1.0,0.0,0.0,0.0,0.0,1.0,1.0,1.0,1.0,1.0,1.0,1.0,1.0,33.61098747554547,24530.41962369386,24551.61626420454,55.9029112938171,5.989038621984946,6.405033622419707,24537.815,24524.596,24537.972026354895,24554.90612111747,24520.723878882527,57.761732851984036,66.66666666666667,7.707142857142701,-42.23826714801596,3.0196423336335667,100.0195634497698,0.019563449769820822
2025-09-17 11:10:00,24540.35,24540.35,24526.75,24526.85,566,150,0,1.0,0.0,0.0,0.0,0.0,0.0,0.0,0.0,0.0,1.0,0.0,0.0,0.0,1.0,0.0,1.0,0.0,0.0,0.0,0.0,0.0,0.0,0.0,0.0,1.0,0,0,0,0,0.0,0.0,0.0,0.0,0.0,0.0,0.0,0.0,0.0,0.0,0.0,0.0,0.0,0.0,0.0,0.0,1.0,1.0,1.0,1.0,0.0,1.0,1.0,1.0,1.0,0.0,0.0,0.0,1.0,1.0,1.0,1.0,1.0,1.0,1.0,1.0,12.306838399634316,24530.278609847595,24546.716935692195,42.6049827903819,4.370057367981644,5.998038371531606,24538.014999999996,24524.806,24536.91278097749,24554.449786598117,24521.580213401874,0.395256916990307,36.71418311192175,7.971428571428207,-99.6047430830097,-59.92333568021334,99.93928713315064,-0.06071286684935449
2025-09-17 11:15:00,24527.05,24530.15,24520.65,24525.35,740,150,0,0.0,0.0,0.0,0.0,0.0,1.0,0.0,0.0,0.0,1.0,1.0,0.0,0.0,1.0,1.0,0.0,1.0,0.0,0.0,0.0,0.0,0.0,0.0,0.0,0.0,0,0,0,0,0.0,0.0,0.0,0.0,0.0,0.0,0.0,0.0,0.0,0.0,0.0,0.0,0.0,0.0,0.0,0.0,1.0,1.0,1.0,1.0,0.0,0.0,1.0,1.0,1.0,1.0,0.0,0.0,1.0,1.0,1.0,1.0,1.0,1.0,1.0,1.0,11.130955397495512,24530.083966915856,24541.83671229341,41.4258488026798,2.932173945253453,5.384865486275386,24537.92,24524.95,24535.811559252754,24554.636345609186,24521.20365439081,14.968152866233812,24.375047545069382,7.985714285713714,-85.03184713376619,-114.7052183322862,99.90956327617216,-0.09043672382783915
2025-09-17 11:20:00,24525.55,24528.65,24523.75,24525.35,455,150,0,0.0,0.0,0.0,0.0,0.0,0.0,1.0,0.0,0.0,1.0,1.0,1.0,0.0,1.0,1.0,1.0,0.0,0.0,0.0,0.0,0.0,0.0,0.0,0.0,0.0,0,0,0,0,0.0,0.0,0.0,0.0,0.0,0.0,0.0,0.0,0.0,0.0,0.0,0.0,0.0,0.0,0.0,0.0,1.0,1.0,1.0,1.0,0.0,0.0,0.0,1.0,1.0,1.0,1.0,0.0,1.0,1.0,1.0,1.0,1.0,1.0,1.0,1.0,11.130955397495512,24529.897062642853,24537.556821410068,41.4258488026798,1.7722125864638656,4.662334906312526,24537.769999999997,24525.202,24534.81521660181,24554.896722733152,24520.64327726684,14.968152866233812,10.110520883152644,7.849999999999584,-85.03184713376619,-108.19031737575821,99.89247202337918,-0.10752797662081706
2025-09-17 11:25:00,24525.15,24529.35,24523.85,24526.75,544,150,0,0.0,0.0,0.0,0.0,0.0,0.0,0.0,1.0,0.0,0.0,1.0,1.0,1.0,1.0,1.0,1.0,1.0,0.0,0.0,0.0,0.0,0.0,0.0,0.0,0.0,0,0,0,0,0.0,0.0,0.0,0.0,0.0,0.0,0.0,0.0,0.0,0.0,0.0,0.0,0.0,0.0,0.0,0.0,1.0,1.0,1.0,1.0,0.0,0.0,0.0,0.0,1.0,1.0,1.0,1.0,1.0,1.0,1.0,1.0,1.0,1.0,1.0,1.0,25.982491393243208,24529.7728448069,24534.03896887911,43.12955816242203,0.954889823555277,3.9208458897606198,24537.715,24525.476000000002,24534.04709817196,24554.982343683794,24520.447656316206,19.4267515923534,16.45435244160701,7.807142857142545,-80.57324840764659,-99.83933899471347,99.92747880894129,-0.07252119105870457
2025-09-17 11:30:00,24526.85,24528.15,24501.05,24502.35,753,150,0,1.0,0.0,0.0,0.0,0.0,0.0,0.0,0.0,1.0,1.0,0.0,1.0,1.0,1.0,1.0,1.0,1.0,0.0,0.0,0.0,0.0,0.0,0.0,0.0,0.0,0,0,0,0,0.0,0.0,0.0,0.0,0.0,0.0,0.0,0.0,0.0,0.0,0.0,0.0,0.0,0.0,0.0,0.0,1.0,1.0,1.0,1.0,0.0,0.0,0.0,0.0,1.0,1.0,1.0,1.0,1.0,1.0,1.0,1.0,1.0,1.0,1.0,1.0,4.839427713566053,24528.690712924865,24525.271752324377,27.898800439743553,-1.6426802407258947,2.8081406636627695,24536.34,24525.289999999994,24531.02831780392,24559.588216683154,24513.091783316846,2.5490196078417107,12.314641355476306,9.171428571428416,-97.4509803921583,-210.48658848901283,99.82562746611855,-0.17437253388145074
2025-09-17 11:35:00,24500.85,24503.25,24469.75,24486.85,1552,150,0,1.0,0.0,0.0,0.0,0.0,0.0,0.0,0.0,0.0,1.0,1.0,0.0,1.0,1.0,1.0,1.0,1.0,0.0,0.0,0.0,0.0,0.0,0.0,0.0,0.0,0,0,0,0,0.0,0.0,0.0,0.0,0.0,0.0,0.0,0.0,0.0,0.0,0.0,0.0,0.0,0.0,0.0,0.0,1.0,1.0,1.0,1.0,0.0,0.0,0.0,0.0,1.0,1.0,1.0,1.0,1.0,1.0,1.0,1.0,1.0,1.0,1.0,1.0,2.7258390647939876,24527.04004294515,24513.984784994842,22.470279368755527,-4.895498765174125,1.267412777894784,24534.12,24524.796000000002,24526.820847473013,24566.21217645273,24502.02782354727,20.777642770350784,14.251137990181967,11.04285714285704,-79.2223572296492,-304.43381180220115,99.76288498088209,-0.23711501911791066
2025-09-17 11:40:00,24486.85,24488.35,24455.65,24485.25,1488,150,0,0.0,0.0,0.0,0.0,0.0,0.0,0.0,0.0,0.0,1.0,1.0,1.0,0.0,1.0,1.0,1.0,1.0,0.0,0.0,0.0,0.0,0.0,0.0,0.0,0.0,0,0,0,0,0.0,0.0,0.0,0.0,0.0,0.0,0.0,0.0,0.0,0.0,0.0,0.0,0.0,0.0,0.0,0.0,1.0,1.0,1.0,1.0,0.0,0.0,0.0,0.0,1.0,1.0,1.0,1.0,1.0,1.0,1.0,1.0,1.0,1.0,1.0,1.0,2.553180724741054,24525.39176029818,24503.379248450394,21.99452417690263,-7.515841774071305,-0.4892381324989868,24531.695,24524.27,24522.861709358032,24570.52686293428,24492.86313706572,30.705394190870557,18.010685523021017,12.892857142856883,-69.29460580912945,-265.6896129888749,99.74539418072939,-0.2546058192706052
2025-09-17 11:45:00,24485.35,24507.25,24479.25,24499.15,1163,150,0,1.0,0.0,0.0,0.0,0.0,0.0,0.0,0.0,0.0,0.0,1.0,1.0,1.0,0.0,1.0,1.0,1.0,0.0,0.0,0.0,0.0,0.0,0.0,0.0,0.0,0,0,0,0,0.0,0.0,0.0,0.0,0.0,0.0,0.0,0.0,0.0,0.0,0.0,0.0,1.0,0.0,0.0,0.0,0.0,1.0,1.0,1.0,0.0,0.0,0.0,0.0,1.0,1.0,1.0,1.0,1.0,1.0,1.0,1.0,1.0,1.0,1.0,1.0,46.616681282445654,24524.356967113243,24496.88232502578,34.8916083096895,-8.37437934569607,-2.0662663751388006,24529.864999999998,24523.88,24520.603446274596,24571.25746181053,24488.472538189468,45.12448132780185,32.20250609634107,14.199999999999688,-54.875518672198154,-142.69441855648344,99.79551393417749,-0.20448606582250486
2025-09-17 11:50:00,24498.85,24518.55,24498.85,24508.35,995,150,0,0.0,0.0,0.0,0.0,0.0,0.0,0.0,0.0,0.0,0.0,0.0,1.0,1.0,0.0,0.0,1.0,1.0,0.0,0.0,0.0,0.0,0.0,0.0,0.0,0.0,0,0,0,0,0.0,0.0,0.0,0.0,0.0,0.0,0.0,0.0,0.0,0.0,0.0,0.0,1.0,1.0,0.0,0.0,0.0,0.0,1.0,1.0,0.0,0.0,0.0,0.0,1.0,1.0,1.0,1.0,1.0,1.0,1.0,1.0,1.0,1.0,1.0,1.0,63.15665110632866,24523.725900433896,24493.791173812002,41.755622335627976,-8.217712647881854,-3.296555629687659,24528.69,24523.69,24519.436449030476,24571.165226216046,24486.21477378395,54.66804979252934,43.49930843706725,15.157142857142649,-45.33195020747066,-76.85648201987908,99.87611430900107,-0.12388569099893619
2025-09-17 11:55:00,24508.55,24513.35,24505.25,24512.55,760,150,0,0.0,0.0,0.0,0.0,0.0,0.0,0.0,0.0,0.0,0.0,0.0,0.0,1.0,0.0,0.0,0.0,1.0,0.0,0.0,0.0,0.0,0.0,0.0,0.0,0.0,0,0,0,0,0.0,0.0,0.0,0.0,0.0,0.0,0.0,0.0,0.0,0.0,0.0,0.0,1.0,1.0,1.0,0.0,0.0,0.0,0.0,1.0,0.0,0.0,0.0,0.0,1.0,1.0,1.0,1.0,1.0,1.0,1.0,1.0,1.0,1.0,1.0,1.0,69.60543468625578,24523.285388129316,24491.66266141531,44.62571219844955,-7.666287760617706,-4.1705020558738095,24527.54,24523.634,24518.780595541433,24570.47612881821,24484.603871181793,59.024896265559235,52.93914246196348,15.278571428571272,-40.97510373444076,-62.61605882789975,99.88671718211029,-0.11328281788971745
2025-09-17 12:00:00,24512.65,24518.35,24509.15,24517.35,698,150,0,0.0,0.0,0.0,0.0,0.0,0.0,0.0,0.0,0.0,0.0,0.0,0.0,0.0,0.0,0.0,0.0,0.0,0.0,0.0,0.0,0.0,1.0,0.0,0.0,0.0,0,0,0,0,0.0,0.0,0.0,0.0,0.0,0.0,0.0,0.0,0.0,0.0,0.0,0.0,1.0,1.0,1.0,1.0,0.0,0.0,0.0,0.0,0.0,0.0,0.0,0.0,1.0,1.0,1.0,1.0,1.0,1.0,1.0,1.0,1.0,1.0,1.0,1.0,76.62056721493845,24523.05148418783,24491.928483341955,47.7920328880411,-6.764001094197738,-4.6892018635386625,24526.32,24523.655999999995,24518.644348121386,24568.941521620683,24483.698478379316,65.2219873150085,59.63831112436569,15.435714285713923,-34.7780126849915,-40.92213683917892,99.96126693806991,-0.038733061930088866
2025-09-17 12:05:00,24517.25,24525.85,24517.25,24521.35,749,150,0,0.0,0.0,0.0,0.0,0.0,0.0,0.0,0.0,0.0,0.0,0.0,0.0,0.0,0.0,0.0,0.0,0.0,1.0,0.0,0.0,0.0,1.0,1.0,0.0,0.0,0,0,0,0,0.0,0.0,0.0,0.0,0.0,0.0,0.0,0.0,0.0,0.0,0.0,0.0,1.0,1.0,1.0,1.0,0.0,0.0,0.0,0.0,0.0,0.0,0.0,0.0,1.0,1.0,1.0,1.0,1.0,1.0,1.0,1.0,1.0,1.0,1.0,1.0,81.85534893477062,24522.984444395144,24493.1618833936,50.340352044393875,-5.660920124533732,-4.883545515737696,24525.010000000002,24523.717999999997,24518.902029638764,24566.479044891457,24483.540955108547,70.19230769230568,64.81306375762448,15.799999999999532,-29.807692307694328,-12.66347687399289,99.98369034488805,-0.01630965511195559
2025-09-17 12:10:00,24521.25,24523.25,24514.65,24517.35,612,150,0,0.0,0.0,0.0,0.0,0.0,0.0,0.0,0.0,0.0,0.0,0.0,0.0,0.0,0.0,0.0,0.0,0.0,0.0,1.0,0.0,0.0,0.0,1.0,1.0,0.0,0,0,0,0,0.0,0.0,0.0,0.0,0.0,0.0,0.0,0.0,0.0,0.0,0.0,0.0,1.0,1.0,1.0,1.0,0.0,0.0,0.0,0.0,0.0,0.0,0.0,0.0,1.0,1.0,1.0,1.0,0.0,1.0,1.0,1.0,1.0,1.0,1.0,1.0,61.27548059615678,24522.762484011084,24493.36428848139,47.82633168247033,-5.051250217806228,-4.917086456151406,24523.29,24523.684000000005,24518.754217091842,24562.90118396029,24483.678816039712,72.24824355971741,69.22084618901054,15.628571428570856,-27.751756440282595,-19.269211644297126,99.96738068977609,-0.03261931022391118
2025-09-17 12:15:00,24517.15,24520.15,24510.65,24514.85,601,150,0,0.0,0.0,0.0,0.0,0.0,0.0,0.0,0.0,0.0,0.0,0.0,0.0,0.0,0.0,0.0,0.0,0.0,0.0,0.0,1.0,0.0,0.0,0.0,1.0,1.0,0,0,0,0,0.0,0.0,0.0,0.0,0.0,0.0,0.0,0.0,0.0,0.0,0.0,0.0,1.0,1.0,1.0,1.0,0.0,0.0,0.0,0.0,0.0,0.0,0.0,0.0,1.0,1.0,1.0,1.0,0.0,0.0,1.0,1.0,0.0,1.0,1.0,1.0,49.58751011011516,24522.45083912348,24493.643488507216,46.27098922460082,-4.715449348877883,-4.876759034696699,24521.805,24523.484,24518.382386436573,24560.27059501683,24483.33940498317,69.89374262101431,70.77809795767914,15.607142857142337,-30.106257378985685,-27.11651299246011,99.95148154565932,-0.04851845434067479
2025-09-17 12:20:00,24515.05,24521.55,24515.05,24518.55,595,150,0,0.0,0.0,0.0,0.0,0.0,0.0,0.0,0.0,0.0,0.0,0.0,0.0,0.0,0.0,0.0,0.0,0.0,0.0,0.0,0.0,1.0,0.0,0.0,0.0,1.0,0,0,0,0,0.0,0.0,0.0,0.0,0.0,0.0,0.0,0.0,0.0,0.0,0.0,0.0,1.0,1.0,1.0,1.0,0.0,0.0,0.0,0.0,0.0,0.0,0.0,0.0,1.0,1.0,1.0,1.0,0.0,0.0,0.0,1.0,0.0,0.0,1.0,1.0,64.58436981179236,24522.29722504036,24495.059178073334,48.91868118225414,-4.103470584595925,-4.722101344676536,24520.475,24523.487999999998,24518.3983496508,24557.34843217004,24483.601567829955,84.42953020133935,75.52383879402369,15.11428571428535,-15.57046979866065,-8.966338993154451,100.06611610723053,0.06611610723053392
2025-09-17 12:25:00,24518.35,24524.85,24518.35,24522.15,522,150,0,0.0,0.0,0.0,0.0,0.0,0.0,0.0,0.0,0.0,0.0,0.0,0.0,0.0,0.0,0.0,0.0,0.0,0.0,0.0,0.0,0.0,1.0,0.0,0.0,0.0,0,0,0,0,0.0,0.0,0.0,0.0,0.0,0.0,0.0,0.0,0.0,0.0,0.0,0.0,1.0,1.0,1.0,1.0,0.0,0.0,0.0,0.0,0.0,0.0,0.0,0.0,1.0,1.0,1.0,1.0,0.0,0.0,0.0,0.0,0.0,0.0,0.0,1.0,75.30573898821407,24522.291428305616,24497.290983341914,51.426759806122526,-3.2900638357568823,-4.435693842892593,24519.329999999998,24523.805999999997,24518.75565004279,24554.36679870017,24484.293201299824,90.2306648575341,81.51797922662924,14.899999999999636,-9.76933514246591,12.543497612700344,100.14415900779399,0.1441590077939911
2025-09-17 12:30:00,24522.25,24526.35,24520.35,24525.05,522,150,0,0.0,1.0,0.0,0.0,0.0,0.0,0.0,0.0,0.0,0.0,0.0,0.0,0.0,0.0,0.0,0.0,0.0,1.0,0.0,0.0,0.0,1.0,1.0,0.0,0.0,0,0,0,0,0.0,0.0,0.0,0.0,0.0,0.0,0.0,0.0,0.0,0.0,0.0,0.0,1.0,1.0,1.0,1.0,0.0,0.0,0.0,0.0,1.0,0.0,0.0,0.0,0.0,1.0,1.0,1.0,0.0,0.0,0.0,0.0,0.0,0.0,0.0,0.0,81.91954428214098,24522.400025243267,24500.376236441127,53.41121198823609,-2.3839516105581424,-4.0253453964256884,24518.195,24524.102,24519.355112488018,24550.737278573197,24485.652721426803,94.1655359565815,89.60857700515164,14.97857142857096,-5.834464043418511,31.425899458304443,100.16254683942374,0.16254683942373171
2025-09-17 12:35:00,24524.85,24527.25,24522.85,24525.15,454,150,0,0.0,0.0,1.0,0.0,0.0,0.0,0.0,0.0,0.0,0.0,0.0,0.0,0.0,0.0,0.0,0.0,0.0,1.0,1.0,0.0,0.0,1.0,1.0,1.0,0.0,0,0,0,0,0.0,0.0,0.0,0.0,0.0,0.0,0.0,0.0,0.0,0.0,0.0,0.0,1.0,1.0,1.0,1.0,0.0,0.0,0.0,0.0,1.0,1.0,0.0,0.0,0.0,0.0,1.0,1.0,0.0,0.0,0.0,0.0,0.0,0.0,0.0,0.0,82.16659319601885,24522.50826735635,24503.53351627067,53.48178737524153,-1.638890126188926,-3.548054342378323,24516.984999999997,24524.408000000003,24519.90700699036,24546.28815413234,24487.681845867653,95.86206896551724,93.4194232598776,14.899999999999636,-4.137931034482759,47.44595187666037,100.10612613090659,0.10612613090658247
2025-09-17 12:40:00,24525.25,24527.75,24516.05,24516.05,517,150,0,0.0,0.0,0.0,1.0,0.0,0.0,0.0,0.0,0.0,0.0,0.0,0.0,0.0,1.0,0.0,0.0,0.0,0.0,1.0,1.0,0.0,0.0,1.0,1.0,1.0,0,0,0,0,0.0,0.0,0.0,0.0,0.0,0.0,0.0,0.0,0.0,0.0,0.0,0.0,1.0,1.0,1.0,1.0,0.0,0.0,0.0,0.0,0.0,1.0,1.0,0.0,1.0,0.0,0.0,1.0,0.0,0.0,0.0,0.0,0.0,0.0,0.0,0.0,28.67826168627957,24522.254099624304,24504.81256779445,46.568422789520426,-1.762388632956572,-3.1909212004939653,24515.85,24524.523999999998,24519.53967271813,24543.303693069538,24488.39630693046,83.77253814146884,91.26671435452253,13.799999999999532,-16.227461858531157,26.416341367695516,100.03141786370769,0.031417863707678115
2025-09-17 12:45:00,24515.85,24523.85,24514.55,24515.85,541,150,0,0.0,0.0,0.0,0.0,1.0,0.0,0.0,0.0,0.0,0.0,0.0,0.0,0.0,1.0,1.0,0.0,0.0,0.0,0.0,1.0,1.0,0.0,0.0,1.0,1.0,0,0,0,0,0.0,0.0,0.0,0.0,0.0,0.0,0.0,0.0,0.0,0.0,0.0,0.0,1.0,1.0,1.0,1.0,0.0,0.0,0.0,0.0,0.0,0.0,1.0,1.0,1.0,1.0,0.0,0.0,0.0,0.0,0.0,0.0,0.0,0.0,0.0,0.0,28.075737063840833,24522.00209889473,24506.362997159078,46.42637919676727,-1.8550165959386504,-2.9237402795828977,24514.625,24524.616,24519.188275079992,24539.54524119167,24489.70475880833,83.49514563106561,87.70991757935057,12.071428571428052,-16.504854368934392,22.344516642344644,100.01346249166244,0.013462491662431174
2025-09-17 12:50:00,24515.75,24517.25,24506.05,24513.65,537,150,0,0.0,0.0,0.0,0.0,0.0,0.0,0.0,0.0,0.0,0.0,0.0,0.0,0.0,1.0,1.0,1.0,0.0,0.0,0.0,0.0,1.0,0.0,0.0,0.0,1.0,0,0,0,0,0.0,0.0,0.0,0.0,0.0,0.0,0.0,0.0,0.0,0.0,0.0,0.0,1.0,1.0,1.0,1.0,0.0,0.0,0.0,0.0,0.0,0.0,0.0,1.0,1.0,1.0,1.0,0.0,0.0,0.0,0.0,0.0,1.0,0.0,0.0,0.0,20.84839578011399,24521.673488680084,24507.067329545447,44.807342563910034,-2.0819443722211872,-2.755381098110553,24513.965000000004,24524.605999999996,24518.660819989404,24538.212085554627,24489.71791444538,70.9278350515494,79.39850627469463,10.535714285714025,-29.072164948450606,-10.0156927905222,99.98490864632598,-0.01509135367401897
2025-09-17 12:55:00,24513.85,24517.35,24507.85,24510.65,426,150,0,0.0,0.0,0.0,0.0,0.0,0.0,0.0,0.0,0.0,1.0,0.0,0.0,0.0,1.0,1.0,1.0,1.0,0.0,0.0,0.0,0.0,0.0,0.0,0.0,0.0,0,0,0,0,0.0,0.0,0.0,0.0,0.0,0.0,0.0,0.0,0.0,0.0,0.0,0.0,1.0,1.0,1.0,1.0,0.0,0.0,0.0,0.0,0.0,0.0,0.0,0.0,1.0,1.0,1.0,1.0,1.0,0.0,0.0,0.0,1.0,1.0,0.0,0.0,13.657224010719133,24521.23982954736,24507.608897210783,42.624442612248856,-2.4753236606884457,-2.699369610626131,24513.23,24524.504,24517.897884332146,24536.90851346682,24489.55148653318,40.830449826997636,65.08447683653755,9.214285714285454,-59.169550173002364,-8.207524562662984,99.95636455578507,-0.043635444214927356
2025-09-17 13:00:00,24510.55,24519.55,24507.35,24513.85,594,150,0,0.0,0.0,0.0,0.0,0.0,0.0,0.0,0.0,0.0,0.0,1.0,0.0,0.0,0.0,1.0,1.0,1.0,0.0,0.0,0.0,0.0,0.0,0.0,0.0,0.0,0,0,0,0,0.0,0.0,0.0,0.0,0.0,0.0,0.0,0.0,0.0,0.0,0.0,0.0,1.0,1.0,1.0,1.0,0.0,0.0,0.0,0.0,0.0,0.0,0.0,0.0,1.0,1.0,1.0,1.0,1.0,1.0,0.0,0.0,1.0,1.0,1.0,0.0,44.36257308305039,24520.949152951365,24509.694489282025,45.66516255723454,-2.5000505967982463,-2.6595058078605534,24512.655,24524.464,24517.512371346515,24535.64272899198,24489.667271008017,38.222222222215755,49.99350236692093,8.67857142857117,-61.77777777778425,8.415590989624443,99.98572439517321,-0.014275604826785929
2025-09-17 13:05:00,24514.15,24515.35,24509.65,24515.15,556,150,0,0.0,0.0,0.0,0.0,0.0,1.0,0.0,0.0,0.0,0.0,0.0,1.0,0.0,0.0,0.0,1.0,1.0,0.0,0.0,0.0,0.0,0.0,0.0,0.0,0.0,0,0,0,0,0.0,0.0,0.0,0.0,0.0,0.0,0.0,0.0,0.0,0.0,0.0,0.0,1.0,1.0,1.0,1.0,0.0,0.0,0.0,0.0,0.0,0.0,0.0,0.0,1.0,1.0,1.0,1.0,1.0,1.0,1.0,0.0,1.0,1.0,1.0,1.0,54.27211875914721,24520.721072254244,24512.7353047521,46.89642691043813,-2.3872304534961586,-2.605050736987674,24512.075,24524.422000000002,24517.287383497795,24534.131852378352,24490.01814762165,41.93548387097639,40.329385306729925,8.507142857142494,-58.0645161290236,12.603076594064875,100.00122374805476,0.00122374805476236
2025-09-17 13:10:00,24515.05,24515.55,24503.25,24503.25,488,150,0,1.0,0.0,0.0,0.0,0.0,0.0,1.0,0.0,0.0,1.0,0.0,0.0,1.0,1.0,0.0,0.0,1.0,0.0,0.0,0.0,0.0,0.0,0.0,0.0,0.0,0,0,0,0,0.0,0.0,0.0,0.0,0.0,0.0,0.0,0.0,0.0,0.0,0.0,0.0,0.0,1.0,1.0,1.0,1.0,0.0,0.0,0.0,0.0,0.0,0.0,0.0,1.0,1.0,1.0,1.0,1.0,1.0,1.0,1.0,1.0,1.0,1.0,1.0,15.75123644630213,24520.034013489316,24513.512971332664,38.333218543974674,-3.2209106471564155,-2.728222719021423,24512.12,24524.16,24515.95048928603,24534.096839483474,24490.143160516523,0.0,26.71923536439738,8.72857142857122,-100.0,-33.611913874349426,99.93759826743425,-0.06240173256574827
2025-09-17 13:15:00,24503.35,24511.05,24502.55,24506.15,552,150,0,0.0,0.0,0.0,0.0,0.0,0.0,0.0,1.0,0.0,0.0,1.0,0.0,0.0,0.0,1.0,0.0,0.0,0.0,0.0,0.0,0.0,0.0,0.0,0.0,0.0,0,0,0,0,0.0,0.0,0.0,0.0,0.0,0.0,0.0,0.0,0.0,0.0,0.0,0.0,0.0,0.0,1.0,1.0,1.0,1.0,0.0,0.0,0.0,0.0,0.0,0.0,1.0,1.0,1.0,1.0,1.0,1.0,1.0,1.0,1.0,1.0,1.0,1.0,33.10695854776118,24519.488077581835,24514.335379003154,41.15325623893175,-3.606036600569496,-2.903785495331038,24513.085,24523.98,24515.017109009572,24531.85005991684,24494.319940083158,14.285714285722534,18.74039938556631,8.721428571428467,-85.71428571427747,-55.867550481794375,99.93475286628619,-0.06524713371380568
2025-09-17 13:20:00,24506.05,24509.85,24501.75,24501.85,484,150,0,0.0,0.0,0.0,0.0,0.0,0.0,0.0,0.0,1.0,0.0,0.0,1.0,0.0,1.0,0.0,1.0,0.0,0.0,0.0,0.0,0.0,0.0,0.0,0.0,0.0,0,0,0,0,0.0,0.0,0.0,0.0,0.0,0.0,0.0,0.0,0.0,0.0,0.0,0.0,0.0,0.0,0.0,1.0,1.0,1.0,1.0,0.0,0.0,0.0,0.0,0.0,1.0,1.0,1.0,1.0,1.0,1.0,1.0,1.0,1.0,1.0,1.0,1.0,22.70422375493844,24518.794600576795,24514.363420067177,38.35263739349652,-4.209695529822056,-3.1649675022292425,24513.915,24523.604,24513.763098208998,24528.498808613756,24499.331191386245,0.3846153846097877,4.890109890110774,8.685714285714182,-99.61538461539021,-112.50857086883723,99.90540284321541,-0.09459715678459668
2025-09-17 13:25:00,24502.05,24504.05,24497.75,24501.05,542,150,0,0.0,0.0,0.0,0.0,0.0,0.0,0.0,0.0,0.0,0.0,0.0,0.0,1.0,1.0,1.0,0.0,1.0,0.0,0.0,0.0,0.0,0.0,0.0,0.0,0.0,0,0,0,0,0.0,0.0,0.0,0.0,0.0,0.0,0.0,0.0,0.0,0.0,0.0,0.0,0.0,0.0,0.0,0.0,1.0,1.0,1.0,1.0,0.0,0.0,0.0,0.0,1.0,1.0,1.0,1.0,1.0,1.0,1.0,1.0,1.0,1.0,1.0,1.0,20.873835235066167,24518.09700610681,24514.355733471115,37.836732506298134,-4.698490907649102,-3.4716721833132147,24514.01,24523.292,24512.552326585224,24528.2085025155,24499.811497484498,10.999999999997573,8.556776556776631,8.457142857142701,-89.00000000000242,-165.78974517692768,99.9017335266043,-0.0982664733956864
2025-09-17 13:30:00,24501.15,24504.55,24495.05,24500.15,712,150,0,0.0,0.0,0.0,0.0,0.0,0.0,0.0,0.0,0.0,1.0,0.0,0.0,0.0,1.0,1.0,1.0,0.0,0.0,0.0,0.0,0.0,0.0,0.0,0.0,0.0,0,0,0,0,0.0,0.0,0.0,0.0,0.0,0.0,0.0,0.0,0.0,0.0,0.0,0.0,0.0,0.0,0.0,0.0,1.0,1.0,1.0,1.0,0.0,0.0,0.0,0.0,1.0,1.0,1.0,1.0,1.0,1.0,1.0,1.0,1.0,1.0,1.0,1.0,18.37413814915584,24517.391523149396,24514.606450154977,37.22998984635247,-5.0997003524171305,-3.7972778171339985,24513.6,24522.784,24511.371152301883,24528.916245245473,24498.283754754524,15.596330275235687,8.993648553281016,8.657142857142649,-84.40366972476431,-160.31700563351677,99.93514452776854,-0.06485547223144764
2025-09-17 13:35:00,24500.25,24503.75,24489.25,24503.15,652,150,0,0.0,0.0,0.0,0.0,0.0,0.0,0.0,0.0,0.0,0.0,1.0,0.0,0.0,0.0,1.0,1.0,1.0,0.0,0.0,0.0,0.0,0.0,0.0,0.0,0.0,0,0,0,0,0.0,0.0,0.0,0.0,0.0,0.0,0.0,0.0,0.0,0.0,0.0,0.0,0.0,0.0,0.0,0.0,1.0,1.0,1.0,1.0,0.0,0.0,0.0,0.0,1.0,1.0,1.0,1.0,1.0,1.0,1.0,1.0,1.0,1.0,1.0,1.0,48.94437194475035,24516.83175222892,24515.896184142603,40.646633549776524,-5.116607495707285,-4.061143752848657,24513.13,24522.354,24510.588185222365,24529.142968428532,24497.11703157147,36.103896103899885,20.900075459711047,9.22857142857122,-63.89610389610012,-151.38169257347118,99.94819677881861,-0.051803221181387096
2025-09-17 13:40:00,24502.75,24507.15,24497.85,24498.15,632,150,0,0.0,0.0,0.0,0.0,0.0,0.0,0.0,0.0,0.0,0.0,0.0,1.0,0.0,1.0,0.0,1.0,1.0,0.0,0.0,0.0,0.0,0.0,0.0,0.0,0.0,0,0,0,0,0.0,0.0,0.0,0.0,0.0,0.0,0.0,0.0,0.0,0.0,0.0,0.0,0.0,0.0,0.0,0.0,1.0,1.0,1.0,1.0,0.0,0.0,0.0,0.0,1.0,1.0,1.0,1.0,1.0,1.0,1.0,1.0,1.0,1.0,1.0,1.0,25.277380468562754,24516.097521637777,24514.968536931803,37.02901262015681,-5.470402395676501,-4.342995481414226,24512.17,24521.86,24509.403595888525,24529.375458130256,24494.96454186974,23.116883116886896,24.939036498674156,9.464285714285714,-76.8831168831131,-109.731829811417,99.93676992206383,-0.06323007793617025
2025-09-17 13:45:00,24498.05,24505.85,24498.05,24499.55,564,150,0,0.0,0.0,0.0,0.0,0.0,0.0,0.0,0.0,0.0,0.0,0.0,0.0,1.0,0.0,1.0,0.0,1.0,0.0,0.0,0.0,0.0,0.0,0.0,0.0,0.0,0,0,0,0,0.0,0.0,0.0,0.0,0.0,0.0,0.0,0.0,0.0,0.0,0.0,0.0,0.0,0.0,0.0,0.0,1.0,1.0,1.0,1.0,0.0,0.0,0.0,0.0,1.0,1.0,1.0,1.0,1.0,1.0,1.0,1.0,1.0,1.0,1.0,1.0,37.89110608889644,24515.44722676111,24514.74996448867,38.67482375117678,-5.57357110004159,-4.589110605139699,24511.079999999998,24521.306,24508.465157994884,24528.59607983054,24493.563920169458,26.753246753244863,28.658008658010548,9.707142857142701,-73.24675324675513,-95.94107219271044,99.95471356328778,-0.0452864367122136
2025-09-17 13:50:00,24499.15,24501.55,24493.85,24501.55,644,150,0,0.0,0.0,0.0,0.0,0.0,0.0,0.0,0.0,0.0,0.0,0.0,0.0,0.0,0.0,0.0,1.0,0.0,0.0,0.0,0.0,0.0,0.0,0.0,0.0,0.0,0,0,0,0,0.0,0.0,0.0,0.0,0.0,0.0,0.0,0.0,0.0,0.0,0.0,0.0,0.0,0.0,0.0,0.0,1.0,1.0,1.0,1.0,0.0,0.0,0.0,0.0,1.0,1.0,1.0,1.0,1.0,1.0,1.0,1.0,1.0,1.0,1.0,1.0,54.38971411775041,24514.90113012713,24513.65316696798,41.04534702119796,-5.431341549574427,-4.7575567940266446,24510.29,24520.77,24507.806571398556,24528.03905779555,24492.54094220445,35.54913294797627,28.473087606036007,9.421428571428416,-64.45086705202372,-101.47608167410144,99.94982428300736,-0.05017571699263589
2025-09-17 13:55:00,24501.65,24501.65,24491.55,24499.75,752,150,0,0.0,0.0,0.0,0.0,0.0,0.0,0.0,0.0,0.0,0.0,0.0,0.0,0.0,0.0,0.0,0.0,1.0,0.0,0.0,0.0,0.0,0.0,0.0,0.0,0.0,0,0,0,0,0.0,0.0,0.0,0.0,0.0,0.0,0.0,0.0,0.0,0.0,0.0,0.0,0.0,0.0,0.0,0.0,1.0,1.0,1.0,1.0,0.0,0.0,0.0,0.0,1.0,1.0,1.0,1.0,1.0,1.0,1.0,1.0,1.0,1.0,1.0,1.0,40.03323449909347,24514.305808335488,24512.13616025308,39.563092307941695,-5.40160139109139,-4.886365713439593,24509.535,24520.208,24507.03927875726,24527.74595968448,24491.32404031552,34.653465346535484,32.31861501591887,9.478571428571481,-65.34653465346452,-99.94499449948677,99.93718170192717,-0.06281829807283028
2025-09-17 14:00:00,24499.65,24503.35,24491.55,24493.35,866,150,0,0.0,0.0,0.0,0.0,0.0,0.0,0.0,0.0,0.0,1.0,0.0,0.0,0.0,1.0,0.0,0.0,0.0,0.0,0.0,0.0,0.0,0.0,0.0,0.0,0.0,0,0,0,0,0.0,0.0,0.0,0.0,0.0,0.0,0.0,0.0,0.0,0.0,0.0,0.0,0.0,0.0,0.0,0.0,1.0,1.0,1.0,1.0,0.0,0.0,0.0,0.0,1.0,1.0,1.0,1.0,1.0,1.0,1.0,1.0,1.0,1.0,1.0,1.0,16.626725669549188,24513.48247078042,24509.3679622934,34.7569879782595,-5.827282564398047,-5.074549083631284,24508.275,24519.478,24505.735537727767,24527.327379323666,24489.222620676337,13.531353135309054,27.911317143273596,9.521428571428519,-86.46864686469094,-101.88732794097973,99.95959719629029,-0.04040280370971791
2025-09-17 14:05:00,24493.35,24503.65,24486.35,24502.55,696,150,0,1.0,0.0,0.0,0.0,0.0,0.0,0.0,0.0,0.0,0.0,1.0,0.0,0.0,0.0,1.0,0.0,0.0,0.0,0.0,0.0,0.0,0.0,0.0,0.0,0.0,0,0,0,0,0.0,0.0,0.0,0.0,0.0,0.0,0.0,0.0,0.0,0.0,0.0,0.0,0.0,0.0,0.0,0.0,1.0,1.0,1.0,1.0,0.0,0.0,0.0,0.0,1.0,1.0,1.0,1.0,1.0,1.0,1.0,1.0,1.0,1.0,1.0,1.0,63.12075073871345,24513.0529740175,24509.147510976203,45.084394607367756,-5.3604860375817225,-5.1317364744213725,24507.295,24518.904,24505.43215314111,24525.331626478768,24489.25837352123,48.79518072289269,32.326666401579075,10.078571428571584,-51.20481927710732,-83.92565013821437,99.98530980998646,-0.014690190013536122
2025-09-17 14:10:00,24502.65,24515.85,24502.05,24513.65,674,150,0,1.0,0.0,0.0,0.0,0.0,0.0,0.0,0.0,0.0,0.0,0.0,1.0,0.0,0.0,0.0,1.0,0.0,1.0,0.0,0.0,0.0,1.0,0.0,0.0,0.0,0,0,0,0,0.0,0.0,0.0,0.0,0.0,0.0,0.0,0.0,0.0,0.0,0.0,0.0,1.0,0.0,0.0,0.0,0.0,1.0,1.0,1.0,1.0,0.0,0.0,0.0,0.0,1.0,1.0,1.0,1.0,1.0,1.0,1.0,1.0,1.0,1.0,1.0,81.64522228065877,24513.076427326116,24508.818501420443,54.45231905070288,-4.04820798090077,-4.915030775717252,24506.725,24518.501999999997,24506.214805318967,24523.03720079372,24490.41279920628,92.5423728813658,51.622968913189176,10.192857142857195,-7.4576271186342025,35.06312452779979,100.04815962876275,0.04815962876273796
2025-09-17 14:15:00,24513.75,24515.55,24505.65,24506.65,566,150,0,0.0,1.0,0.0,0.0,0.0,0.0,0.0,0.0,0.0,0.0,0.0,0.0,1.0,0.0,0.0,0.0,1.0,0.0,1.0,0.0,0.0,0.0,1.0,0.0,0.0,0,0,0,0,0.0,0.0,0.0,0.0,0.0,0.0,0.0,0.0,0.0,0.0,0.0,0.0,1.0,1.0,0.0,0.0,0.0,0.0,1.0,1.0,0.0,1.0,0.0,0.0,1.0,0.0,1.0,1.0,1.0,1.0,1.0,1.0,1.0,1.0,1.0,1.0,55.3470915478918,24512.82399148948,24505.126365573324,48.798827639521384,-3.5323387330754485,-4.638492367188891,24505.8,24517.92,24506.256252436047,24519.62088427355,24491.979115726448,68.81355932204376,70.05037097543408,10.492857142857247,-31.186440677956234,34.870443566142306,100.02285616330731,0.02285616330729574
2025-09-17 14:20:00,24506.55,24515.05,24505.85,24512.25,520,150,0,0.0,0.0,1.0,0.0,0.0,0.0,0.0,0.0,0.0,0.0,0.0,0.0,0.0,0.0,0.0,0.0,0.0,0.0,0.0,1.0,0.0,0.0,0.0,1.0,0.0,0,0,0,0,0.0,0.0,0.0,0.0,0.0,0.0,0.0,0.0,0.0,0.0,0.0,0.0,1.0,1.0,1.0,0.0,0.0,0.0,0.0,1.0,0.0,0.0,1.0,0.0,1.0,1.0,0.0,1.0,1.0,1.0,1.0,1.0,1.0,1.0,1.0,1.0,67.79504688742844,24512.801446058525,24502.69549651339,53.00268590505521,-2.641191170172533,-4.239032127785619,24505.609999999997,24517.528000000002,24506.827085594727,24518.933094314118,24492.286905685876,87.79661016949646,83.05084745763533,10.27142857142878,-12.203389830503541,62.5850340136073,100.04938745272986,0.0493874527298753
2025-09-17 14:25:00,24512.15,24512.15,24503.85,24506.35,517,150,0,0.0,0.0,0.0,1.0,0.0,0.0,0.0,0.0,0.0,0.0,0.0,0.0,0.0,0.0,0.0,0.0,0.0,0.0,0.0,0.0,1.0,0.0,0.0,0.0,1.0,0,0,0,0,0.0,0.0,0.0,0.0,0.0,0.0,0.0,0.0,0.0,0.0,0.0,0.0,1.0,1.0,1.0,1.0,0.0,0.0,0.0,0.0,0.0,0.0,0.0,1.0,1.0,1.0,1.0,0.0,1.0,1.0,1.0,1.0,1.0,1.0,1.0,1.0,47.06164331079834,24512.548059863148,24500.55528473662,48.485873513775594,-2.3835531939439534,-3.8679363410172862,24505.135000000002,24516.944,24506.78164886729,24517.56861741823,24492.701382581774,67.79661016949152,74.80225988701058,10.264285714286027,-32.20338983050847,30.559883660549154,100.01305954540538,0.013059545405374776
2025-09-17 14:30:00,24505.85,24507.65,24497.65,24497.85,598,150,0,0.0,0.0,0.0,0.0,1.0,0.0,0.0,0.0,0.0,0.0,0.0,0.0,0.0,1.0,0.0,0.0,0.0,0.0,0.0,0.0,0.0,0.0,0.0,0.0,0.0,0,0,0,0,0.0,0.0,0.0,0.0,0.0,0.0,0.0,0.0,0.0,0.0,0.0,0.0,1.0,1.0,1.0,1.0,0.0,0.0,0.0,0.0,0.0,0.0,0.0,0.0,1.0,1.0,1.0,1.0,1.0,1.0,1.0,1.0,1.0,1.0,1.0,1.0,28.335153497501125,24511.970815430792,24497.70374806299,42.82385216190645,-2.8325975074694725,-3.660868574307724,24504.345,24516.066000000003,24505.931015571878,24516.50541463964,24492.184585360363,38.983050847457626,64.85875706214853,10.400000000000416,-61.016949152542374,-44.00389990247893,99.9987754177356,-0.001224582264386945
2025-09-17 14:35:00,24497.65,24497.65,24486.75,24491.35,681,150,0,0.0,0.0,0.0,0.0,0.0,0.0,0.0,0.0,0.0,1.0,0.0,0.0,0.0,1.0,1.0,0.0,0.0,0.0,0.0,0.0,0.0,0.0,0.0,0.0,0.0,0,0,0,0,0.0,0.0,0.0,0.0,0.0,0.0,0.0,0.0,0.0,0.0,0.0,0.0,0.0,1.0,1.0,1.0,1.0,0.0,0.0,0.0,0.0,0.0,0.0,0.0,1.0,1.0,1.0,1.0,1.0,1.0,1.0,1.0,1.0,1.0,1.0,1.0,19.455200154447525,24511.161010413467,24494.236357179732,39.066831509729646,-3.6706494388163264,-3.662824747209444,24503.379999999997,24514.941999999995,24504.542347318846,24516.461944165723,24490.29805583427,16.94915254237288,41.24293785310734,10.742857142857506,-83.05084745762711,-145.4583728028511,99.96652999748974,-0.03347000251025316
2025-09-17 14:40:00,24491.55,24495.25,24489.15,24489.35,586,150,0,0.0,0.0,0.0,0.0,0.0,1.0,0.0,0.0,0.0,1.0,1.0,0.0,0.0,1.0,1.0,1.0,0.0,0.0,0.0,0.0,0.0,0.0,0.0,0.0,0.0,0,0,0,0,0.0,0.0,0.0,0.0,0.0,0.0,0.0,0.0,0.0,0.0,0.0,0.0,0.0,0.0,1.0,1.0,1.0,1.0,0.0,0.0,0.0,0.0,0.0,0.0,1.0,1.0,1.0,1.0,1.0,1.0,1.0,1.0,1.0,1.0,1.0,1.0,16.99676240522342,24510.304512544568,24491.333480759284,37.96320519790919,-4.444955732706148,-3.8192509443087856,24502.155000000002,24513.694,24503.095457000596,24515.689435613116,24488.62056438689,10.16949152542373,22.033898305084744,10.50000000000026,-89.83050847457628,-143.07261366083407,99.95020723178737,-0.04979276821262625
2025-09-17 14:45:00,24489.25,24501.85,24489.25,24501.15,605,150,0,1.0,0.0,0.0,0.0,0.0,0.0,1.0,0.0,0.0,0.0,1.0,1.0,0.0,0.0,1.0,1.0,1.0,0.0,0.0,0.0,0.0,0.0,0.0,0.0,0.0,0,0,0,0,0.0,0.0,0.0,0.0,0.0,0.0,0.0,0.0,0.0,0.0,0.0,0.0,1.0,0.0,0.0,1.0,0.0,1.0,1.0,0.0,0.0,0.0,0.0,0.0,1.0,1.0,1.0,1.0,1.0,1.0,1.0,1.0,1.0,1.0,1.0,1.0,60.816511282217206,24509.945042631534,24492.017652375987,47.403902506027194,-4.0596430858749954,-3.8673293726220277,24501.454999999998,24512.825999999997,24502.910175370205,24513.52889092638,24489.381109073616,50.1694915254336,25.76271186441007,10.36428571428587,-49.8305084745664,-59.330512662861096,100.00571434402391,0.005714344023924551
2025-09-17 14:50:00,24501.25,24507.55,24500.05,24505.25,493,150,0,0.0,1.0,0.0,0.0,0.0,0.0,0.0,1.0,0.0,0.0,0.0,1.0,1.0,0.0,0.0,1.0,1.0,0.0,0.0,0.0,0.0,0.0,0.0,0.0,0.0,1,0,1,0,0.0,0.0,0.0,0.0,0.0,0.0,0.0,0.0,0.0,0.0,0.0,0.0,1.0,1.0,0.0,0.0,0.0,0.0,1.0,1.0,0.0,0.0,0.0,0.0,1.0,1.0,1.0,1.0,1.0,1.0,1.0,1.0,1.0,1.0,1.0,1.0,69.27144333695422,24509.76069201536,24493.361967329554,50.237532628053096,-3.3844314788875636,-3.7707497938751353,24501.555,24512.028,24503.13301582342,24513.7242407754,24489.385759224602,64.06779661017443,41.46892655367725,10.235714285714234,-35.932203389825574,44.1219085056955,100.04858461582431,0.04858461582430111
2025-09-17 14:55:00,24505.15,24505.35,24498.15,24501.55,564,150,0,0.0,0.0,1.0,0.0,0.0,0.0,0.0,0.0,1.0,0.0,0.0,0.0,1.0,0.0,0.0,0.0,1.0,0.0,0.0,0.0,0.0,0.0,0.0,0.0,0.0,0,0,0,0,1.0,0.0,0.0,0.0,0.0,0.0,1.0,0.0,0.0,0.0,0.0,0.0,1.0,1.0,1.0,0.0,0.0,0.0,0.0,1.0,0.0,0.0,0.0,0.0,1.0,1.0,1.0,1.0,0.0,1.0,1.0,1.0,1.0,1.0,1.0,1.0,53.61194874818937,24509.438315482017,24493.674170325372,47.73801312907683,-3.1120065481445636,-3.639001144729021,24501.325,24511.158,24502.98225240415,24513.300918819692,24489.34908118031,51.52542372881602,55.254237288141354,10.192857142856935,-48.47457627118397,9.173315963712376,99.99591879212572,-0.004081207874282473
2025-09-17 15:00:00,24502.55,24508.25,24498.75,24503.75,681,150,0,0.0,0.0,0.0,1.0,0.0,0.0,0.0,0.0,0.0,0.0,0.0,0.0,0.0,0.0,0.0,0.0,0.0,0.0,0.0,0.0,0.0,0.0,0.0,0.0,0.0,0,0,0,0,0.0,1.0,0.0,0.0,0.0,0.0,0.0,1.0,0.0,0.0,0.0,0.0,1.0,1.0,1.0,1.0,0.0,0.0,0.0,0.0,0.0,0.0,0.0,0.0,1.0,1.0,1.0,1.0,0.0,0.0,1.0,1.0,0.0,1.0,1.0,1.0,61.39543829178187,24509.214985629464,24495.05461324894,49.35162609378071,-2.6876055342472682,-3.448722022632671,24501.420000000002,24510.278,24503.0553712261,24513.443503298786,24489.396496701218,58.98305084746256,58.192090395484335,10.321428571428312,-41.01694915253744,41.39163916388102,99.95961433731819,-0.040385662681817903
2025-09-17 15:05:00,24503.05,24504.75,24499.85,24501.25,604,150,0,0.0,0.0,0.0,0.0,1.0,0.0,0.0,0.0,0.0,0.0,0.0,0.0,0.0,0.0,0.0,0.0,0.0,0.0,0.0,0.0,0.0,0.0,0.0,0.0,0.0,0,0,0,0,0.0,0.0,1.0,0.0,0.0,0.0,0.0,0.0,1.0,0.0,0.0,0.0,1.0,1.0,1.0,1.0,0.0,0.0,0.0,0.0,0.0,0.0,0.0,0.0,1.0,1.0,1.0,1.0,0.0,0.0,0.0,1.0,0.0,0.0,1.0,1.0,47.74113501506166,24508.902285289678,24496.36450800622,47.554784918330675,-2.5238994471437763,-3.263757507534892,24501.43,24509.316000000003,24502.88343110231,24513.452540234124,24489.407459765876,50.50847457627612,53.67231638418491,9.949999999999688,-49.49152542372388,13.472137170862236,99.97796516455738,-0.022034835442630695
2025-09-17 15:10:00,24501.65,24508.15,24497.55,24507.65,563,150,0,0.0,0.0,0.0,0.0,0.0,0.0,0.0,0.0,0.0,0.0,0.0,0.0,0.0,0.0,0.0,0.0,0.0,0.0,0.0,0.0,0.0,1.0,0.0,0.0,0.0,0,0,0,0,0.0,0.0,0.0,0.0,0.0,0.0,0.0,0.0,0.0,0.0,0.0,0.0,1.0,1.0,1.0,1.0,0.0,0.0,0.0,0.0,0.0,0.0,0.0,0.0,1.0,1.0,1.0,1.0,0.0,0.0,0.0,0.0,0.0,0.0,0.0,1.0,71.81311305797828,24508.853123502406,24499.556563145652,52.33885311229131,-1.8563369023140694,-2.9822733864907276,24501.805,24508.694000000003,24503.33739006171,24514.123659359608,24489.486340640393,72.20338983051833,60.564971751419,9.86428571428561,-27.79661016948166,49.080564466113366,99.9812338728595,-0.01876612714050544
2025-09-17 15:15:00,24507.75,24511.25,24503.35,24511.25,528,150,0,0.0,0.0,0.0,0.0,0.0,0.0,0.0,0.0,0.0,0.0,0.0,0.0,0.0,0.0,0.0,0.0,0.0,0.0,0.0,0.0,0.0,1.0,1.0,0.0,0.0,0,0,0,0,0.0,0.0,0.0,0.0,0.0,0.0,0.0,0.0,0.0,0.0,0.0,0.0,1.0,1.0,1.0,1.0,0.0,0.0,0.0,0.0,1.0,0.0,0.0,0.0,0.0,1.0,1.0,1.0,0.0,0.0,0.0,0.0,1.0,0.0,0.0,0.0,79.70204064882142,24508.94721531038,24503.50969460225,54.83462191158396,-1.0249839718198928,-2.590815503556561,24502.21,24508.112,24504.090971985774,24515.227623681487,24489.19237631851,84.19243986254716,68.96810142311388,9.192857142856935,-15.807560137452834,101.27907846509959,100.01999481766973,0.019994817669711954
2025-09-17 15:20:00,24511.55,24514.15,24508.15,24513.05,561,150,0,0.0,0.0,0.0,0.0,0.0,0.0,0.0,0.0,0.0,0.0,0.0,0.0,0.0,0.0,0.0,0.0,0.0,1.0,0.0,0.0,0.0,1.0,1.0,1.0,0.0,0,0,0,0,0.0,0.0,0.0,0.0,0.0,0.0,0.0,0.0,0.0,0.0,0.0,0.0,1.0,1.0,1.0,1.0,0.0,0.0,0.0,0.0,1.0,1.0,0.0,0.0,0.0,0.0,1.0,1.0,1.0,0.0,0.0,0.0,1.0,1.0,0.0,0.0,83.22357238809089,24509.10826777331,24506.704229080584,56.073202008583365,-0.2183688408586022,-2.1163261710169694,24502.954999999998,24507.835999999996,24504.944212774823,24516.68050066184,24489.229499338155,91.31944444444422,82.57175804583657,8.63571428571413,-8.680555555555774,126.42905178210586,100.06204626120252,0.06204626120251667
2025-09-17 15:25:00,24512.85,24517.75,24512.05,24516.05,632,150,0,0.0,0.0,0.0,0.0,0.0,0.0,0.0,0.0,0.0,0.0,0.0,0.0,0.0,0.0,0.0,0.0,0.0,1.0,1.0,0.0,0.0,1.0,1.0,1.0,1.0,0,0,0,0,0.0,0.0,0.0,0.0,0.0,0.0,0.0,0.0,0.0,0.0,0.0,0.0,1.0,1.0,1.0,1.0,0.0,0.0,0.0,0.0,1.0,1.0,1.0,0.0,0.0,0.0,0.0,1.0,1.0,1.0,0.0,0.0,1.0,1.0,1.0,0.0,88.29875203746293,24509.380750939414,24510.373731275817,58.1339001739599,0.655399003157072,-1.561981136182161,24503.780000000002,24507.65,24506.001906825193,24518.584849845396,24488.97515015461,94.51612903225572,90.00933777974903,8.335714285714337,-5.4838709677442825,146.73084636985826,100.10085193343772,0.10085193343772691
2025-09-17 15:30:00,24515.75,24524.15,24515.75,24516.15,601,150,0,0.0,0.0,0.0,0.0,0.0,0.0,0.0,0.0,0.0,0.0,0.0,0.0,0.0,0.0,0.0,0.0,0.0,1.0,1.0,1.0,0.0,1.0,1.0,1.0,1.0,0,0,0,0,0.0,0.0,0.0,0.0,0.0,0.0,0.0,0.0,0.0,0.0,0.0,0.0,1.0,1.0,1.0,1.0,0.0,0.0,0.0,0.0,1.0,1.0,1.0,1.0,0.0,0.0,0.0,0.0,1.0,1.0,1.0,0.0,1.0,1.0,1.0,1.0,88.47310695484418,24509.646453750407,24513.594821797542,58.20428515917106,1.3404831989682862,-0.9814882691520715,24504.51,24507.466,24506.96839191338,24520.261410964285,24488.75858903571,78.60962566845004,88.14839971505,8.278571428571533,-21.390374331549967,160.57524961068327,100.10943532596824,0.1094353259682389
2025-09-17 15:35:00,24516.25,24522.15,24515.55,24517.75,565,150,0,0.0,0.0,0.0,0.0,0.0,0.0,0.0,0.0,0.0,0.0,0.0,0.0,0.0,0.0,0.0,0.0,0.0,1.0,1.0,1.0,1.0,1.0,1.0,1.0,1.0,0,0,0,0,0.0,0.0,0.0,0.0,0.0,0.0,0.0,0.0,0.0,0.0,0.0,0.0,1.0,1.0,1.0,1.0,0.0,0.0,0.0,0.0,1.0,1.0,1.0,1.0,0.0,0.0,0.0,0.0,1.0,1.0,1.0,1.0,1.0,1.0,1.0,1.0,91.50944097172983,24509.96451828111,24516.618914643634,59.38094781502011,1.9895890749903629,-0.3872728003235845,24505.409999999996,24507.286,24507.995211754143,24522.04824383438,24488.771756165614,82.88770053475614,85.33781841182063,8.150000000000157,-17.112299465243865,136.88342720602697,100.06775192184855,0.06775192184856034
2025-09-17 15:40:00,24517.75,24520.35,24511.15,24512.05,632,150,0,0.0,0.0,0.0,0.0,0.0,0.0,0.0,0.0,0.0,0.0,0.0,0.0,0.0,0.0,0.0,0.0,0.0,0.0,1.0,1.0,1.0,0.0,1.0,1.0,1.0,0,0,0,0,0.0,0.0,0.0,0.0,0.0,0.0,0.0,0.0,0.0,0.0,0.0,0.0,0.0,1.0,1.0,1.0,1.0,0.0,0.0,0.0,1.0,1.0,1.0,1.0,0.0,0.0,0.0,0.0,1.0,1.0,1.0,1.0,1.0,1.0,1.0,1.0,38.008360628059016,24510.046370714088,24518.448789385322,53.59247998889724,2.020774075968802,0.09433657493489295,24506.345,24507.48,24508.381382071093,24522.213601901665,24490.476398098337,67.64705882352483,76.381461675577,8.09285714285709,-32.35294117647516,86.57986554334832,100.02774915579313,0.027749155793143396
2025-09-17 15:45:00,24512.05,24517.15,24507.15,24513.85,759,150,0,0.0,0.0,0.0,0.0,0.0,0.0,0.0,0.0,0.0,0.0,0.0,0.0,0.0,0.0,0.0,0.0,0.0,0.0,0.0,1.0,1.0,0.0,0.0,1.0,1.0,0,0,0,0,0.0,0.0,0.0,0.0,0.0,0.0,0.0,0.0,0.0,0.0,0.0,0.0,0.0,0.0,1.0,1.0,1.0,1.0,0.0,0.0,1.0,1.0,1.0,1.0,0.0,0.0,0.0,0.0,1.0,1.0,1.0,1.0,1.0,1.0,1.0,1.0,51.4529708583929,24510.19565326704,24520.66784607438,55.08157812786859,2.165767594182398,0.5086227787843941,24506.91,24508.02,24508.902202835772,24523.01261828981,24490.80738171019,70.57142857142026,73.70206264323376,8.014285714285766,-29.42857142857974,62.03541137109806,100.050200905657,0.050200905656986074
2025-09-17 15:50:00,24514.05,24519.55,24510.55,24519.55,642,150,0,0.0,0.0,0.0,0.0,0.0,0.0,0.0,0.0,0.0,0.0,0.0,0.0,0.0,0.0,0.0,0.0,0.0,0.0,0.0,0.0,1.0,1.0,0.0,0.0,1.0,0,0,0,0,0.0,0.0,0.0,0.0,0.0,0.0,0.0,0.0,0.0,0.0,0.0,0.0,0.0,0.0,0.0,1.0,1.0,1.0,1.0,0.0,1.0,1.0,1.0,1.0,0.0,0.0,0.0,0.0,1.0,1.0,1.0,1.0,1.0,1.0,1.0,1.0,76.08720444603475,24510.56277539547,24522.625316373975,59.51202975636245,2.7093858024309156,0.9487753835136985,24507.204999999998,24508.706000000002,24509.916278772987,24524.027600712572,24490.382399287424,86.81948424068197,75.01265721187569,8.221428571428728,-13.180515759318027,94.99874340287374,100.06447992654186,0.06447992654185286
2025-09-17 15:55:00,24519.75,24524.85,24518.55,24523.85,670,150,0,0.0,0.0,0.0,0.0,0.0,0.0,0.0,0.0,0.0,0.0,0.0,0.0,0.0,0.0,0.0,0.0,0.0,1.0,0.0,0.0,0.0,1.0,1.0,0.0,0.0,1,0,1,0,0.0,0.0,0.0,0.0,0.0,0.0,0.0,0.0,0.0,0.0,0.0,0.0,0.0,0.0,0.0,0.0,1.0,1.0,1.0,1.0,1.0,1.0,1.0,1.0,0.0,0.0,0.0,0.0,1.0,1.0,1.0,1.0,1.0,1.0,1.0,1.0,84.80953223203461,24511.084231965444,24525.566490185985,62.515693249574745,3.447440939318767,1.4485084946747124,24508.065,24509.2,24511.243299862137,24526.45381525041,24489.676184749587,96.33699633699624,84.57596971636616,7.771428571428779,-3.66300366300376,134.74264705882308,100.09224019182695,0.09224019182694167
2025-09-17 16:00:00,24524.05,24527.15,24520.55,24523.55,647,150,0,0.0,0.0,0.0,0.0,0.0,0.0,0.0,0.0,0.0,0.0,0.0,0.0,0.0,0.0,0.0,0.0,0.0,1.0,1.0,0.0,0.0,1.0,1.0,1.0,0.0,0,0,0,0,1.0,0.0,0.0,0.0,0.0,0.0,1.0,0.0,0.0,0.0,0.0,0.0,0.0,0.0,0.0,0.0,1.0,1.0,1.0,1.0,1.0,1.0,1.0,1.0,0.0,0.0,0.0,0.0,1.0,1.0,1.0,1.0,1.0,1.0,1.0,1.0,81.69120689688178,24511.573436187133,24527.556498579517,62.169165679974675,3.962470574035251,1.9513009105468206,24508.63,24509.504,24512.41536655784,24528.215666079755,24489.044333920247,87.83783783783136,90.33143947183653,7.707142857143221,-12.16216216216864,129.7978730896257,100.0648777014524,0.06487770145239473
2025-09-17 16:05:00,24523.75,24527.35,24518.75,24520.25,707,150,0,0.0,0.0,0.0,0.0,0.0,0.0,0.0,0.0,0.0,0.0,0.0,0.0,0.0,0.0,0.0,0.0,0.0,0.0,1.0,1.0,0.0,0.0,1.0,1.0,1.0,0,0,0,0,0.0,1.0,0.0,0.0,0.0,0.0,0.0,1.0,0.0,0.0,0.0,0.0,0.0,0.0,0.0,0.0,1.0,1.0,1.0,1.0,1.0,1.0,1.0,1.0,0.0,0.0,0.0,0.0,1.0,1.0,1.0,1.0,1.0,1.0,1.0,1.0,50.84468241720512,24511.913928025897,24528.343620867767,58.33844109054523,4.057579789725423,2.3725566863825414,24509.325,24509.658,24513.161522132927,24529.546184826504,24489.103815173497,76.17449664429961,86.7831102730424,7.807142857143325,-23.8255033557004,101.83552158862409,100.03671783364783,0.03671783364781478
2025-09-17 16:10:00,24520.15,24523.15,24519.25,24520.75,516,150,0,0.0,0.0,0.0,0.0,0.0,0.0,0.0,0.0,0.0,0.0,0.0,0.0,0.0,0.0,0.0,0.0,0.0,0.0,0.0,1.0,1.0,0.0,0.0,1.0,1.0,0,0,0,0,0.0,0.0,1.0,0.0,0.0,0.0,0.0,0.0,1.0,0.0,0.0,0.0,0.0,0.0,0.0,0.0,1.0,1.0,1.0,1.0,1.0,1.0,1.0,1.0,0.0,0.0,0.0,0.0,1.0,1.0,1.0,1.0,1.0,1.0,1.0,1.0,54.729688742858166,24512.260670027747,24528.853196022712,58.753144384171065,4.125741337004001,2.723193616506834,24510.47,24509.726000000002,24513.884234318775,24530.54822596479,24490.39177403521,77.85234899329294,80.62156115847463,7.407142857143429,-22.14765100670707,84.71454880294598,100.03141183981595,0.03141183981593775
2025-09-17 16:15:00,24520.55,24522.75,24515.55,24519.55,607,150,0,0.0,0.0,0.0,0.0,0.0,0.0,0.0,0.0,0.0,0.0,0.0,0.0,0.0,0.0,0.0,0.0,0.0,0.0,0.0,0.0,1.0,0.0,0.0,0.0,1.0,0,0,0,0,0.0,0.0,0.0,0.0,0.0,0.0,0.0,0.0,0.0,0.0,0.0,0.0,0.0,0.0,0.0,0.0,1.0,1.0,1.0,1.0,1.0,1.0,1.0,1.0,0.0,0.0,0.0,0.0,0.0,1.0,1.0,1.0,1.0,1.0,1.0,1.0,42.606875562518816,24512.546707903413,24529.121377840926,57.27948538464979,4.036400825076271,2.9858350582207214,24511.88,24509.69,24514.423831055745,24530.187329564633,24493.57267043537,73.8255033557065,75.95078299776635,7.571428571429091,-26.174496644293498,65.97780977386746,100.01427636181195,0.014276361811955842
2025-09-17 16:20:00,24519.75,24520.05,24512.05,24519.15,646,150,0,0.0,0.0,0.0,0.0,0.0,0.0,0.0,0.0,0.0,0.0,0.0,0.0,0.0,0.0,0.0,0.0,0.0,0.0,0.0,0.0,0.0,0.0,0.0,0.0,0.0,0,0,0,0,0.0,0.0,0.0,0.0,0.0,0.0,0.0,0.0,0.0,0.0,0.0,0.0,0.0,0.0,0.0,0.0,1.0,1.0,1.0,1.0,1.0,1.0,1.0,1.0,0.0,0.0,0.0,0.0,0.0,0.0,1.0,1.0,1.0,1.0,1.0,1.0,38.35859553227778,24512.80581876065,24528.50573024281,56.7683504208487,3.8884970111939765,3.166367448815373,24513.37,24509.725999999995,24514.87394238786,24528.538193869474,24498.201806130524,65.83333333334545,72.50372856078164,7.385714285714649,-34.166666666654535,41.783113400879934,100.01223683163956,0.012236831639551887
2025-09-17 16:25:00,24519.25,24531.15,24517.15,24522.05,864,150,0,0.0,0.0,0.0,0.0,0.0,0.0,0.0,0.0,0.0,0.0,0.0,0.0,0.0,0.0,0.0,0.0,0.0,0.0,0.0,0.0,0.0,1.0,0.0,0.0,0.0,0,0,0,0,0.0,0.0,0.0,0.0,0.0,0.0,0.0,0.0,0.0,0.0,0.0,0.0,0.0,0.0,0.0,0.0,1.0,1.0,1.0,1.0,1.0,1.0,1.0,1.0,0.0,0.0,0.0,0.0,1.0,0.0,0.0,1.0,1.0,1.0,1.0,1.0,70.42631786704214,24513.168548486534,24528.478509168406,59.58420545769437,3.9596434962113563,3.3250226582945697,24514.415,24509.87,24515.557376451783,24528.902929640295,24499.927070359707,62.08333333332424,67.24739000745873,7.821428571428831,-37.916666666675766,98.10701313216971,100.01753831407858,0.01753831407857276
2025-09-17 16:30:00,24521.25,24539.75,24495.55,24501.05,1814,150,0,1.0,0.0,0.0,0.0,0.0,0.0,0.0,0.0,0.0,1.0,0.0,0.0,0.0,1.0,0.0,0.0,0.0,0.0,0.0,0.0,0.0,0.0,1.0,0.0,0.0,0,0,0,0,0.0,0.0,0.0,0.0,0.0,0.0,0.0,0.0,0.0,0.0,0.0,0.0,0.0,0.0,0.0,0.0,1.0,1.0,1.0,1.0,0.0,1.0,1.0,1.0,1.0,0.0,0.0,0.0,1.0,1.0,0.0,0.0,1.0,1.0,1.0,1.0,10.589186968524075,24512.693043251154,24523.72148760328,39.51358187051845,2.295048096726532,3.1190277459809623,24514.205,24509.52,24514.175721541327,24529.358734992056,24499.051265007947,12.443438914026943,46.78670186023222,10.550000000000312,-87.55656108597304,-26.718708752843305,99.95512411242635,-0.04487588757366275
2025-09-17 16:35:00,24500.85,24510.05,24477.75,24480.65,1828,150,0,1.0,0.0,0.0,0.0,0.0,1.0,0.0,0.0,0.0,1.0,1.0,0.0,0.0,1.0,1.0,0.0,0.0,0.0,0.0,0.0,0.0,0.0,0.0,1.0,0.0,0,0,0,0,0.0,0.0,0.0,0.0,0.0,0.0,0.0,0.0,0.0,0.0,0.0,0.0,0.0,0.0,0.0,0.0,1.0,1.0,1.0,1.0,0.0,0.0,1.0,1.0,1.0,1.0,0.0,0.0,1.0,1.0,1.0,0.0,1.0,1.0,1.0,1.0,4.7314361433065955,24511.435772395507,24514.47047714359,29.21756424598884,-0.6626261171331862,2.362696973358133,24513.159999999996,24508.69,24510.98279565874,24533.856900352686,24492.463099647306,4.6774193548410565,26.401397200730752,12.450000000000207,-95.32258064515894,-245.3959947669686,99.86456635738573,-0.13543364261426538
2025-09-17 16:40:00,24481.05,24486.75,24465.75,24475.35,1804,150,0,0.0,0.0,0.0,0.0,0.0,0.0,1.0,0.0,0.0,1.0,1.0,1.0,0.0,1.0,1.0,1.0,0.0,0.0,0.0,0.0,0.0,0.0,0.0,0.0,1.0,0,0,0,0,0.0,0.0,0.0,0.0,0.0,0.0,0.0,0.0,0.0,0.0,0.0,0.0,0.0,0.0,0.0,0.0,1.0,1.0,1.0,1.0,0.0,0.0,0.0,1.0,1.0,1.0,1.0,0.0,1.0,1.0,1.0,1.0,1.0,1.0,1.0,1.0,3.892333192449314,24510.0199073204,24504.09305591428,27.23221791895078,-3.3951327638569637,1.2111310259151133,24511.739999999998,24507.696,24507.589196051507,24538.239008918874,24485.240991081122,12.972972972971005,10.031277080613007,13.350000000000104,-87.02702702702899,-293.2669797060207,99.81973568030408,-0.1802643196959191
2025-09-17 16:45:00,24475.25,24498.55,24460.55,24496.05,1782,150,0,1.0,0.0,0.0,0.0,0.0,0.0,0.0,1.0,0.0,0.0,1.0,1.0,1.0,0.0,1.0,1.0,1.0,0.0,0.0,0.0,0.0,0.0,0.0,0.0,0.0,0,0,0,0,0.0,0.0,0.0,0.0,0.0,0.0,0.0,0.0,0.0,0.0,0.0,0.0,0.0,0.0,0.0,0.0,1.0,1.0,1.0,1.0,0.0,0.0,0.0,0.0,1.0,1.0,1.0,1.0,1.0,1.0,1.0,1.0,1.0,1.0,1.0,1.0,52.864875976026354,24509.471793791326,24500.247514204555,43.40687564064462,-3.846013196733111,0.19970218138546822,24511.48,24507.113999999998,24506.490224992922,24538.509114906523,24484.450885093476,44.823232323231906,20.824541550347995,15.59285714285709,-55.176767676768094,-187.28174428499878,99.88664096379647,-0.11335903620352952
2025-09-17 16:50:00,24496.15,24519.55,24494.85,24498.25,1698,150,0,0.0,0.0,0.0,0.0,0.0,0.0,0.0,0.0,1.0,0.0,0.0,1.0,1.0,0.0,0.0,1.0,1.0,0.0,0.0,0.0,0.0,0.0,0.0,0.0,0.0,0,0,0,0,0.0,0.0,0.0,0.0,0.0,0.0,0.0,0.0,0.0,0.0,0.0,0.0,0.0,0.0,0.0,0.0,1.0,1.0,1.0,1.0,0.0,0.0,0.0,0.0,1.0,1.0,1.0,1.0,1.0,1.0,1.0,1.0,1.0,1.0,1.0,1.0,56.40617946008369,24509.031511962134,24498.498647339926,44.81093672581151,-3.9799393742214306,-0.6362261297359119,24511.010000000002,24506.758,24505.705441656344,24538.6397627473,24483.380237252702,47.60101010101058,35.1324051324045,16.70000000000021,-52.39898989898941,-52.11482132396458,99.89683385969813,-0.10316614030187014
2025-09-17 16:55:00,24498.35,24505.55,24472.05,24477.05,1655,150,0,1.0,0.0,0.0,0.0,0.0,0.0,0.0,0.0,0.0,0.0,0.0,0.0,1.0,1.0,0.0,0.0,1.0,0.0,0.0,0.0,0.0,0.0,0.0,0.0,0.0,0,0,0,0,0.0,0.0,0.0,0.0,0.0,0.0,0.0,0.0,0.0,0.0,0.0,0.0,0.0,0.0,0.0,0.0,1.0,1.0,1.0,1.0,0.0,0.0,0.0,0.0,1.0,1.0,1.0,1.0,1.0,1.0,1.0,1.0,1.0,1.0,1.0,1.0,27.040577940244162,24507.776755950075,24491.554658445286,35.6358980594713,-5.730679343971133,-1.6551167725829563,24509.3,24505.982000000004,24502.976351962465,24540.825795619963,24477.774204380035,20.833333333333144,37.75252525252521,18.378571428571636,-79.16666666666686,-151.28736312522665,99.82381908830456,-0.17618091169543837
2025-09-17 17:00:00,24476.75,24478.75,24446.65,24471.55,1728,150,0,0.0,0.0,0.0,0.0,0.0,0.0,0.0,0.0,0.0,0.0,0.0,0.0,0.0,1.0,1.0,0.0,0.0,0.0,0.0,0.0,0.0,0.0,0.0,0.0,0.0,0,0,0,0,0.0,0.0,0.0,0.0,0.0,0.0,0.0,0.0,0.0,0.0,0.0,0.0,0.0,0.0,0.0,0.0,1.0,1.0,1.0,1.0,0.0,0.0,0.0,0.0,1.0,1.0,1.0,1.0,1.0,1.0,1.0,1.0,1.0,1.0,1.0,1.0,22.485176933555024,24506.355468649734,24484.87406379132,33.707645945277505,-7.47578111139228,-2.8192496403448217,24507.225,24505.14,24499.98336604905,24542.90131530416,24471.548684695837,26.74543501610978,31.72659281681784,20.02857142857153,-73.25456498389022,-197.26375088991006,99.79935360867836,-0.2006463913216387
2025-09-17 17:05:00,24471.65,24477.65,24462.25,24464.85,1767,150,0,0.0,0.0,0.0,0.0,0.0,0.0,0.0,0.0,0.0,1.0,0.0,0.0,0.0,1.0,1.0,1.0,0.0,0.0,0.0,0.0,0.0,0.0,0.0,0.0,0.0,0,0,0,0,0.0,0.0,0.0,0.0,0.0,0.0,0.0,0.0,0.0,0.0,0.0,0.0,0.0,0.0,0.0,0.0,1.0,1.0,1.0,1.0,0.0,0.0,0.0,0.0,1.0,1.0,1.0,1.0,1.0,1.0,1.0,1.0,1.0,1.0,1.0,1.0,17.19270813131739,24504.72710950631,24476.954413094016,31.473469229056192,-9.292304761180276,-4.113860664511913,24504.665,24504.224,24496.637331174872,24544.750396999767,24464.579603000235,19.548872180448306,22.375880176630414,20.67857142857169,-80.45112781955169,-149.82985220593918,99.77691270843061,-0.22308729156938334
2025-09-17 17:10:00,24465.05,24474.65,24459.75,24473.25,1638,150,0,0.0,0.0,0.0,0.0,0.0,0.0,0.0,0.0,0.0,0.0,1.0,0.0,0.0,0.0,1.0,1.0,1.0,0.0,0.0,0.0,0.0,0.0,0.0,0.0,0.0,0,0,0,0,0.0,0.0,0.0,0.0,0.0,0.0,0.0,0.0,0.0,0.0,0.0,0.0,1.0,0.0,0.0,0.0,0.0,1.0,1.0,1.0,0.0,0.0,0.0,0.0,1.0,1.0,1.0,1.0,1.0,1.0,1.0,1.0,1.0,1.0,1.0,1.0,42.60045644098398,24503.492207598654,24471.007683367767,37.10223858499521,-9.939526548692811,-5.278993841348093,24502.52,24503.412,24494.409966293628,24544.56123790051,24460.47876209949,28.571428571427454,24.955245255995184,21.27142857142878,-71.42857142857254,-123.06553930284663,99.81279938333914,-0.1872006166608608
2025-09-17 17:15:00,24473.55,24480.05,24454.05,24463.05,1594,150,0,0.0,0.0,0.0,0.0,0.0,0.0,0.0,0.0,0.0,0.0,0.0,1.0,0.0,1.0,0.0,1.0,1.0,0.0,0.0,0.0,0.0,0.0,0.0,0.0,0.0,0,0,0,0,0.0,0.0,0.0,0.0,0.0,0.0,0.0,0.0,0.0,0.0,0.0,0.0,1.0,1.0,0.0,0.0,0.0,0.0,1.0,1.0,0.0,0.0,0.0,0.0,1.0,1.0,1.0,1.0,1.0,1.0,1.0,1.0,1.0,1.0,1.0,1.0,27.3278038372695,24501.90561473345,24462.84409220041,33.50349883934328,-11.147013182628143,-6.452597709604104,24499.785,24502.37,24491.423302828058,24544.67500709332,24454.89499290668,17.61546723952532,21.911922663800365,22.514285714286025,-82.38453276047468,-115.83493494157278,99.75940021327744,-0.24059978672256194
2025-09-17 17:20:00,24462.75,24472.55,24451.55,24452.75,1572,150,0,0.0,0.0,0.0,0.0,0.0,0.0,0.0,0.0,0.0,1.0,0.0,0.0,1.0,1.0,1.0,0.0,1.0,0.0,0.0,0.0,0.0,0.0,0.0,0.0,0.0,0,0,0,0,0.0,0.0,0.0,0.0,0.0,0.0,0.0,0.0,0.0,0.0,0.0,0.0,0.0,1.0,1.0,0.0,1.0,0.0,0.0,1.0,0.0,0.0,0.0,0.0,1.0,1.0,1.0,1.0,1.0,1.0,1.0,1.0,1.0,1.0,1.0,1.0,17.710413627411214,24499.977214949005,24453.155023243784,30.30673060235111,-12.787670444966352,-7.719612256676555,24496.82,24501.36,24487.740131120067,24545.933878411575,24447.706121588424,6.552094522017874,17.579663444323554,23.735714285714494,-93.44790547798213,-119.14978239752574,99.80286559147466,-0.19713440852534594
2025-09-17 17:25:00,24453.05,24457.75,24435.55,24439.25,1639,150,0,0.0,0.0,0.0,0.0,0.0,0.0,0.0,0.0,0.0,1.0,1.0,0.0,0.0,1.0,1.0,1.0,0.0,0.0,0.0,0.0,0.0,0.0,0.0,0.0,0.0,0,0,0,0,0.0,0.0,0.0,0.0,0.0,0.0,0.0,0.0,0.0,0.0,0.0,0.0,0.0,0.0,1.0,1.0,1.0,1.0,0.0,0.0,0.0,0.0,0.0,0.0,1.0,1.0,1.0,1.0,1.0,1.0,1.0,1.0,1.0,1.0,1.0,1.0,10.467795985223887,24497.594890711032,24442.93386492768,26.709502236171545,-15.004280067678337,-9.176545818876912,24493.09,24500.022,24483.12202338291,24547.7734873565,24438.4065126435,3.550863723609119,9.239475161717442,24.807142857143067,-96.44913627639087,-141.24008145494102,99.83088684328234,-0.16911315671765845
2025-09-17 17:30:00,24439.05,24458.75,24434.35,24447.55,1697,150,0,0.0,0.0,0.0,0.0,0.0,0.0,0.0,0.0,0.0,0.0,1.0,1.0,0.0,0.0,1.0,1.0,1.0,0.0,0.0,0.0,0.0,0.0,0.0,0.0,0.0,0,0,0,0,0.0,0.0,0.0,0.0,0.0,0.0,0.0,0.0,0.0,0.0,0.0,0.0,1.0,0.0,0.0,1.0,0.0,1.0,1.0,0.0,0.0,0.0,0.0,0.0,1.0,1.0,1.0,1.0,1.0,1.0,1.0,1.0,1.0,1.0,1.0,1.0,34.98684734984653,24495.631661236876,24436.452840909085,32.04960841103319,-15.907842946493474,-10.522805244400226,24489.489999999998,24498.936,24479.734211624567,24546.278449529756,24432.70155047024,12.523719165085906,7.542225803570971,25.97857142857174,-87.47628083491409,-119.21705379207407,99.88641633316786,-0.11358366683213632
2025-09-17 17:35:00,24447.35,24448.75,24432.05,24442.25,1533,150,0,0.0,0.0,0.0,0.0,0.0,0.0,0.0,0.0,0.0,0.0,0.0,1.0,1.0,1.0,0.0,1.0,1.0,0.0,0.0,0.0,0.0,0.0,0.0,0.0,0.0,0,0,0,0,0.0,0.0,0.0,0.0,0.0,0.0,0.0,0.0,0.0,0.0,0.0,0.0,1.0,1.0,0.0,0.0,0.0,0.0,1.0,1.0,0.0,0.0,0.0,0.0,1.0,1.0,1.0,1.0,1.0,1.0,1.0,1.0,1.0,1.0,1.0,1.0,27.71654441297163,24493.537561013738,24429.50561079546,30.52037242231347,-16.85726855559915,-11.789697906640011,24485.41,24497.76,24476.164286700707,24543.514240265537,24427.305759734463,9.470752089137102,8.51511165927738,26.171428571428937,-90.52924791086289,-122.2415312262088,99.78037275397462,-0.21962724602537664
2025-09-17 17:40:00,24442.55,24447.75,24423.55,24424.25,1542,150,0,1.0,0.0,0.0,0.0,0.0,0.0,0.0,0.0,0.0,1.0,0.0,0.0,1.0,1.0,1.0,0.0,1.0,0.0,0.0,0.0,0.0,0.0,0.0,0.0,0.0,0,0,0,0,0.0,0.0,0.0,0.0,0.0,0.0,0.0,0.0,0.0,0.0,0.0,0.0,1.0,1.0,1.0,0.0,0.0,0.0,0.0,1.0,0.0,0.0,0.0,0.0,1.0,1.0,1.0,1.0,1.0,1.0,1.0,1.0,1.0,1.0,1.0,1.0,13.463724336249385,24490.81952665034,24419.946058238602,25.985507954003296,-18.84491207746032,-13.200740740804076,24480.445,24496.242000000002,24471.22006891062,24541.711200005793,24419.178799994206,0.7291666666674246,7.574545973630149,24.742857142857506,-99.27083333333258,-131.6723193321068,99.6979376077883,-0.30206239221168857
2025-09-17 17:45:00,24424.15,24434.05,24415.75,24428.55,1555,150,0,0.0,0.0,0.0,0.0,0.0,0.0,0.0,0.0,0.0,0.0,1.0,0.0,0.0,1.0,1.0,1.0,0.0,0.0,0.0,0.0,0.0,0.0,0.0,0.0,0.0,0,0,0,0,0.0,0.0,0.0,0.0,0.0,0.0,0.0,0.0,0.0,0.0,0.0,0.0,1.0,1.0,1.0,1.0,0.0,0.0,0.0,0.0,0.0,0.0,0.0,0.0,1.0,1.0,1.0,1.0,1.0,1.0,1.0,1.0,1.0,1.0,1.0,1.0,26.928443179638435,24488.376828810677,24412.592742768553,28.710593354998352,-19.844405914533127,-14.529473775549889,24475.859999999997,24494.75,24467.15625281715,24538.297434789944,24413.42256521005,12.331406551059116,7.510441768954553,23.742857142857506,-87.66859344894088,-132.3446745879478,99.80185520722473,-0.19814479277527317
2025-09-17 17:50:00,24428.35,24430.85,24409.55,24429.35,1558,150,0,0.0,0.0,0.0,0.0,0.0,0.0,0.0,0.0,0.0,0.0,0.0,1.0,0.0,1.0,1.0,1.0,1.0,0.0,0.0,0.0,0.0,0.0,0.0,0.0,0.0,0,0,0,0,0.0,0.0,0.0,0.0,0.0,0.0,0.0,0.0,0.0,0.0,0.0,0.0,1.0,1.0,1.0,1.0,0.0,0.0,0.0,0.0,0.0,0.0,0.0,0.0,1.0,1.0,1.0,1.0,1.0,1.0,1.0,1.0,1.0,1.0,1.0,1.0,29.969329360525066,24486.061363038472,24407.427385717925,29.232631950693786,-20.337520394394232,-15.691083099318757,24471.29,24493.374,24463.55565730535,24533.271199186704,24409.308800813298,17.99999999999934,10.353524405908631,23.764285714286025,-82.00000000000067,-127.67277710266333,99.82755485451473,-0.17244514548527057
2025-09-17 17:55:00,24429.55,24435.25,24417.35,24419.75,1451,150,0,0.0,0.0,0.0,0.0,0.0,0.0,0.0,0.0,0.0,1.0,0.0,0.0,1.0,1.0,1.0,1.0,1.0,0.0,0.0,0.0,0.0,0.0,0.0,0.0,0.0,0,0,0,0,0.0,0.0,0.0,0.0,0.0,0.0,0.0,0.0,0.0,0.0,0.0,0.0,1.0,1.0,1.0,1.0,0.0,0.0,0.0,0.0,0.0,0.0,0.0,0.0,1.0,1.0,1.0,1.0,1.0,1.0,1.0,1.0,1.0,1.0,1.0,1.0,17.134404591687286,24483.46017465595,24401.660853564073,26.70541315233747,-21.257908885418146,-16.804448256538638,24466.3,24491.778,24459.38368993727,24527.99068854066,24404.60931145934,9.272727272727934,13.201377941262136,22.328571428571845,-90.72727272727207,-116.22285676339108,99.81565388710743,-0.1843461128925726
2025-09-17 18:00:00,24419.65,24424.65,24409.15,24410.25,1410,150,0,0.0,0.0,0.0,0.0,0.0,0.0,0.0,0.0,0.0,1.0,1.0,0.0,0.0,1.0,1.0,1.0,1.0,0.0,0.0,0.0,0.0,0.0,0.0,0.0,0.0,0,0,0,0,0.0,0.0,0.0,0.0,0.0,0.0,0.0,0.0,0.0,0.0,0.0,0.0,1.0,1.0,1.0,1.0,0.0,0.0,0.0,0.0,0.0,0.0,0.0,0.0,1.0,1.0,1.0,1.0,1.0,1.0,1.0,1.0,1.0,1.0,1.0,1.0,10.475200940228717,24480.588399533342,24395.268972753085,24.452543710742304,-22.494590260088444,-17.9424766572486,24460.855000000003,24489.952,24454.704290889873,24522.12711008014,24399.582889919868,1.14107883817279,9.471268703633358,21.671428571428937,-98.85892116182721,-126.30532509136823,99.74257607796268,-0.25742392203732645
2025-09-17 18:05:00,24410.65,24416.75,24403.65,24415.55,1429,150,0,0.0,0.0,0.0,0.0,0.0,0.0,0.0,0.0,0.0,0.0,1.0,1.0,0.0,0.0,1.0,1.0,1.0,0.0,0.0,0.0,0.0,0.0,0.0,0.0,0.0,0,0,0,0,0.0,0.0,0.0,0.0,0.0,0.0,0.0,0.0,0.0,0.0,0.0,0.0,1.0,1.0,1.0,1.0,0.0,0.0,0.0,0.0,0.0,0.0,0.0,0.0,1.0,1.0,1.0,1.0,1.0,1.0,1.0,1.0,1.0,1.0,1.0,1.0,32.44607710458641,24478.037201579908,24391.820490056794,28.096903645230284,-22.784359583820333,-18.910853242562947,24455.53,24488.268000000004,24450.975310800975,24512.789137629657,24398.27086237034,15.575916230364081,8.663240780421607,20.214285714285975,-84.42408376963591,-120.26903860611269,99.80582960832766,-0.1941703916723385
2025-09-17 18:10:00,24415.55,24432.35,24406.85,24431.05,1321,150,0,0.0,0.0,0.0,0.0,0.0,0.0,0.0,0.0,0.0,0.0,0.0,1.0,1.0,0.0,0.0,1.0,1.0,0.0,0.0,0.0,0.0,0.0,0.0,0.0,0.0,0,0,0,0,0.0,0.0,0.0,0.0,0.0,0.0,0.0,0.0,0.0,0.0,0.0,0.0,1.0,1.0,1.0,1.0,0.0,0.0,0.0,0.0,0.0,0.0,0.0,0.0,1.0,1.0,1.0,1.0,1.0,1.0,1.0,1.0,1.0,1.0,1.0,1.0,67.46884989083398,24476.194099444612,24393.03384232955,37.58029439346394,-21.515268907191057,-19.43173637548857,24452.03,24487.022,24449.077662151354,24506.03895052515,24398.021049474846,35.863874345547906,17.526956471361597,19.742857142857506,-64.13612565445209,-81.48559785126069,99.911257425034,-0.08874257496600885
2025-09-17 18:15:00,24431.25,24442.15,24424.35,24436.55,1401,150,0,0.0,0.0,0.0,0.0,0.0,0.0,0.0,0.0,0.0,0.0,0.0,0.0,1.0,0.0,0.0,0.0,1.0,0.0,0.0,0.0,0.0,1.0,0.0,0.0,0.0,0,0,0,0,0.0,0.0,0.0,0.0,0.0,0.0,0.0,0.0,0.0,0.0,0.0,0.0,1.0,1.0,1.0,1.0,0.0,0.0,0.0,0.0,0.0,0.0,0.0,0.0,1.0,1.0,1.0,1.0,1.0,1.0,1.0,1.0,1.0,1.0,1.0,1.0,74.50426515915102,24474.639050494752,24396.357034478275,40.57530712663621,-19.837032449304388,-19.512795590251734,24449.825,24485.701999999997,24447.884551469186,24502.498527756376,24397.151472243626,43.06282722512926,31.50087260034709,19.914285714286184,-56.93717277487074,-45.72057913383242,99.98895219779658,-0.011047802203425749
2025-09-17 18:20:00,24436.75,24437.85,24421.55,24422.65,1373,150,0,0.0,0.0,0.0,0.0,0.0,0.0,0.0,0.0,0.0,0.0,0.0,0.0,0.0,0.0,0.0,0.0,0.0,0.0,0.0,0.0,0.0,0.0,1.0,0.0,0.0,0,0,0,0,0.0,0.0,0.0,0.0,0.0,0.0,0.0,0.0,0.0,0.0,0.0,0.0,1.0,1.0,1.0,1.0,0.0,0.0,0.0,0.0,0.0,0.0,0.0,0.0,1.0,1.0,1.0,1.0,1.0,1.0,1.0,1.0,1.0,1.0,1.0,1.0,40.93981381840335,24472.59978745472,24396.397807980346,35.88857658597206,-19.404943578243547,-19.491225187850098,24447.19,24483.882,24445.481260851095,24499.75968908517,24394.620310914826,24.86910994764469,34.59860383944062,20.014285714286025,-75.13089005235531,-60.82314931873494,99.89814930330442,-0.10185069669556997
2025-09-17 18:25:00,24422.55,24424.75,24405.25,24411.75,1373,150,0,0.0,0.0,0.0,0.0,0.0,0.0,0.0,0.0,0.0,0.0,0.0,0.0,0.0,1.0,0.0,0.0,0.0,0.0,0.0,0.0,0.0,0.0,0.0,1.0,0.0,0,0,0,0,0.0,0.0,0.0,0.0,0.0,0.0,0.0,0.0,0.0,0.0,0.0,0.0,1.0,1.0,1.0,1.0,0.0,0.0,0.0,0.0,0.0,0.0,0.0,0.0,1.0,1.0,1.0,1.0,1.0,1.0,1.0,1.0,1.0,1.0,1.0,1.0,26.759638171152517,24470.21298516711,24394.935120738617,32.69895993882703,-19.714789042714983,-19.535937958823077,24442.975,24481.984,24442.268759815266,24492.478508647422,24393.471491352575,11.756168359940206,26.56270184423806,19.550000000000313,-88.2438316400598,-94.62399412859664,99.8752160705336,-0.12478392946639527
2025-09-17 18:30:00,24411.85,24419.65,24407.55,24415.05,1329,130,0,0.0,0.0,0.0,0.0,0.0,0.0,0.0,0.0,0.0,0.0,0.0,0.0,0.0,0.0,1.0,0.0,0.0,0.0,0.0,0.0,0.0,0.0,0.0,0.0,1.0,0,0,0,0,0.0,0.0,0.0,0.0,0.0,0.0,0.0,0.0,0.0,0.0,0.0,0.0,1.0,1.0,1.0,1.0,0.0,0.0,0.0,0.0,0.0,0.0,0.0,0.0,1.0,1.0,1.0,1.0,1.0,1.0,1.0,1.0,1.0,1.0,1.0,1.0,36.71417175949368,24468.04926390042,24395.798989540268,34.59422720721787,-19.46962765529679,-19.52267589811782,24438.815,24480.04,24439.67649697397,24482.38878618033,24395.241213819667,20.68965517241038,19.1049778266651,18.914285714286184,-79.31034482758962,-89.48285880303835,99.96233251788694,-0.03766748211306684
2025-09-17 18:35:00,24415.55,24422.75,24406.15,24407.55,1323,150,0,0.0,0.0,0.0,0.0,0.0,0.0,0.0,0.0,0.0,0.0,0.0,0.0,0.0,1.0,0.0,1.0,0.0,0.0,0.0,0.0,0.0,0.0,0.0,0.0,0.0,0,0,0,0,0.0,0.0,0.0,0.0,0.0,0.0,0.0,0.0,0.0,0.0,0.0,0.0,1.0,1.0,1.0,1.0,0.0,0.0,0.0,0.0,0.0,0.0,0.0,0.0,1.0,1.0,1.0,1.0,1.0,1.0,1.0,1.0,1.0,1.0,1.0,1.0,25.089128209300327,24465.67625171744,24396.203302556863,32.36354943513297,-19.653964096698473,-19.548933537833953,24435.34,24478.064,24436.61683059363,24477.123345964428,24393.556654035572,7.078039927400945,13.174621153250515,18.514285714286025,-92.92196007259905,-91.348129880817,99.91403501231142,-0.0859649876885857
2025-09-17 18:40:00,24407.75,24417.35,24398.15,24415.85,1361,150,0,0.0,0.0,0.0,0.0,0.0,0.0,0.0,0.0,0.0,0.0,0.0,0.0,0.0,0.0,1.0,0.0,1.0,0.0,0.0,0.0,0.0,0.0,0.0,0.0,0.0,0,0,0,0,0.0,0.0,0.0,0.0,0.0,0.0,0.0,0.0,0.0,0.0,0.0,0.0,1.0,1.0,1.0,1.0,0.0,0.0,0.0,0.0,0.0,0.0,0.0,0.0,1.0,1.0,1.0,1.0,1.0,1.0,1.0,1.0,1.0,1.0,1.0,1.0,50.89796505918591,24463.72189172806,24399.27717910634,37.19036792850511,-18.912302217628167,-19.421607273792798,24432.555,24476.424,24434.63903720267,24471.505304369915,24393.604695630085,34.98023715414545,20.915977417985598,18.142857142857142,-65.01976284585454,-92.17577706324018,99.9447386033603,-0.05526139663969774
2025-09-17 18:45:00,24416.05,24423.15,24407.75,24415.15,1261,150,0,0.0,0.0,0.0,0.0,0.0,0.0,0.0,0.0,0.0,0.0,0.0,0.0,0.0,0.0,0.0,1.0,0.0,0.0,0.0,0.0,0.0,0.0,0.0,0.0,0.0,0,0,0,0,0.0,0.0,0.0,0.0,0.0,0.0,0.0,0.0,0.0,0.0,0.0,0.0,1.0,1.0,1.0,1.0,0.0,0.0,0.0,0.0,0.0,0.0,0.0,0.0,1.0,1.0,1.0,1.0,1.0,1.0,1.0,1.0,1.0,1.0,1.0,1.0,48.772238135147404,24461.816747014327,24402.37776988633,36.95086578253057,-18.171543734650186,-19.171594565964277,24430.07,24474.9,24432.782938420536,24466.612151579888,24393.52784842011,34.274193548388105,25.44415687664484,18.05000000000005,-65.7258064516119,-67.7721431883748,99.98116278831684,-0.01883721168316033
2025-09-17 18:50:00,24415.05,24417.35,24400.75,24402.75,1224,150,0,0.0,0.0,0.0,0.0,0.0,0.0,0.0,0.0,0.0,0.0,0.0,0.0,0.0,1.0,0.0,0.0,1.0,0.0,0.0,0.0,0.0,0.0,0.0,0.0,0.0,0,0,0,0,0.0,0.0,0.0,0.0,0.0,0.0,0.0,0.0,0.0,0.0,0.0,0.0,0.0,1.0,1.0,1.0,1.0,0.0,0.0,0.0,0.0,0.0,0.0,0.0,1.0,1.0,1.0,1.0,1.0,1.0,1.0,1.0,1.0,1.0,1.0,1.0,23.117633320882845,24459.499977952477,24403.252301782028,32.90800474420149,-18.373268010094762,-19.011929254790374,24426.545,24473.167999999998,24429.92265856967,24458.911875529782,24394.178124470214,10.454545454542147,26.569658719025238,17.507142857142753,-89.54545454545784,-103.28959589306594,99.96927520201555,-0.030724797984453253
2025-09-17 18:55:00,24402.65,24413.85,24401.55,24410.25,1318,150,0,0.0,0.0,0.0,0.0,0.0,0.0,0.0,0.0,0.0,0.0,0.0,0.0,0.0,0.0,1.0,0.0,0.0,0.0,0.0,0.0,0.0,0.0,0.0,0.0,0.0,0,0,0,0,0.0,0.0,0.0,0.0,0.0,0.0,0.0,0.0,0.0,0.0,0.0,0.0,1.0,0.0,1.0,1.0,0.0,1.0,0.0,0.0,0.0,0.0,0.0,0.0,1.0,1.0,1.0,1.0,1.0,1.0,1.0,1.0,1.0,1.0,1.0,1.0,47.954881717078656,24457.56826496684,24406.391871126038,37.37135983199605,-17.723641556414805,-18.754271715115262,24423.905,24471.35,24428.04907203846,24452.07624140123,24395.733758598766,27.499999999996692,24.07624633430899,17.078571428571326,-72.50000000000331,-92.46038655755247,99.97829252259318,-0.02170747740681358
2025-09-17 19:00:00,24410.35,24412.85,24400.85,24400.85,1246,150,0,0.0,0.0,0.0,0.0,0.0,0.0,0.0,0.0,0.0,0.0,0.0,0.0,0.0,1.0,0.0,1.0,0.0,0.0,0.0,0.0,0.0,0.0,0.0,0.0,0.0,0,0,0,0,0.0,0.0,0.0,0.0,0.0,0.0,0.0,0.0,0.0,0.0,0.0,0.0,0.0,1.0,0.0,1.0,1.0,0.0,1.0,0.0,0.0,0.0,0.0,0.0,1.0,1.0,1.0,1.0,1.0,1.0,1.0,1.0,1.0,1.0,1.0,1.0,29.834863204144526,24455.343641642172,24407.84600981411,34.2921666878736,-17.76255365009638,-18.555928102111487,24421.31,24469.262000000002,24425.458684224315,24447.805314381818,24394.814685618185,6.136363636357022,14.696969696965295,16.41428571428566,-93.86363636364298,-107.68251948468931,99.87638681104578,-0.12361318895422313
2025-09-17 19:05:00,24400.55,24410.35,24398.65,24402.55,1285,150,0,0.0,0.0,0.0,0.0,0.0,0.0,0.0,0.0,0.0,0.0,0.0,0.0,0.0,0.0,1.0,0.0,1.0,0.0,0.0,0.0,0.0,0.0,0.0,0.0,0.0,0,0,0,0,0.0,0.0,0.0,0.0,0.0,0.0,0.0,0.0,0.0,0.0,0.0,0.0,0.0,0.0,1.0,0.0,1.0,1.0,0.0,1.0,0.0,0.0,0.0,0.0,1.0,1.0,1.0,1.0,1.0,1.0,1.0,1.0,1.0,1.0,1.0,1.0,36.35834704238715,24453.27296503226,24410.622578770664,35.32995069463324,-17.455005538657133,-18.335743589420616,24419.475,24467.282000000003,24423.276904773647,24445.821906339545,24393.128093660453,9.999999999995039,14.545454545449592,15.971428571428207,-90.00000000000496,-105.50167177871447,99.86086415635596,-0.1391358436440496
2025-09-17 19:10:00,24402.25,24404.15,24393.35,24399.85,1171,150,0,0.0,0.0,0.0,0.0,0.0,0.0,0.0,0.0,0.0,0.0,0.0,0.0,0.0,1.0,0.0,1.0,0.0,0.0,0.0,0.0,0.0,0.0,0.0,0.0,0.0,0,0,0,0,0.0,0.0,0.0,0.0,0.0,0.0,0.0,0.0,0.0,0.0,0.0,0.0,0.0,0.0,0.0,1.0,1.0,1.0,1.0,0.0,0.0,0.0,0.0,0.0,1.0,1.0,1.0,1.0,1.0,1.0,1.0,1.0,1.0,1.0,1.0,1.0,29.76544409206946,24451.177618451893,24410.962635588847,34.40065054216352,-17.23051620356273,-18.11469811224904,24417.09,24465.203999999998,24421.045770985005,24441.284074959338,24392.895925040662,13.319672131146746,9.818678589166277,15.63571428571413,-86.68032786885325,-131.54607475739076,99.9066440373997,-0.09335596260030304
2025-09-17 19:15:00,24400.05,24406.15,24398.65,24403.75,1125,150,0,0.0,1.0,0.0,0.0,0.0,0.0,0.0,0.0,0.0,0.0,0.0,0.0,0.0,0.0,1.0,0.0,1.0,0.0,0.0,0.0,0.0,0.0,0.0,0.0,0.0,0,0,0,0,0.0,0.0,0.0,0.0,0.0,0.0,0.0,0.0,0.0,0.0,0.0,0.0,0.0,0.0,0.0,0.0,1.0,1.0,1.0,1.0,0.0,0.0,0.0,0.0,1.0,1.0,1.0,1.0,1.0,1.0,1.0,1.0,1.0,1.0,1.0,1.0,49.57617310053132,24449.317431783158,24410.4981404959,36.97923963928647,-16.547163987324893,-17.801191287264214,24415.165,24463.254,24419.398554700267,24436.93531054056,24393.39468945944,21.311475409837776,14.877049180326528,15.235714285714234,-78.68852459016222,-102.26159345373722,99.96722889592102,-0.03277110407897836
2025-09-17 19:20:00,24404.15,24415.35,24401.85,24413.05,1174,150,0,0.0,0.0,1.0,0.0,0.0,0.0,0.0,0.0,0.0,0.0,0.0,0.0,0.0,0.0,0.0,1.0,0.0,0.0,0.0,0.0,0.0,1.0,0.0,0.0,0.0,0,0,0,0,0.0,0.0,0.0,0.0,0.0,0.0,0.0,0.0,0.0,0.0,0.0,0.0,1.0,0.0,0.0,0.0,0.0,1.0,1.0,1.0,0.0,0.0,0.0,0.0,1.0,1.0,1.0,1.0,1.0,1.0,1.0,1.0,1.0,1.0,1.0,1.0,74.90010456162271,24447.894973794824,24412.057873837824,42.75758605229192,-15.081322090438334,-17.257217447899038,24414.605,24461.361999999997,24418.793930442946,24435.963639321453,24393.246360678546,40.36885245901548,25.00000000000001,14.378571428571377,-59.63114754098452,-38.834072598906,99.99180833133661,-0.008191668663385903
2025-09-17 19:25:00,24413.05,24420.65,24409.05,24419.55,1163,150,0,0.0,0.0,0.0,1.0,0.0,0.0,0.0,0.0,0.0,0.0,0.0,0.0,0.0,0.0,0.0,0.0,1.0,1.0,0.0,0.0,0.0,1.0,1.0,0.0,0.0,0,0,0,0,0.0,0.0,0.0,0.0,0.0,0.0,0.0,0.0,0.0,0.0,0.0,0.0,1.0,1.0,0.0,0.0,0.0,0.0,1.0,1.0,0.0,0.0,0.0,0.0,1.0,1.0,1.0,1.0,1.0,1.0,1.0,1.0,1.0,1.0,1.0,1.0,83.55746851458431,24446.783251688474,24417.600109762436,46.45305633641477,-13.242485042745102,-16.45427096686825,24414.155000000002,24459.528,24418.865937067443,24434.637852905238,24393.672147094767,58.876404494383664,40.18557745441231,13.935714285714182,-41.12359550561634,24.769368928095613,100.04916511489273,0.04916511489272787
2025-09-17 19:30:00,24419.75,24420.05,24397.65,24397.85,1170,150,0,1.0,0.0,0.0,0.0,1.0,0.0,0.0,0.0,0.0,0.0,0.0,0.0,0.0,0.0,0.0,0.0,0.0,0.0,1.0,0.0,0.0,0.0,1.0,1.0,0.0,0,0,0,0,0.0,0.0,0.0,0.0,0.0,0.0,0.0,0.0,0.0,0.0,0.0,0.0,0.0,1.0,1.0,0.0,1.0,0.0,0.0,1.0,0.0,0.0,0.0,0.0,1.0,1.0,1.0,1.0,0.0,1.0,1.0,1.0,1.0,1.0,1.0,1.0,30.638163637344775,24444.864044371454,24418.446855630158,37.70221678067542,-13.381943309937924,-15.839805435482186,24412.579999999998,24457.224,24416.86441925109,24432.987439303517,24392.17256069648,14.331210191082139,37.858822381493766,14.371428571428364,-85.66878980891786,-77.83958161851565,99.92627739767406,-0.0737226023259481
2025-09-17 19:35:00,24398.05,24402.35,24381.05,24381.05,1128,150,0,1.0,0.0,0.0,0.0,0.0,0.0,0.0,0.0,0.0,1.0,0.0,0.0,0.0,1.0,0.0,0.0,0.0,0.0,0.0,1.0,0.0,0.0,0.0,1.0,1.0,0,0,0,0,0.0,0.0,0.0,0.0,0.0,0.0,0.0,0.0,0.0,0.0,0.0,0.0,0.0,0.0,1.0,1.0,1.0,1.0,0.0,0.0,0.0,0.0,0.0,0.0,1.0,1.0,1.0,1.0,1.0,0.0,1.0,1.0,1.0,1.0,1.0,1.0,17.65402057111062,24442.361211731924,24413.63019111573,32.58445444978784,-14.678875605452049,-15.607619469476159,24410.644999999997,24454.523999999998,24413.45352217893,24435.122914857446,24386.167085142548,0.0,24.40253822848861,14.49999999999974,-100.0,-213.79737045633152,99.8603326213437,-0.13966737865629406
2025-09-17 19:40:00,24381.25,24395.85,24374.05,24393.75,1335,150,0,0.0,0.0,0.0,0.0,0.0,0.0,0.0,0.0,0.0,0.0,1.0,0.0,0.0,0.0,1.0,0.0,0.0,0.0,0.0,0.0,1.0,0.0,0.0,0.0,1.0,0,0,0,0,0.0,0.0,0.0,0.0,0.0,0.0,0.0,0.0,0.0,0.0,0.0,0.0,0.0,0.0,0.0,1.0,1.0,1.0,1.0,0.0,0.0,0.0,0.0,0.0,1.0,1.0,1.0,1.0,1.0,1.0,0.0,1.0,1.0,1.0,1.0,1.0,44.38139720765563,24440.454654697634,24411.913817148776,39.29303822995635,-14.51460463226249,-15.389016502033428,24409.82,24452.075999999997,24411.576996256816,24435.439573109143,24384.200426890857,40.12219959266773,18.151136594583296,15.192857142856676,-59.87780040733228,-180.24154391150572,99.9631189107785,-0.03688108922150167
2025-09-17 19:45:00,24393.85,24394.35,24375.55,24384.55,1269,150,0,0.0,0.0,0.0,0.0,0.0,0.0,0.0,0.0,0.0,0.0,0.0,1.0,0.0,0.0,0.0,1.0,0.0,0.0,0.0,0.0,0.0,0.0,0.0,0.0,0.0,0,0,0,0,0.0,0.0,0.0,0.0,0.0,0.0,0.0,0.0,0.0,0.0,0.0,0.0,0.0,0.0,0.0,0.0,1.0,1.0,1.0,1.0,0.0,0.0,0.0,0.0,1.0,1.0,1.0,1.0,1.0,1.0,1.0,0.0,1.0,1.0,1.0,1.0,32.80980837688293,24438.262055632673,24407.919750774803,36.46239717267629,-14.954396817251109,-15.302092565076963,24408.269999999997,24449.411999999997,24409.002996612922,24436.086738618083,24380.45326138191,21.384928716903325,20.50237610319036,15.349999999999584,-78.61507128309667,-170.1559233501802,99.89471635890659,-0.10528364109339612
2025-09-17 19:50:00,24384.65,24398.35,24384.05,24393.75,1230,150,0,0.0,0.0,0.0,0.0,0.0,0.0,0.0,0.0,0.0,0.0,0.0,0.0,1.0,0.0,0.0,0.0,1.0,0.0,0.0,0.0,0.0,0.0,0.0,0.0,0.0,0,0,0,0,0.0,0.0,0.0,0.0,0.0,0.0,0.0,0.0,0.0,0.0,0.0,0.0,0.0,0.0,0.0,0.0,1.0,1.0,1.0,1.0,0.0,0.0,0.0,0.0,1.0,1.0,1.0,1.0,1.0,1.0,1.0,1.0,1.0,1.0,1.0,1.0,51.69981394247311,24436.516286183378,24407.68000710225,41.0368050137999,-14.394639750349597,-15.120602002131491,24406.405,24447.046000000002,24407.550330268637,24432.753871941884,24380.056128058113,40.12219959266773,33.8764426340796,14.99999999999974,-59.87780040733228,-105.99094764601945,99.97090265298135,-0.029097347018642982
2025-09-17 19:55:00,24393.25,24397.25,24383.05,24389.05,1146,150,0,0.0,0.0,0.0,0.0,0.0,0.0,0.0,0.0,0.0,0.0,0.0,0.0,0.0,0.0,0.0,0.0,0.0,0.0,0.0,0.0,0.0,0.0,0.0,0.0,0.0,0,0,0,0,0.0,0.0,0.0,0.0,0.0,0.0,0.0,0.0,0.0,0.0,0.0,0.0,0.0,0.0,0.0,0.0,1.0,1.0,1.0,1.0,0.0,0.0,0.0,0.0,1.0,1.0,1.0,1.0,1.0,1.0,1.0,1.0,1.0,1.0,1.0,1.0,42.535863195022806,24434.654659679753,24405.75048101755,39.47328986091752,-14.166970931291871,-14.929875787963567,24404.03,24444.55,24405.78839405236,24427.324056164813,24380.735943835185,32.18884120171523,31.231989837095437,14.914285714285402,-67.81115879828477,-111.63109946334859,99.94467791275912,-0.05532208724088262
2025-09-17 20:00:00,24388.85,24401.65,24388.25,24399.05,1104,150,0,0.0,0.0,0.0,0.0,0.0,0.0,0.0,0.0,0.0,0.0,0.0,0.0,0.0,0.0,0.0,0.0,0.0,0.0,0.0,0.0,0.0,0.0,0.0,0.0,0.0,0,0,0,0,0.0,0.0,0.0,0.0,0.0,0.0,0.0,0.0,0.0,0.0,0.0,0.0,0.0,0.0,0.0,0.0,1.0,1.0,1.0,1.0,0.0,0.0,0.0,0.0,1.0,1.0,1.0,1.0,1.0,1.0,1.0,1.0,1.0,1.0,1.0,1.0,63.29814808480512,24433.258251844833,24405.552392174584,44.333029125438,-13.029430180940835,-14.54978666655902,24402.85,24442.14,24405.146642237778,24424.50597036868,24381.19402963132,53.64806866952539,41.98636982130279,14.685714285714182,-46.35193133047461,-54.05476775198649,99.99672129131942,-0.0032787086805831692
2025-09-17 20:05:00,24399.05,24402.05,24394.75,24396.75,1119,150,0,0.0,0.0,0.0,0.0,0.0,0.0,0.0,0.0,0.0,0.0,0.0,0.0,0.0,0.0,0.0,0.0,0.0,0.0,0.0,0.0,0.0,0.0,0.0,0.0,0.0,0,0,0,0,0.0,0.0,0.0,0.0,0.0,0.0,0.0,0.0,0.0,0.0,0.0,0.0,0.0,0.0,0.0,0.0,1.0,1.0,1.0,1.0,0.0,0.0,0.0,0.0,1.0,1.0,1.0,1.0,1.0,1.0,1.0,1.0,1.0,1.0,1.0,1.0,56.282457805012754,24431.82641119913,24403.700135588853,43.468551830491265,-12.173186795236688,-14.074466692294555,24402.1,24439.598,24404.346962024578,24423.495572586242,24380.704427413755,48.71244635193061,44.84978540772375,14.328571428571324,-51.2875536480694,-36.15655303943603,99.97131588382932,-0.02868411617067049
2025-09-17 20:10:00,24397.05,24402.05,24387.55,24401.55,1147,150,0,0.0,0.0,0.0,0.0,0.0,0.0,0.0,0.0,0.0,0.0,0.0,0.0,0.0,0.0,0.0,0.0,0.0,0.0,0.0,0.0,0.0,0.0,0.0,0.0,0.0,0,0,0,0,0.0,0.0,0.0,0.0,0.0,0.0,0.0,0.0,0.0,0.0,0.0,0.0,0.0,0.0,0.0,0.0,1.0,1.0,1.0,1.0,0.0,0.0,0.0,0.0,1.0,1.0,1.0,1.0,1.0,1.0,1.0,1.0,1.0,1.0,1.0,1.0,67.54363790731526,24430.638985825597,24404.267684659113,45.84203735908624,-10.980709085939452,-13.455715171023535,24401.425,24437.158,24404.08058468888,24421.933778607643,24380.916221392356,59.01287553647793,53.79113018597798,14.507142857142753,-40.98712446352208,-36.79810823705952,99.95289404642189,-0.04710595357810679
2025-09-17 20:15:00,24401.65,24403.65,24395.05,24403.55,1042,150,0,0.0,0.0,0.0,0.0,0.0,0.0,0.0,0.0,0.0,0.0,0.0,0.0,0.0,0.0,0.0,0.0,0.0,0.0,0.0,0.0,0.0,1.0,0.0,0.0,0.0,0,0,0,0,0.0,0.0,0.0,0.0,0.0,0.0,0.0,0.0,0.0,0.0,0.0,0.0,0.0,0.0,0.0,0.0,1.0,1.0,1.0,1.0,0.0,0.0,0.0,0.0,1.0,1.0,1.0,1.0,1.0,1.0,1.0,1.0,1.0,1.0,1.0,1.0,72.04431916873156,24429.576573686158,24404.979342071223,46.8434808613201,-9.76175123541907,-12.716922383902642,24401.225,24434.824,24404.03005281374,24421.559557052064,24380.890442947933,63.30472103003996,57.01001430614951,14.285714285714546,-36.69527896996005,-1.459208489948029,99.93447872708548,-0.06552127291452955
2025-09-17 20:20:00,24403.25,24407.05,24394.85,24405.65,1174,150,0,0.0,0.0,0.0,0.0,0.0,0.0,0.0,0.0,0.0,0.0,0.0,0.0,0.0,0.0,0.0,0.0,0.0,0.0,0.0,0.0,0.0,1.0,1.0,0.0,0.0,0,0,0,0,0.0,0.0,0.0,0.0,0.0,0.0,0.0,0.0,0.0,0.0,0.0,0.0,1.0,0.0,0.0,0.0,0.0,1.0,1.0,1.0,0.0,0.0,0.0,0.0,1.0,1.0,1.0,1.0,0.0,1.0,1.0,1.0,1.0,1.0,1.0,1.0,77.05547631359472,24428.638192691324,24404.414559659068,47.93217909787593,-8.527960885065113,-11.879130084135138,24400.715,24432.522,24404.184333498157,24419.989119543778,24381.440880456223,67.81115879828477,63.37625178826755,14.38571428571439,-32.18884120171523,18.593903866843377,100.0319700301461,0.03197003014611087
2025-09-17 20:25:00,24405.85,24409.85,24401.05,24408.75,1000,150,0,0.0,0.0,0.0,0.0,0.0,0.0,0.0,0.0,0.0,0.0,0.0,0.0,0.0,0.0,0.0,0.0,0.0,1.0,0.0,0.0,0.0,1.0,1.0,1.0,0.0,0,0,0,0,0.0,0.0,0.0,0.0,0.0,0.0,0.0,0.0,0.0,0.0,0.0,0.0,1.0,1.0,0.0,0.0,0.0,0.0,1.0,1.0,0.0,0.0,0.0,0.0,1.0,1.0,1.0,1.0,0.0,0.0,1.0,1.0,0.0,1.0,1.0,1.0,83.5749045450341,24427.8581964922,24405.2808722882,49.574024921525755,-7.216837840369408,-10.946671635381993,24400.395,24430.306,24404.619158879315,24418.855367219312,24381.93463278069,74.4635193133028,68.52646638054252,14.478571428571481,-25.536480686697203,63.739853413127115,100.1136128263549,0.11361282635489747
2025-09-17 20:30:00,24408.85,24423.15,24408.85,24420.15,1062,150,0,0.0,0.0,0.0,0.0,0.0,0.0,0.0,0.0,0.0,0.0,0.0,0.0,0.0,0.0,0.0,0.0,0.0,1.0,1.0,0.0,0.0,1.0,1.0,1.0,1.0,0,0,0,0,0.0,0.0,0.0,0.0,0.0,0.0,0.0,0.0,0.0,0.0,0.0,0.0,1.0,1.0,1.0,0.0,0.0,0.0,0.0,1.0,0.0,0.0,0.0,0.0,1.0,1.0,1.0,1.0,0.0,0.0,0.0,1.0,1.0,0.0,1.0,1.0,93.60230546352483,24427.555889300074,24408.945412577523,55.172105579225374,-5.1979598218313185,-9.796929272671859,24401.265,24428.326,24406.098286605185,24421.724487568274,24380.805512431725,93.89002036659905,78.72156615939554,14.542857142857299,-6.10997963340095,154.57824852253023,100.10822444273637,0.1082244427363626
2025-09-17 20:35:00,24420.25,24441.65,24419.05,24441.05,1176,150,0,1.0,0.0,0.0,0.0,0.0,0.0,0.0,0.0,0.0,0.0,0.0,0.0,0.0,0.0,0.0,0.0,0.0,1.0,1.0,1.0,0.0,1.0,1.0,1.0,1.0,0,0,0,0,0.0,0.0,0.0,0.0,0.0,0.0,0.0,0.0,0.0,0.0,0.0,0.0,1.0,1.0,1.0,1.0,0.0,0.0,0.0,0.0,1.0,0.0,0.0,0.0,0.0,1.0,1.0,1.0,1.0,0.0,0.0,0.0,1.0,1.0,0.0,1.0,97.61178014598508,24428.08511212176,24416.1045745093,63.2312635786908,-1.8897453280769696,-8.21549248375288,24402.805,24426.706000000002,24409.4270212144,24429.727850791,24375.882149209,99.11242603549975,89.15532190513386,15.328571428571584,-0.8875739645002416,251.60614982008926,100.23170409132011,0.23170409132011868
2025-09-17 20:40:00,24440.75,24448.15,24432.65,24434.75,1303,150,0,0.0,0.0,0.0,0.0,0.0,0.0,0.0,0.0,0.0,0.0,0.0,0.0,0.0,0.0,0.0,0.0,0.0,0.0,1.0,1.0,1.0,1.0,1.0,1.0,1.0,0,0,0,0,0.0,0.0,0.0,0.0,0.0,0.0,0.0,0.0,0.0,0.0,0.0,0.0,1.0,1.0,1.0,1.0,0.0,0.0,0.0,0.0,1.0,1.0,0.0,0.0,0.0,0.0,1.0,1.0,1.0,1.0,0.0,0.0,1.0,1.0,1.0,0.0,76.05912336482959,24428.34650020925,24420.205691503077,59.74453256973354,0.22113207630536635,-6.528167571741231,24404.5,24425.38,24411.838733479817,24434.94300974088,24374.05699025912,81.9163292847489,91.63959189561591,14.835714285714598,-18.083670715251092,225.24640855505024,100.16807583909812,0.16807583909812965
2025-09-17 20:45:00,24435.05,24440.75,24426.05,24428.35,1241,150,0,0.0,0.0,0.0,0.0,0.0,0.0,0.0,0.0,0.0,0.0,0.0,0.0,0.0,0.0,0.0,0.0,0.0,0.0,0.0,1.0,1.0,0.0,1.0,1.0,1.0,0,0,0,0,0.0,0.0,0.0,0.0,0.0,0.0,0.0,0.0,0.0,0.0,0.0,0.0,1.0,1.0,1.0,1.0,0.0,0.0,0.0,0.0,0.0,1.0,1.0,0.0,1.0,0.0,0.0,1.0,1.0,1.0,1.0,0.0,1.0,1.0,1.0,1.0,56.91102429892289,24428.346637466002,24423.079538997958,56.34539221327411,1.3618920753579005,-4.9501556423214055,24405.79,24424.334,24413.41123505324,24438.01920545389,24373.560794546112,73.2793522267175,84.76936918232205,14.36428571428613,-26.72064777328249,148.4757732053938,100.1611378876996,0.1611378876995999
2025-09-17 20:50:00,24428.55,24433.55,24422.75,24433.55,1176,150,0,0.0,0.0,0.0,0.0,0.0,0.0,0.0,0.0,0.0,0.0,0.0,0.0,0.0,0.0,0.0,0.0,0.0,0.0,0.0,0.0,1.0,0.0,0.0,1.0,1.0,0,0,0,0,0.0,0.0,0.0,0.0,0.0,0.0,0.0,0.0,0.0,0.0,0.0,0.0,1.0,1.0,1.0,1.0,0.0,0.0,0.0,0.0,1.0,0.0,1.0,1.0,0.0,1.0,0.0,0.0,1.0,1.0,1.0,1.0,1.0,1.0,1.0,1.0,67.02770700491652,24428.550705265694,24428.61896629651,58.41557949847069,2.6549445824821305,-3.4291355973606983,24407.475,24423.498,24415.329212667297,24441.84903395741,24373.100966042588,79.88980716253204,78.36182955799949,13.578571428571845,-20.110192837467967,117.92990215790228,100.14139894790985,0.14139894790985713
2025-09-17 20:55:00,24433.65,24458.75,24426.55,24458.75,901,150,0,1.0,0.0,0.0,0.0,0.0,0.0,0.0,0.0,0.0,0.0,0.0,0.0,0.0,0.0,0.0,0.0,0.0,1.0,0.0,0.0,0.0,1.0,0.0,0.0,1.0,0,0,0,0,0.0,0.0,0.0,0.0,0.0,0.0,0.0,0.0,0.0,0.0,0.0,0.0,1.0,1.0,1.0,1.0,0.0,0.0,0.0,0.0,1.0,1.0,0.0,1.0,0.0,0.0,1.0,0.0,1.0,1.0,1.0,1.0,1.0,1.0,1.0,1.0,87.81832544126027,24429.735071446696,24440.03232502583,66.66558540317831,5.648020522203296,-1.6137043734478989,24410.225,24422.751999999997,24419.464525746756,24451.45982815062,24368.99017184938,100.0,84.38971979641651,14.535714285714805,-0.0,167.78461363183467,100.25413221023291,0.2541322102329204
2025-09-17 21:00:00,24457.65,24522.75,24443.65,24511.85,1860,150,0,1.0,0.0,0.0,0.0,0.0,0.0,0.0,0.0,0.0,0.0,0.0,0.0,0.0,0.0,0.0,0.0,0.0,1.0,1.0,0.0,0.0,1.0,1.0,0.0,0.0,0,0,0,0,0.0,0.0,0.0,0.0,0.0,0.0,0.0,0.0,0.0,0.0,0.0,0.0,1.0,1.0,1.0,1.0,0.0,0.0,0.0,0.0,1.0,1.0,1.0,0.0,0.0,0.0,0.0,1.0,1.0,1.0,1.0,1.0,1.0,1.0,1.0,1.0,95.92992129441164,24432.95547401548,24460.84459258781,77.01386611824375,12.164555533756356,1.141947607992953,24415.165,24423.023999999998,24428.2631423426,24476.566295203054,24353.763704796947,92.19756621331324,90.69579112528176,19.164285714286184,-7.802433786686756,258.93686917805906,100.45202046591302,0.45202046591302303
2025-09-17 21:05:00,24512.65,24513.85,24436.35,24440.65,1778,150,0,1.0,0.0,0.0,0.0,0.0,0.0,0.0,0.0,0.0,0.0,0.0,0.0,0.0,0.0,0.0,0.0,0.0,0.0,1.0,1.0,0.0,0.0,1.0,1.0,0.0,0,0,0,0,0.0,0.0,0.0,0.0,0.0,0.0,0.0,0.0,0.0,0.0,0.0,0.0,0.0,1.0,1.0,1.0,1.0,0.0,0.0,0.0,1.0,1.0,1.0,1.0,0.0,0.0,0.0,0.0,1.0,1.0,1.0,1.0,1.0,1.0,1.0,1.0,41.008058889379555,24433.25723897498,24462.300071022742,53.17623444608687,11.45170345655788,3.203898777705939,24416.219999999998,24422.295999999995,24429.44284307191,24478.65491263524,24353.785087364755,39.27514792899549,77.15757138076957,23.685714285714702,-60.724852071004506,137.85357421021453,100.15202706163653,0.15202706163653315
2025-09-17 21:10:00,24441.35,24451.25,24323.25,24323.25,1857,150,0,1.0,0.0,0.0,0.0,0.0,0.0,0.0,0.0,0.0,1.0,0.0,0.0,0.0,1.0,0.0,0.0,0.0,0.0,0.0,1.0,1.0,0.0,0.0,1.0,1.0,0,0,0,0,0.0,0.0,0.0,0.0,0.0,0.0,0.0,0.0,0.0,0.0,0.0,0.0,0.0,0.0,1.0,1.0,1.0,1.0,0.0,0.0,0.0,1.0,1.0,1.0,1.0,0.0,0.0,0.0,1.0,1.0,1.0,1.0,1.0,1.0,1.0,1.0,16.973367629019492,24428.942970781052,24437.461324896663,34.31553652097314,1.397455274105596,2.8426100769858706,24412.489999999998,24419.33,24419.329238969545,24487.244007813562,24337.735992186434,0.0,43.824238047436246,31.871428571428883,-100.0,-126.45749888740731,99.66237326192909,-0.3376267380709035
2025-09-17 21:15:00,24318.05,24387.15,24291.65,24373.85,1862,150,0,1.0,0.0,0.0,0.0,0.0,0.0,0.0,0.0,0.0,0.0,1.0,0.0,0.0,0.0,1.0,0.0,0.0,0.0,0.0,0.0,1.0,0.0,0.0,0.0,1.0,0,0,0,0,0.0,0.0,0.0,0.0,0.0,0.0,0.0,0.0,0.0,0.0,0.0,0.0,0.0,0.0,0.0,1.0,1.0,1.0,1.0,0.0,0.0,0.0,1.0,1.0,1.0,1.0,0.0,0.0,1.0,1.0,1.0,1.0,1.0,1.0,1.0,1.0,39.78847972931827,24426.78233758505,24425.673363249014,43.600542886358994,-2.4592629032194964,1.7822354809447971,24412.129999999997,24417.51,24414.9978828771,24487.587554468028,24336.672445531967,35.56901774123652,24.948055223410677,38.17142857142893,-64.43098225876348,-152.51810042164314,99.85701848722282,-0.1429815127771863
2025-09-17 21:20:00,24374.35,24424.05,24333.85,24412.25,1827,150,0,0.0,0.0,0.0,0.0,0.0,1.0,0.0,0.0,0.0,0.0,0.0,1.0,0.0,0.0,0.0,1.0,0.0,0.0,0.0,0.0,0.0,0.0,0.0,0.0,0.0,0,0,0,0,0.0,0.0,0.0,0.0,0.0,0.0,0.0,0.0,0.0,0.0,0.0,0.0,0.0,0.0,0.0,0.0,1.0,1.0,1.0,1.0,0.0,0.0,0.0,1.0,1.0,1.0,1.0,0.0,1.0,1.0,1.0,1.0,1.0,1.0,1.0,1.0,54.13530125930124,24426.212410431384,24424.59809529957,49.441440958419214,-2.389634565675806,0.9478614716206764,24413.055,24416.29,24414.73617974594,24488.01580309055,24338.09419690945,52.18520121159641,29.251406317610982,43.57857142857184,-47.81479878840359,-54.27748002830911,99.96764966636158,-0.03235033363841522
2025-09-17 21:25:00,24412.25,24443.55,24386.85,24441.15,1828,150,0,0.0,0.0,0.0,0.0,0.0,0.0,1.0,0.0,0.0,0.0,0.0,0.0,1.0,0.0,0.0,0.0,1.0,0.0,0.0,0.0,0.0,0.0,0.0,0.0,0.0,0,0,0,0,0.0,0.0,0.0,0.0,0.0,0.0,0.0,0.0,0.0,0.0,0.0,0.0,1.0,0.0,0.0,0.0,0.0,1.0,1.0,1.0,1.0,0.0,0.0,0.0,0.0,1.0,1.0,1.0,1.0,1.0,1.0,1.0,1.0,1.0,1.0,1.0,63.85728258799849,24426.798229427535,24430.08538545971,53.356573362710556,-0.0024370540304516908,0.7578017664904507,24415.885000000002,24415.852,24417.25178167495,24490.587843601075,24341.18215639893,64.69061012548721,50.81494302610671,47.014285714286025,-35.30938987451279,26.76846161946028,100.00040914772484,0.00040914772484071995
2025-09-17 21:30:00,24441.25,24452.65,24347.15,24364.85,1875,150,0,1.0,0.0,0.0,0.0,0.0,0.0,0.0,1.0,0.0,0.0,0.0,0.0,0.0,0.0,0.0,0.0,0.0,0.0,0.0,0.0,0.0,0.0,0.0,0.0,0.0,0,0,0,0,0.0,0.0,0.0,0.0,0.0,0.0,0.0,0.0,0.0,0.0,0.0,0.0,0.0,1.0,0.0,0.0,1.0,0.0,1.0,1.0,0.0,1.0,0.0,0.0,1.0,0.0,1.0,1.0,1.0,1.0,1.0,1.0,1.0,1.0,1.0,1.0,34.71544518740609,24424.36876290059,24416.51177363124,43.728711956042936,-4.218707495943818,-0.23750008599640324,24414.44,24414.093999999997,24412.26113580105,24492.008710457798,24336.8712895422,31.67459974037107,49.5168036924849,53.678571428571686,-68.32540025962892,-64.2163833339803,99.71393200257829,-0.2860679974217107
2025-09-17 21:35:00,24366.75,24413.35,24324.55,24324.65,1848,150,0,0.0,0.0,0.0,0.0,0.0,0.0,0.0,0.0,1.0,0.0,0.0,0.0,0.0,1.0,0.0,0.0,0.0,0.0,0.0,0.0,0.0,0.0,0.0,0.0,0.0,0,0,0,0,0.0,0.0,0.0,0.0,0.0,0.0,0.0,0.0,0.0,0.0,0.0,0.0,0.0,0.0,1.0,0.0,1.0,1.0,0.0,1.0,0.0,0.0,1.0,0.0,1.0,1.0,0.0,1.0,1.0,1.0,1.0,1.0,1.0,1.0,1.0,1.0,25.513660862938224,24420.458031098973,24396.08146952472,39.66743831225707,-10.680814436360379,-2.326162956069199,24411.22,24411.801999999996,24403.917218105573,24498.023494957415,24324.416505042587,14.279532669839986,36.88158084523276,59.3928571428574,-85.72046733016,-138.33745650556835,99.575493228155,-0.4245067718449961
2025-09-17 21:40:00,24324.75,24372.35,24289.05,24317.85,1884,150,0,0.0,0.0,0.0,0.0,0.0,0.0,0.0,0.0,0.0,0.0,0.0,0.0,0.0,1.0,1.0,0.0,0.0,0.0,0.0,0.0,0.0,0.0,0.0,0.0,0.0,0,0,0,0,0.0,0.0,0.0,0.0,0.0,0.0,0.0,0.0,0.0,0.0,0.0,0.0,0.0,0.0,0.0,1.0,1.0,1.0,1.0,0.0,0.0,0.0,0.0,1.0,1.0,1.0,1.0,0.0,1.0,1.0,1.0,1.0,1.0,1.0,1.0,1.0,23.905875457071318,24416.43399684793,24375.282615573367,39.007488216153305,-16.164450191045034,-5.093820403064367,24407.159999999996,24409.208,24395.720340190634,24503.438869081212,24310.88113091878,12.323491655968843,19.425874688726637,64.31428571428582,-87.67650834403116,-176.78658165539872,99.52647077481576,-0.47352922518422713
2025-09-17 21:45:00,24317.05,24359.55,24264.35,24341.75,1860,150,0,0.0,0.0,0.0,0.0,0.0,0.0,0.0,0.0,0.0,0.0,0.0,0.0,0.0,0.0,1.0,1.0,0.0,0.0,0.0,0.0,0.0,0.0,0.0,0.0,0.0,0,0,0,0,0.0,0.0,0.0,0.0,0.0,0.0,0.0,0.0,0.0,0.0,0.0,0.0,0.0,0.0,0.0,0.0,1.0,1.0,1.0,1.0,0.0,0.0,0.0,0.0,1.0,1.0,1.0,1.0,1.0,1.0,1.0,1.0,1.0,1.0,1.0,1.0,42.88203349111336,24413.505079862407,24362.268298037186,42.620797374045665,-18.369983052547468,-7.749052932960988,24404.409999999996,24407.197999999997,24390.580307791453,24504.986808041253,24303.83319195874,29.953560371517423,18.852194899108756,69.5,-70.04643962848259,-159.44864097101123,99.5216435835846,-0.4783564164153932
2025-09-17 21:50:00,24341.25,24351.55,24242.85,24268.05,1847,150,0,1.0,0.0,0.0,0.0,0.0,0.0,0.0,0.0,0.0,1.0,0.0,0.0,0.0,1.0,0.0,1.0,1.0,0.0,0.0,0.0,0.0,0.0,0.0,0.0,0.0,0,0,0,0,0.0,0.0,0.0,0.0,0.0,0.0,0.0,0.0,0.0,0.0,0.0,0.0,0.0,0.0,0.0,0.0,1.0,1.0,1.0,1.0,0.0,0.0,0.0,0.0,1.0,1.0,1.0,1.0,1.0,1.0,1.0,1.0,1.0,1.0,1.0,1.0,19.912705719549862,24407.800710593147,24333.99093814567,35.61421476776536,-25.767822359703132,-11.35280681830942,24397.735,24404.074,24378.91075466831,24515.382381700696,24280.087618299305,9.003215434083813,17.09342248719003,76.15714285714292,-90.99678456591619,-183.21283288591886,99.0053790309585,-0.9946209690415014
2025-09-17 21:55:00,24266.75,24396.15,24265.75,24392.85,1874,150,0,1.0,0.0,0.0,0.0,0.0,0.0,0.0,0.0,0.0,0.0,1.0,0.0,0.0,0.0,1.0,0.0,1.0,0.0,0.0,0.0,0.0,0.0,0.0,0.0,0.0,0,0,0,0,0.0,0.0,0.0,0.0,0.0,0.0,0.0,0.0,0.0,0.0,0.0,0.0,1.0,0.0,0.0,0.0,0.0,1.0,1.0,1.0,0.0,0.0,0.0,0.0,1.0,1.0,1.0,1.0,1.0,1.0,1.0,1.0,1.0,1.0,1.0,1.0,66.07246688598462,24407.214383677336,24337.4853176653,50.464452981212254,-21.31464438857074,-13.345174332361687,24397.2,24403.36,24380.23830184277,24514.833355455696,24279.566644544306,53.59056806002116,30.84911462187414,84.42142857142868,-46.40943193997884,-69.31174256525078,99.80442418675443,-0.19557581324556797
2025-09-17 22:00:00,24392.15,24454.25,24382.05,24449.35,1857,150,0,0.0,0.0,0.0,0.0,0.0,0.0,0.0,0.0,0.0,0.0,0.0,1.0,0.0,0.0,0.0,1.0,0.0,0.0,0.0,0.0,0.0,1.0,0.0,0.0,0.0,1,0,1,0,0.0,0.0,0.0,0.0,0.0,0.0,0.0,0.0,0.0,0.0,0.0,0.0,1.0,1.0,0.0,0.0,0.0,0.0,1.0,1.0,1.0,0.0,0.0,0.0,0.0,1.0,1.0,1.0,1.0,1.0,1.0,1.0,1.0,1.0,1.0,1.0,75.6163287933002,24408.866827235786,24354.802379261284,55.47169033857021,-13.075662865863706,-13.29127203906209,24399.385,24403.76,24386.820368334003,24519.28088948653,24279.489110513467,73.77634869596245,45.45671073002248,88.80714285714306,-26.22365130403754,46.77439852230288,100.51843400861316,0.5184340086131523
2025-09-17 22:05:00,24449.35,24511.05,24435.65,24488.85,1864,150,0,0.0,1.0,0.0,0.0,0.0,0.0,0.0,0.0,0.0,0.0,0.0,0.0,1.0,0.0,0.0,0.0,1.0,1.0,0.0,0.0,0.0,1.0,1.0,0.0,0.0,0,0,0,0,1.0,0.0,0.0,0.0,0.0,0.0,1.0,0.0,0.0,0.0,0.0,0.0,1.0,1.0,1.0,0.0,0.0,0.0,0.0,1.0,1.0,1.0,0.0,0.0,0.0,0.0,1.0,1.0,1.0,1.0,1.0,1.0,1.0,1.0,1.0,1.0,81.17080907861293,24412.00354343281,24380.302072572315,58.62085964990333,-3.320612817948131,-11.297140194839299,24403.39,24405.141999999996,24396.537476111807,24529.7785804301,24277.0014195699,87.8885316184347,71.75181612480611,91.89285714285714,-12.111468381565302,108.80564191295288,100.4718171318852,0.4718171318851967
2025-09-17 22:10:00,24488.65,24518.35,24412.35,24428.65,1833,150,0,0.0,0.0,1.0,0.0,0.0,0.0,0.0,0.0,0.0,0.0,0.0,0.0,0.0,0.0,0.0,0.0,0.0,0.0,1.0,0.0,0.0,0.0,1.0,1.0,0.0,0,0,0,0,0.0,1.0,0.0,0.0,0.0,0.0,0.0,1.0,0.0,0.0,0.0,0.0,1.0,1.0,1.0,1.0,0.0,0.0,0.0,0.0,1.0,1.0,1.0,0.0,0.0,0.0,0.0,1.0,1.0,1.0,1.0,1.0,1.0,1.0,1.0,1.0,53.37527108099495,24412.656369883913,24387.53923360014,52.52405691220274,-0.44220478646457195,-9.126153113164355,24403.815,24405.51,24399.59581172023,24530.497699770058,24277.13230022994,67.44101633393936,76.36863221611218,93.81428571428582,-32.55898366606065,68.24582647383401,100.06717938739773,0.06717938739772637
2025-09-17 22:15:00,24429.65,24501.35,24429.35,24470.55,1836,150,0,0.0,0.0,0.0,1.0,0.0,0.0,0.0,0.0,0.0,0.0,0.0,0.0,0.0,0.0,0.0,0.0,0.0,0.0,0.0,1.0,0.0,0.0,0.0,1.0,1.0,0,0,0,0,0.0,0.0,1.0,0.0,0.0,0.0,0.0,0.0,1.0,0.0,0.0,0.0,1.0,1.0,1.0,1.0,0.0,0.0,0.0,0.0,1.0,1.0,1.0,1.0,0.0,0.0,0.0,0.0,1.0,1.0,1.0,1.0,1.0,1.0,1.0,1.0,65.6541406775562,24414.92678929233,24401.666377195226,55.95745809227972,5.160447705708066,-6.2688329493898705,24405.29,24406.61,24406.35335346121,24534.460640300993,24276.11935969901,82.64972776769537,79.32642524002314,93.47142857142846,-17.350272232304636,82.4797849597248,100.12028893894107,0.12028893894108017
2025-09-17 22:20:00,24470.65,24528.25,24452.25,24520.35,1868,150,0,0.0,0.0,0.0,0.0,1.0,0.0,0.0,0.0,0.0,0.0,0.0,0.0,0.0,0.0,0.0,0.0,0.0,0.0,0.0,0.0,1.0,1.0,0.0,0.0,1.0,0,0,0,0,0.0,0.0,0.0,0.0,0.0,0.0,0.0,0.0,0.0,0.0,0.0,0.0,1.0,1.0,1.0,1.0,0.0,0.0,0.0,0.0,1.0,1.0,1.0,1.0,0.0,0.0,0.0,0.0,1.0,1.0,1.0,1.0,1.0,1.0,1.0,1.0,76.62774440607163,24419.061174516344,24426.79162254646,59.68889150021144,13.463831298700825,-2.3223000997717307,24409.57,24408.395999999997,24417.21017694117,24548.17853774866,24270.96146225134,97.23195515066524,82.44089975076666,89.75714285714275,-2.768044849334763,115.85968688601098,100.63821447700275,0.6382144770027315
2025-09-17 22:25:00,24520.65,24549.35,24510.15,24528.25,1862,150,0,0.0,0.0,0.0,0.0,0.0,0.0,0.0,0.0,0.0,0.0,0.0,0.0,0.0,0.0,0.0,0.0,0.0,0.0,0.0,0.0,0.0,1.0,1.0,0.0,0.0,0,0,0,0,0.0,0.0,0.0,0.0,0.0,0.0,0.0,0.0,0.0,0.0,0.0,0.0,1.0,1.0,1.0,1.0,0.0,0.0,0.0,0.0,1.0,1.0,1.0,1.0,0.0,0.0,0.0,0.0,1.0,1.0,1.0,1.0,1.0,1.0,1.0,1.0,78.27910391624786,24423.34323021406,24449.944537706568,60.26402625347533,20.44609671836588,2.2313792638557928,24414.565,24410.23,24427.785398184933,24562.88315412176,24266.24684587824,93.1158238172925,90.99916891188435,85.73571428571397,-6.8841761827075185,134.8934276018756,100.83701101557475,0.8370110155747299
2025-09-17 22:30:00,24529.05,24545.65,24473.35,24493.85,1807,150,0,0.0,0.0,0.0,0.0,0.0,0.0,0.0,0.0,0.0,0.0,0.0,0.0,0.0,0.0,0.0,0.0,0.0,0.0,0.0,0.0,0.0,0.0,1.0,1.0,0.0,0,0,0,0,0.0,0.0,0.0,0.0,0.0,0.0,0.0,0.0,0.0,0.0,0.0,0.0,1.0,1.0,1.0,1.0,0.0,0.0,0.0,0.0,1.0,1.0,1.0,1.0,0.0,0.0,0.0,0.0,1.0,1.0,1.0,1.0,1.0,1.0,1.0,1.0,53.56111144293373,24426.108289039024,24463.60762202998,56.48488476327064,22.939369098505267,6.372977230785689,24417.579999999998,24411.654,24434.077265024498,24569.920119469498,24265.2398805305,81.89233278955955,90.74670391917243,84.4571428571427,-18.107667210440457,96.15188471681908,100.72374819319964,0.7237481931996456
2025-09-17 22:35:00,24493.75,24528.85,24489.05,24489.85,1806,150,0,0.0,0.0,0.0,0.0,0.0,0.0,0.0,0.0,0.0,0.0,0.0,0.0,0.0,0.0,0.0,0.0,0.0,0.0,0.0,0.0,0.0,0.0,0.0,1.0,1.0,0,0,0,0,0.0,0.0,0.0,0.0,0.0,0.0,0.0,0.0,0.0,0.0,0.0,0.0,1.0,1.0,1.0,1.0,0.0,0.0,0.0,0.0,1.0,1.0,1.0,1.0,0.0,0.0,0.0,0.0,0.0,1.0,1.0,1.0,1.0,1.0,1.0,1.0,50.76518262259803,24428.608039946852,24474.045903279934,56.04477965778193,24.312281999678817,9.960838184564317,24419.135000000002,24413.215999999997,24439.38895406981,24573.860771336815,24264.40922866319,80.58727569331158,85.19847743338788,83.24999999999974,-19.412724306688418,87.77942650540876,100.60841969044954,0.6084196904495304
2025-09-17 22:40:00,24490.75,24514.35,24476.35,24499.05,1837,150,0,0.0,0.0,0.0,0.0,0.0,0.0,0.0,0.0,0.0,0.0,0.0,0.0,0.0,0.0,0.0,0.0,0.0,0.0,0.0,0.0,0.0,0.0,0.0,0.0,1.0,0,0,0,0,0.0,0.0,0.0,0.0,0.0,0.0,0.0,0.0,0.0,0.0,0.0,0.0,1.0,1.0,1.0,1.0,0.0,0.0,0.0,0.0,1.0,1.0,1.0,1.0,0.0,0.0,0.0,0.0,0.0,0.0,1.0,1.0,0.0,1.0,1.0,1.0,58.278848986310514,24431.370550414093,24486.08372933884,56.87701375821531,25.844766100344714,13.137623767720397,24418.495000000003,24414.895999999997,24445.07095844414,24571.704488162908,24265.285511837097,83.58890701468214,82.02283849918443,78.42857142857117,-16.41109298531787,81.05465339619093,100.95186881517056,0.9518688151705639
2025-09-17 22:45:00,24498.05,24502.65,24474.65,24489.85,1834,150,0,0.0,0.0,0.0,0.0,0.0,0.0,0.0,0.0,0.0,0.0,0.0,0.0,0.0,0.0,0.0,0.0,0.0,0.0,0.0,0.0,0.0,0.0,0.0,0.0,0.0,0,0,0,0,0.0,0.0,0.0,0.0,0.0,0.0,0.0,0.0,0.0,0.0,0.0,0.0,0.0,1.0,1.0,1.0,1.0,0.0,0.0,0.0,1.0,1.0,1.0,1.0,0.0,0.0,0.0,0.0,0.0,0.0,0.0,1.0,0.0,0.0,1.0,1.0,47.42308003210947,24433.66392649975,24494.112183626014,55.7404592439128,26.016999899959046,15.713498994168129,24420.954999999998,24416.542,24449.335629068526,24577.211947298125,24264.69805270187,80.58727569331158,81.58781946710177,74.08571428571408,-19.412724306688418,70.56083142295513,100.39765751029503,0.39765751029502505
2025-09-17 22:50:00,24488.75,24507.85,24456.35,24482.05,1837,150,0,0.0,0.0,0.0,0.0,0.0,0.0,0.0,0.0,0.0,0.0,0.0,0.0,0.0,0.0,0.0,0.0,0.0,0.0,0.0,0.0,0.0,0.0,0.0,0.0,0.0,0,0,0,0,0.0,0.0,0.0,0.0,0.0,0.0,0.0,0.0,0.0,0.0,0.0,0.0,0.0,0.0,1.0,1.0,1.0,1.0,0.0,0.0,1.0,1.0,1.0,1.0,0.0,0.0,0.0,0.0,0.0,0.0,0.0,0.0,0.0,0.0,0.0,1.0,38.340564267386384,24435.561470723365,24499.52432205577,54.741694552372365,25.23322866233866,17.617444927802236,24428.894999999997,24417.866,24452.451283442962,24580.311170658304,24277.47882934169,78.0424143556283,80.73953235454066,71.81428571428556,-21.957585644371704,57.919253583614534,100.13374588690498,0.13374588690497183
2025-09-17 22:55:00,24481.85,24503.75,24447.25,24478.25,1836,150,0,0.0,0.0,0.0,0.0,0.0,0.0,0.0,0.0,0.0,0.0,0.0,0.0,0.0,0.0,0.0,0.0,0.0,0.0,0.0,0.0,0.0,0.0,0.0,0.0,0.0,0,0,0,0,0.0,0.0,0.0,0.0,0.0,0.0,0.0,0.0,0.0,0.0,0.0,0.0,0.0,0.0,0.0,1.0,1.0,1.0,1.0,0.0,1.0,1.0,1.0,1.0,0.0,0.0,0.0,0.0,0.0,0.0,0.0,0.0,0.0,0.0,0.0,0.0,33.633323229241256,24437.235574048173,24503.174919292396,54.2318698270237,24.02847081372238,18.899650104986264,24434.114999999998,24419.128000000004,24454.90830406745,24584.737264028387,24283.49273597161,76.80261011419297,78.47743338771095,69.0499999999998,-23.19738988580703,47.07174925606033,99.95671499478334,-0.043285005216653884
2025-09-17 23:00:00,24477.75,24511.75,24472.05,24503.05,1053,150,0,0.0,0.0,0.0,0.0,0.0,0.0,0.0,0.0,0.0,0.0,0.0,0.0,0.0,0.0,0.0,0.0,0.0,0.0,0.0,0.0,0.0,0.0,0.0,0.0,0.0,0,0,0,0,0.0,0.0,0.0,0.0,0.0,0.0,0.0,0.0,0.0,0.0,0.0,0.0,0.0,0.0,0.0,0.0,1.0,1.0,1.0,1.0,1.0,1.0,1.0,1.0,0.0,0.0,0.0,0.0,0.0,0.0,0.0,0.0,0.0,0.0,0.0,0.0,69.85931933410025,24439.816596146564,24511.708613119863,57.043658704918975,24.789091062906664,20.077538296570346,24438.655000000002,24421.134,24459.49322748961,24591.952295955783,24285.35770404422,83.67418899858974,79.50640448947034,64.12142857142837,-16.325811001410266,62.04818630031272,100.30456042392845,0.3045604239284521
2025-09-17 23:05:00,24502.75,24523.05,24498.55,24512.05,511,150,0,0.0,0.0,0.0,0.0,0.0,0.0,0.0,0.0,0.0,0.0,0.0,0.0,0.0,0.0,0.0,0.0,0.0,0.0,0.0,0.0,0.0,1.0,0.0,0.0,0.0,0,0,0,0,0.0,0.0,0.0,0.0,0.0,0.0,0.0,0.0,0.0,0.0,0.0,0.0,0.0,0.0,0.0,0.0,1.0,1.0,1.0,1.0,1.0,1.0,1.0,1.0,0.0,0.0,0.0,0.0,0.0,0.0,0.0,0.0,0.0,0.0,0.0,0.0,76.76363381117191,24442.64934636778,24521.12753422009,58.050864160423956,25.820470561346156,21.22612474952551,24442.2,24423.17,24464.498634395375,24598.97979864493,24285.42020135507,77.70472205618682,79.39384038965652,56.557142857142544,-22.295277943813172,72.18470412431643,100.16959161114075,0.16959161114073856
2025-09-17 23:10:00,24511.55,24518.05,24503.05,24506.75,384,150,0,0.0,0.0,0.0,0.0,0.0,0.0,0.0,0.0,0.0,0.0,0.0,0.0,0.0,0.0,0.0,0.0,0.0,0.0,0.0,0.0,0.0,0.0,1.0,0.0,0.0,0,0,0,0,0.0,0.0,0.0,0.0,0.0,0.0,0.0,0.0,0.0,0.0,0.0,0.0,0.0,0.0,0.0,0.0,1.0,1.0,1.0,1.0,1.0,1.0,1.0,1.0,0.0,0.0,0.0,0.0,0.0,0.0,0.0,0.0,0.0,0.0,0.0,0.0,63.84493985278923,24445.163155226866,24528.992045454583,57.20029989182767,25.911489022790192,22.16319760417845,24449.295000000002,24425.287999999997,24468.522573976777,24604.16774878357,24294.422251216434,68.90510948905215,76.76134018127624,52.471428571428206,-31.09489051094784,65.65085923965322,99.94453586510797,-0.055464134892032724
2025-09-17 23:15:00,24506.25,24507.75,24487.05,24497.25,354,150,0,0.0,0.0,0.0,0.0,0.0,0.0,0.0,0.0,0.0,0.0,0.0,0.0,0.0,0.0,0.0,0.0,0.0,0.0,0.0,0.0,0.0,0.0,0.0,1.0,0.0,0,0,0,0,0.0,0.0,0.0,0.0,0.0,0.0,0.0,0.0,0.0,0.0,0.0,0.0,0.0,0.0,0.0,0.0,1.0,1.0,1.0,1.0,1.0,1.0,1.0,1.0,0.0,0.0,0.0,0.0,0.0,0.0,0.0,0.0,0.0,0.0,0.0,0.0,43.95572852797765,24447.20582166593,24535.61919550618,55.62698241878217,24.929677401880326,22.716493563718828,24457.925,24427.181999999997,24471.25851931233,24602.442503947994,24313.407496052005,61.97080291970909,69.5268781549827,48.56428571428556,-38.02919708029091,49.587835986128454,99.87361511726274,-0.12638488273725193
2025-09-17 23:20:00,24497.75,24500.25,24486.55,24491.75,199,150,0,0.0,0.0,0.0,0.0,0.0,0.0,0.0,0.0,0.0,0.0,0.0,0.0,0.0,0.0,0.0,0.0,0.0,0.0,0.0,0.0,0.0,0.0,0.0,0.0,1.0,0,0,0,0,0.0,0.0,0.0,0.0,0.0,0.0,0.0,0.0,0.0,0.0,0.0,0.0,0.0,0.0,0.0,0.0,1.0,1.0,1.0,1.0,1.0,1.0,1.0,1.0,0.0,0.0,0.0,0.0,0.0,0.0,0.0,0.0,0.0,0.0,0.0,0.0,34.59627039246084,24448.95268922518,24539.176727143607,54.68911229432256,23.437606446826976,22.86071614034046,24466.620000000003,24429.02,24473.210088901636,24595.75989313916,24337.480106860847,52.000000000001215,60.95863746958748,41.97142857142847,-47.999999999998785,40.73879613100661,99.99142641928485,-0.00857358071515317
2025-09-17 23:25:00,24493.05,24508.55,24491.25,24507.75,246,150,0,0.0,0.0,0.0,0.0,0.0,0.0,0.0,0.0,0.0,0.0,0.0,0.0,0.0,0.0,0.0,0.0,0.0,0.0,0.0,0.0,0.0,0.0,0.0,0.0,0.0,0,0,0,0,0.0,0.0,0.0,0.0,0.0,0.0,0.0,0.0,0.0,0.0,0.0,0.0,0.0,0.0,0.0,0.0,1.0,1.0,1.0,1.0,1.0,1.0,1.0,1.0,0.0,0.0,0.0,0.0,0.0,0.0,0.0,0.0,0.0,0.0,0.0,0.0,66.09704859777396,24451.25851308827,24544.681291967983,56.9623642945865,23.27786303135872,22.944145518544115,24474.920000000002,24431.1,24476.499604244345,24590.939637176303,24358.9003628237,59.25563173359536,57.74214488443522,38.01428571428577,-40.74436826640464,52.70053693158412,100.07309150525627,0.07309150525626518
2025-09-17 23:30:00,24507.05,24516.55,24505.05,24515.25,215,150,0,0.0,0.0,0.0,0.0,0.0,0.0,0.0,0.0,0.0,0.0,0.0,0.0,0.0,0.0,0.0,0.0,0.0,0.0,0.0,0.0,0.0,1.0,0.0,0.0,0.0,1,0,1,0,0.0,0.0,0.0,0.0,0.0,0.0,0.0,0.0,0.0,0.0,0.0,0.0,0.0,0.0,0.0,0.0,1.0,1.0,1.0,1.0,1.0,1.0,1.0,1.0,0.0,0.0,0.0,0.0,0.0,0.0,0.0,0.0,0.0,0.0,0.0,0.0,74.67377813967464,24453.768032277825,24551.13666709714,58.025423131844946,23.485723739162495,23.052461162667793,24487.28,24433.144,24480.190118125844,24551.702228919406,24422.85777108059,66.60137120470222,59.2856676460996,33.40714285714291,-33.39862879529778,75.10770014507675,100.0661250130107,0.06612501301071154
2025-09-17 23:35:00,24516.05,24516.25,24500.05,24501.55,202,150,0,0.0,0.0,0.0,0.0,0.0,0.0,0.0,0.0,0.0,0.0,0.0,0.0,0.0,0.0,0.0,0.0,0.0,0.0,0.0,0.0,0.0,0.0,1.0,0.0,0.0,0,0,0,0,1.0,0.0,0.0,0.0,0.0,0.0,1.0,0.0,0.0,0.0,0.0,0.0,0.0,0.0,0.0,0.0,1.0,1.0,1.0,1.0,1.0,1.0,1.0,1.0,0.0,0.0,0.0,0.0,0.0,0.0,0.0,0.0,0.0,0.0,0.0,0.0,44.1031492498005,24455.641870168893,24555.83059788229,55.33658157781305,22.288056502595282,22.899580230653292,24492.715,24434.784,24482.22439259005,24539.52792106829,24445.90207893171,55.182926829266734,60.346643255854765,31.764285714286025,-44.81707317073326,56.58223142690626,100.04777489449712,0.04777489449711096
2025-09-17 23:40:00,24502.05,24503.25,24496.75,24500.75,120,150,0,0.0,0.0,0.0,0.0,0.0,0.0,0.0,0.0,0.0,0.0,0.0,0.0,0.0,0.0,0.0,0.0,0.0,0.0,0.0,0.0,0.0,0.0,0.0,1.0,0.0,0,1,0,1,0.0,1.0,0.0,0.0,0.0,0.0,0.0,1.0,0.0,0.0,0.0,0.0,0.0,0.0,0.0,0.0,1.0,1.0,1.0,1.0,1.0,1.0,1.0,1.0,0.0,0.0,0.0,0.0,0.0,0.0,0.0,0.0,0.0,0.0,0.0,0.0,42.576406282344735,24457.41084839586,24565.078706094977,55.17579507162943,21.031900616388157,22.526044307800266,24495.285,24436.842,24483.988736152907,24537.490825240242,24453.079174759758,65.56372549019724,62.449341174722065,27.06428571428582,-34.43627450980275,25.597350981905294,100.07638249247918,0.07638249247918671
2025-09-17 23:45:00,24500.55,24501.75,24490.55,24490.55,119,150,0,0.0,0.0,0.0,0.0,0.0,0.0,0.0,0.0,0.0,0.0,0.0,0.0,0.0,1.0,0.0,0.0,0.0,0.0,0.0,0.0,0.0,0.0,0.0,0.0,1.0,0,0,0,0,0.0,0.0,1.0,1.0,0.0,0.0,0.0,0.0,1.0,1.0,0.0,0.0,0.0,0.0,0.0,0.0,1.0,1.0,1.0,1.0,1.0,1.0,1.0,1.0,0.0,0.0,0.0,0.0,0.0,0.0,0.0,0.0,0.0,0.0,0.0,0.0,25.616638308956468,24458.710445526875,24562.970328641524,53.05894195281937,18.994377907001763,21.81971102764057,24495.37,24439.032000000003,24484.613618424057,24537.528078454154,24453.211921545844,57.1240105540893,59.29022095785109,25.02142857142878,-42.8759894459107,-10.319917440632768,100.05024869016373,0.0502486901637138
2025-09-17 23:50:00,24490.75,24492.05,24486.25,24486.55,91,150,0,0.0,0.0,0.0,0.0,0.0,1.0,0.0,0.0,0.0,0.0,0.0,0.0,0.0,1.0,1.0,0.0,0.0,0.0,0.0,0.0,0.0,0.0,0.0,0.0,0.0,0,1,0,1,0.0,0.0,0.0,0.0,1.0,0.0,0.0,0.0,0.0,0.0,1.0,0.0,0.0,0.0,0.0,0.0,1.0,1.0,1.0,1.0,1.0,1.0,1.0,1.0,0.0,0.0,0.0,0.0,0.0,0.0,0.0,0.0,0.0,0.0,0.0,0.0,20.753711267073513,24459.802210968726,24546.362793775836,52.21295263170715,16.86247973992431,20.82826477009732,24498.265,24440.888000000003,24484.798035717,24526.92197490187,24469.60802509813,51.84696569920798,58.17823391449817,22.721428571428728,-48.15303430079202,-64.49263181484989,99.93266144418756,-0.06733855581243968
2025-09-17 23:55:00,24486.55,24503.25,24485.75,24498.9,125,150,0,0.0,0.0,0.0,0.0,0.0,0.0,1.0,0.0,0.0,0.0,0.0,0.0,0.0,0.0,1.0,1.0,0.0,0.0,0.0,0.0,0.0,0.0,0.0,0.0,0.0,0,0,0,0,0.0,0.0,0.0,1.0,0.0,1.0,0.0,0.0,0.0,1.0,0.0,1.0,0.0,0.0,0.0,0.0,1.0,1.0,1.0,1.0,1.0,1.0,1.0,1.0,0.0,0.0,0.0,0.0,0.0,0.0,0.0,0.0,0.0,0.0,0.0,0.0,57.829145399276776,24461.335482165327,24538.08622320507,54.6188307724599,15.98520932653264,19.859653681384387,24499.6825,24443.175,24486.14107993443,24525.199888808016,24474.165111191982,68.13984168865693,59.03693931398474,21.971428571428728,-31.860158311343074,-26.384653221846328,99.94635291621876,-0.05364708378123339
2025-09-18 01:00:00,24497.55,24507.85,24495.05,24506.75,374,150,0,0.0,0.0,0.0,0.0,0.0,0.0,0.0,1.0,0.0,0.0,0.0,0.0,0.0,0.0,0.0,1.0,1.0,0.0,0.0,0.0,0.0,1.0,0.0,0.0,0.0,0,0,0,0,0.0,0.0,0.0,0.0,1.0,0.0,0.0,0.0,0.0,0.0,1.0,0.0,0.0,0.0,0.0,0.0,1.0,1.0,1.0,1.0,1.0,1.0,1.0,1.0,0.0,0.0,0.0,0.0,0.0,0.0,0.0,0.0,0.0,0.0,0.0,0.0,70.83757571930396,24463.116471067093,24535.35893917873,56.13069087496823,15.741932400309452,19.0361094251694,24499.0025,24445.435,24488.10383422639,24522.87257540835,24475.132424591648,78.4960422163596,66.16094986807484,19.207142857142962,-21.503957783640406,29.01718080132904,100.0,0.0
2025-09-18 01:05:00,24506.65,24516.05,24505.35,24514.25,537,150,0,0.0,0.0,0.0,0.0,0.0,0.0,0.0,0.0,1.0,0.0,0.0,0.0,0.0,0.0,0.0,0.0,1.0,0.0,0.0,0.0,0.0,1.0,1.0,0.0,0.0,0,0,0,0,0.0,0.0,0.0,0.0,0.0,1.0,0.0,0.0,0.0,0.0,0.0,1.0,0.0,0.0,0.0,0.0,1.0,1.0,1.0,1.0,1.0,1.0,1.0,1.0,0.0,0.0,0.0,0.0,0.0,0.0,0.0,0.0,0.0,0.0,0.0,0.0,79.77744807208381,24465.12173715598,24536.796264850145,57.58459520924845,15.970226176897995,18.422932775515118,24498.302499999998,24447.939,24490.59394525245,24519.196857712323,24477.408142287673,82.74509803921711,76.46032731474453,15.935714285714441,-17.254901960782888,114.29902856936997,100.06939554439785,0.06939554439784057
2025-09-18 01:10:00,24514.75,24516.85,24509.55,24515.75,411,150,0,0.0,0.0,0.0,0.0,0.0,0.0,0.0,0.0,0.0,0.0,0.0,0.0,0.0,0.0,0.0,0.0,0.0,1.0,0.0,0.0,0.0,1.0,1.0,1.0,0.0,0,0,0,0,0.0,0.0,0.0,0.0,0.0,0.0,0.0,0.0,0.0,0.0,0.0,0.0,0.0,0.0,0.0,0.0,1.0,1.0,1.0,1.0,1.0,1.0,1.0,1.0,0.0,0.0,0.0,0.0,0.0,0.0,0.0,0.0,0.0,0.0,0.0,0.0,81.48060887059478,24467.107187443693,24529.28774857953,57.88521962900741,16.086750062455394,17.955696232903176,24499.3975,24450.272999999997,24492.989759990312,24521.565933579503,24477.229066420496,80.42895442359406,80.55669822639025,13.621428571428623,-19.571045576405936,121.10605294216138,100.09799218104057,0.09799218104055446
2025-09-18 01:15:00,24515.75,24517.05,24514.35,24515.85,254,150,0,0.0,0.0,0.0,0.0,0.0,0.0,0.0,0.0,0.0,0.0,0.0,0.0,0.0,0.0,0.0,0.0,0.0,1.0,1.0,0.0,0.0,1.0,1.0,1.0,1.0,1,0,1,0,0.0,0.0,0.0,0.0,0.0,0.0,0.0,0.0,0.0,0.0,0.0,0.0,0.0,0.0,0.0,0.0,1.0,1.0,1.0,1.0,1.0,1.0,1.0,1.0,0.0,0.0,0.0,0.0,0.0,0.0,0.0,0.0,1.0,0.0,0.0,0.0,81.63527814502655,24469.018696388375,24516.81825122676,57.9066390470584,16.002696125913644,17.56509621150527,24500.6975,24452.655,24495.166925705522,24523.547433202726,24477.84756679727,93.18885448916167,85.45430231732428,12.064285714285818,-6.811145510838319,119.95003903200805,100.0330507696545,0.033050769654491115
2025-09-18 01:20:00,24516.05,24523.15,24514.75,24521.65,295,150,0,0.0,0.0,0.0,0.0,0.0,0.0,0.0,0.0,0.0,0.0,0.0,0.0,0.0,0.0,0.0,0.0,0.0,1.0,1.0,1.0,0.0,1.0,1.0,1.0,1.0,0,0,0,0,1.0,0.0,0.0,0.0,0.0,0.0,1.0,0.0,0.0,0.0,0.0,0.0,1.0,0.0,0.0,0.0,0.0,1.0,1.0,1.0,1.0,1.0,1.0,1.0,0.0,0.0,0.0,0.0,1.0,0.0,0.0,0.0,1.0,1.0,0.0,0.0,89.3636624330453,24471.082696155285,24504.656969912186,59.20267628081245,16.21715305719772,17.29550758064376,24501.8275,24455.057,24497.689123257376,24526.497201745493,24477.157798254506,95.98930481283438,89.86903790853005,11.592857142857351,-4.010695187165619,130.28974292839393,100.02610619920253,0.026106199202543128
2025-09-18 01:25:00,24521.85,24531.15,24521.85,24529.15,414,150,0,0.0,0.0,0.0,0.0,0.0,0.0,0.0,0.0,0.0,0.0,0.0,0.0,0.0,0.0,0.0,0.0,0.0,1.0,1.0,1.0,1.0,1.0,1.0,1.0,1.0,0,0,0,0,0.0,1.0,0.0,0.0,0.0,0.0,0.0,1.0,0.0,0.0,0.0,0.0,1.0,1.0,0.0,0.0,0.0,0.0,1.0,1.0,1.0,1.0,1.0,1.0,0.0,0.0,0.0,0.0,1.0,1.0,0.0,0.0,1.0,1.0,1.0,0.0,94.1438265897969,24473.359874026988,24496.580378357405,60.880014020948614,16.79865460647852,17.196136985810714,24503.792500000003,24457.569,24500.685397232864,24530.612195728125,24476.97280427188,95.59471365638781,94.92429098612796,10.792857142857299,-4.405286343612193,159.5398565435147,100.11264593464495,0.11264593464495995
2025-09-18 01:30:00,24529.25,24533.25,24526.55,24532.85,298,150,0,0.0,1.0,0.0,0.0,0.0,0.0,0.0,0.0,0.0,0.0,0.0,0.0,0.0,0.0,0.0,0.0,0.0,1.0,1.0,1.0,1.0,1.0,1.0,1.0,1.0,0,0,0,0,0.0,0.0,1.0,0.0,0.0,0.0,0.0,0.0,1.0,0.0,0.0,0.0,1.0,1.0,1.0,0.0,0.0,0.0,0.0,1.0,1.0,1.0,1.0,1.0,0.0,0.0,0.0,0.0,1.0,1.0,1.0,0.0,1.0,1.0,1.0,1.0,95.60535236153187,24475.69284839503,24480.85573669935,61.71624926627398,17.357966024119378,17.228502793472448,24506.3325,24460.112999999998,24503.748692734498,24534.087921945465,24478.577078054535,99.15789473683904,96.91397106868708,10.292857142857299,-0.8421052631609582,161.29167650375132,100.1310163974572,0.13101639745721477
2025-09-18 01:35:00,24533.15,24540.75,24531.75,24540.25,362,150,0,0.0,0.0,1.0,0.0,0.0,0.0,0.0,0.0,0.0,0.0,0.0,0.0,0.0,0.0,0.0,0.0,0.0,1.0,1.0,1.0,1.0,1.0,1.0,1.0,1.0,0,0,0,0,0.0,0.0,0.0,0.0,0.0,0.0,0.0,0.0,0.0,0.0,0.0,0.0,1.0,1.0,1.0,1.0,0.0,0.0,0.0,0.0,1.0,1.0,1.0,1.0,0.0,0.0,0.0,0.0,1.0,1.0,1.0,1.0,1.0,1.0,1.0,1.0,97.48692070164878,24478.224530854615,24480.494135782566,63.40128937249952,18.188674786757474,17.420537192129455,24509.432500000003,24462.743,24507.225007712168,24537.823737992385,24481.04126200762,99.0909090909091,97.94783916137864,9.700000000000207,-0.9090909090909091,182.40993272551296,100.20293541794692,0.20293541794692535
2025-09-18 01:40:00,24540.05,24548.25,24538.15,24544.75,423,150,0,0.0,0.0,0.0,1.0,0.0,0.0,0.0,0.0,0.0,0.0,0.0,0.0,0.0,0.0,0.0,0.0,0.0,1.0,1.0,1.0,1.0,1.0,1.0,1.0,1.0,0,0,0,0,0.0,0.0,0.0,0.0,0.0,0.0,0.0,0.0,0.0,0.0,0.0,0.0,1.0,1.0,1.0,1.0,0.0,0.0,0.0,0.0,1.0,1.0,1.0,1.0,0.0,0.0,0.0,0.0,1.0,1.0,1.0,1.0,1.0,1.0,1.0,1.0,98.19273427157597,24480.83340194509,24486.748056559936,64.42667149802408,18.991210999123723,17.73467195352831,24511.517499999998,24465.235,24510.798816501487,24543.79407248815,24479.240927511848,94.39999999999999,97.54960127591603,9.600000000000104,-5.6000000000000005,187.45176030493639,100.23768150270251,0.237681502702507
2025-09-18 01:45:00,24544.65,24561.85,24541.85,24561.55,489,150,0,1.0,0.0,0.0,0.0,1.0,0.0,0.0,0.0,0.0,0.0,0.0,0.0,0.0,0.0,0.0,0.0,0.0,1.0,1.0,1.0,1.0,1.0,1.0,1.0,1.0,0,0,0,0,0.0,0.0,0.0,0.0,0.0,0.0,0.0,0.0,0.0,0.0,0.0,0.0,1.0,1.0,1.0,1.0,0.0,0.0,0.0,0.0,1.0,1.0,1.0,1.0,0.0,0.0,0.0,0.0,1.0,1.0,1.0,1.0,1.0,1.0,1.0,1.0,99.29754743578154,24483.998792728184,24500.213852660116,68.02806316003984,20.743725569718663,18.33648267676638,24513.9925,24467.645,24515.632262548963,24553.272591046687,24474.712408953314,99.60578186596678,97.69889698562527,9.871428571428623,-0.394218134033217,199.44418164618332,100.25572576727934,0.25572576727933827
2025-09-18 01:50:00,24561.65,24571.65,24560.05,24570.35,650,150,0,0.0,0.0,0.0,0.0,0.0,0.0,0.0,0.0,0.0,0.0,0.0,0.0,0.0,0.0,0.0,0.0,0.0,1.0,1.0,1.0,1.0,1.0,1.0,1.0,1.0,1,0,1,0,0.0,0.0,0.0,0.0,0.0,0.0,0.0,0.0,0.0,0.0,0.0,0.0,1.0,1.0,1.0,1.0,0.0,0.0,0.0,0.0,1.0,1.0,1.0,1.0,0.0,0.0,0.0,0.0,1.0,1.0,1.0,1.0,1.0,1.0,1.0,1.0,99.52547277541565,24487.38514952554,24507.674909607405,69.75530494478033,22.58237686479697,19.185661514372498,24517.1725,24470.356999999996,24520.84347563954,24563.62646674474,24470.71853325526,98.4866123399268,97.49746473529785,10.235714285714494,-1.513387660073211,200.78552860814648,100.25952033623389,0.2595203362338888
2025-09-18 01:55:00,24570.25,24571.25,24565.85,24566.85,482,150,0,0.0,0.0,0.0,0.0,0.0,0.0,0.0,0.0,0.0,0.0,0.0,0.0,0.0,0.0,0.0,0.0,0.0,1.0,1.0,1.0,1.0,1.0,1.0,1.0,1.0,0,0,0,0,1.0,0.0,0.0,0.0,0.0,0.0,1.0,0.0,0.0,0.0,0.0,0.0,1.0,1.0,1.0,1.0,0.0,0.0,0.0,0.0,1.0,1.0,1.0,1.0,0.0,0.0,0.0,0.0,1.0,1.0,1.0,1.0,1.0,1.0,1.0,1.0,83.3842551375721,24490.5014490674,24517.770707967422,68.17770592149057,23.48636432549756,20.04580207659751,24520.6525,24473.127,24525.22504938816,24571.080358580937,24470.224641419063,94.41210710127727,97.5015004357236,9.82142857142883,-5.587892898722735,166.2592314004557,100.21456907716939,0.21456907716939552
2025-09-18 02:00:00,24566.75,24574.05,24566.65,24572.65,485,150,0,0.0,0.0,0.0,0.0,0.0,0.0,0.0,0.0,0.0,0.0,0.0,0.0,0.0,0.0,0.0,0.0,0.0,1.0,1.0,1.0,1.0,1.0,1.0,1.0,1.0,0,0,0,0,0.0,1.0,0.0,0.0,0.0,0.0,0.0,1.0,0.0,0.0,0.0,0.0,1.0,1.0,1.0,1.0,0.0,0.0,0.0,0.0,1.0,1.0,1.0,1.0,0.0,0.0,0.0,0.0,1.0,1.0,1.0,1.0,1.0,1.0,1.0,1.0,88.15814966909903,24493.722991555373,24533.43136299065,69.41226352774737,24.389643796585005,20.914570420595012,24524.697500000002,24475.909,24529.74171135119,24578.245800626704,24471.1491993733,98.41449603624255,97.10440515914888,9.935714285714441,-1.5855039637574504,148.4011537745981,100.23209569358474,0.2320956935847423
2025-09-18 02:05:00,24572.75,24574.85,24568.35,24573.15,315,150,0,0.0,0.0,0.0,0.0,0.0,0.0,0.0,0.0,0.0,0.0,0.0,0.0,0.0,0.0,0.0,0.0,0.0,1.0,1.0,1.0,1.0,1.0,1.0,1.0,1.0,0,0,0,0,0.0,0.0,1.0,0.0,0.0,0.0,0.0,0.0,1.0,0.0,0.0,0.0,1.0,1.0,1.0,1.0,0.0,0.0,0.0,0.0,1.0,1.0,1.0,1.0,0.0,0.0,0.0,0.0,1.0,1.0,1.0,1.0,1.0,1.0,1.0,1.0,88.58234246390626,24496.837804706774,24548.614391787214,69.52203576710016,24.859282769106358,21.703512890297283,24527.9675,24478.197,24533.87583407965,24585.03037644721,24470.90462355279,97.86967418546728,96.89875910766237,9.150000000000157,-2.1303258145327133,130.10047711395038,100.23372634438539,0.23372634438537893
2025-09-18 02:10:00,24573.15,24575.85,24567.25,24567.75,343,150,0,0.0,0.0,0.0,0.0,0.0,0.0,0.0,0.0,0.0,0.0,0.0,0.0,0.0,0.0,0.0,0.0,0.0,0.0,1.0,1.0,1.0,0.0,1.0,1.0,1.0,0,0,0,0,0.0,0.0,0.0,0.0,0.0,0.0,0.0,0.0,0.0,0.0,0.0,0.0,1.0,1.0,1.0,1.0,0.0,0.0,0.0,0.0,1.0,1.0,1.0,1.0,0.0,0.0,0.0,0.0,1.0,1.0,1.0,1.0,1.0,1.0,1.0,1.0,56.05383838982379,24499.618699562892,24557.315747675613,66.73644883599505,24.513167630622775,22.265443838362383,24530.5925,24479.315,24537.101945119684,24589.97514211215,24471.209857887847,88.5106382978744,94.9316028398614,8.850000000000104,-11.489361702125596,108.67329257055022,100.18799713722363,0.18799713722363112
2025-09-18 02:15:00,24567.85,24577.85,24567.85,24573.35,351,150,0,0.0,0.0,0.0,0.0,0.0,0.0,0.0,0.0,0.0,0.0,0.0,0.0,0.0,0.0,0.0,0.0,0.0,0.0,0.0,1.0,1.0,1.0,0.0,1.0,1.0,0,0,0,0,0.0,0.0,0.0,0.0,0.0,0.0,0.0,0.0,0.0,0.0,0.0,0.0,1.0,1.0,1.0,1.0,0.0,0.0,0.0,0.0,1.0,1.0,1.0,1.0,0.0,0.0,0.0,0.0,1.0,1.0,1.0,1.0,1.0,1.0,1.0,1.0,72.03052629178944,24502.510147536963,24565.694029248436,68.16117128858403,24.409366110299743,22.69422829274986,24534.182500000003,24481.968999999997,24540.554140822573,24594.840109189965,24473.52489081004,93.41142020497797,93.26391089610655,8.807142857142805,-6.5885797950220315,102.11831109324126,100.18019376945388,0.18019376945388277
2025-09-18 02:20:00,24573.25,24576.35,24571.65,24573.65,282,150,0,0.0,0.0,0.0,0.0,0.0,0.0,0.0,0.0,0.0,0.0,0.0,0.0,0.0,0.0,0.0,0.0,0.0,0.0,0.0,0.0,1.0,1.0,1.0,0.0,1.0,0,0,0,0,0.0,0.0,0.0,0.0,0.0,0.0,0.0,0.0,0.0,0.0,0.0,0.0,0.0,1.0,1.0,1.0,1.0,0.0,0.0,0.0,1.0,1.0,1.0,1.0,0.0,0.0,0.0,0.0,1.0,1.0,1.0,1.0,1.0,1.0,1.0,1.0,72.82443199174642,24505.299968317446,24573.924034736578,68.23965234048657,24.073802342398267,22.970143102679543,24537.8275,24486.977000000003,24543.7061274109,24598.78671393169,24476.868286068307,93.38582677165813,91.76929509150351,8.621428571428364,-6.614173228341873,93.4799225171434,100.16630762426706,0.16630762426706605
2025-09-18 02:25:00,24573.55,24575.05,24572.65,24573.85,187,150,0,0.0,0.0,0.0,0.0,0.0,0.0,0.0,0.0,0.0,0.0,0.0,0.0,0.0,0.0,0.0,0.0,0.0,0.0,0.0,0.0,0.0,1.0,1.0,1.0,0.0,0,0,0,0,0.0,0.0,0.0,0.0,0.0,0.0,0.0,0.0,0.0,0.0,0.0,0.0,0.0,0.0,1.0,1.0,1.0,1.0,0.0,0.0,1.0,1.0,1.0,1.0,0.0,0.0,0.0,0.0,1.0,1.0,1.0,1.0,1.0,1.0,1.0,1.0,73.57451208611411,24507.98822581862,24579.993524018544,68.29575952944595,23.55250534654624,23.086615551452887,24541.9925,24490.977,24546.57697241939,24600.691798615127,24483.293201384873,93.66085578446895,93.48603425370169,8.599999999999584,-6.339144215531049,84.51914812337985,100.13691792055907,0.1369179205590756
2025-09-18 02:30:00,24573.75,24583.85,24573.65,24577.55,426,150,0,0.0,0.0,0.0,0.0,0.0,0.0,0.0,0.0,0.0,0.0,0.0,0.0,0.0,0.0,0.0,0.0,0.0,1.0,0.0,0.0,0.0,1.0,1.0,1.0,1.0,0,0,0,0,0.0,0.0,0.0,0.0,0.0,0.0,0.0,0.0,0.0,0.0,0.0,0.0,0.0,0.0,0.0,1.0,1.0,1.0,1.0,0.0,1.0,1.0,1.0,1.0,0.0,0.0,0.0,0.0,1.0,1.0,1.0,1.0,1.0,1.0,1.0,1.0,85.03598051671084,24510.716158971354,24584.926614152937,69.37367465564614,23.17083385007936,23.103459211178183,24546.542500000003,24494.283,24549.526784569924,24601.10883119438,24491.976168805628,89.83870967742052,92.29513074451587,8.728571428570701,-10.161290322579472,88.00707221394104,100.13363346540503,0.13363346540502255
2025-09-18 02:35:00,24577.75,24578.85,24570.55,24571.75,286,150,0,0.0,0.0,0.0,0.0,0.0,0.0,0.0,0.0,0.0,0.0,0.0,0.0,0.0,0.0,0.0,0.0,0.0,0.0,1.0,0.0,0.0,0.0,1.0,1.0,1.0,0,0,0,0,0.0,0.0,0.0,0.0,0.0,0.0,0.0,0.0,0.0,0.0,0.0,0.0,0.0,0.0,0.0,0.0,1.0,1.0,1.0,1.0,1.0,1.0,1.0,1.0,0.0,0.0,0.0,0.0,1.0,1.0,1.0,1.0,1.0,1.0,1.0,1.0,42.10022089587296,24513.109660163893,24587.039751743272,65.60806421205079,22.145070326114364,22.911781434165423,24550.185,24496.895,24551.643281277553,24600.95445932365,24499.415540676353,78.88307155323089,87.46087900504013,8.642857142856363,-21.116928446769105,69.32868580958319,100.04152832374177,0.04152832374178636
2025-09-18 02:40:00,24572.15,24573.85,24568.25,24571.75,342,150,0,0.0,0.0,0.0,0.0,0.0,0.0,0.0,0.0,0.0,0.0,0.0,0.0,0.0,0.0,0.0,0.0,0.0,0.0,0.0,1.0,0.0,0.0,0.0,1.0,1.0,0,0,0,0,0.0,0.0,0.0,0.0,0.0,0.0,0.0,0.0,0.0,0.0,0.0,0.0,0.0,0.0,0.0,0.0,1.0,1.0,1.0,1.0,1.0,1.0,1.0,1.0,0.0,0.0,0.0,0.0,1.0,1.0,1.0,1.0,1.0,1.0,1.0,1.0,42.10022089587296,24515.409297239636,24591.012086776856,65.60806421205078,21.089043971707724,22.547233941673884,24553.435,24501.033,24553.558206870166,24600.69799431474,24506.17200568526,76.77543186180637,81.8324043641526,8.564285714284779,-23.224568138193632,57.4281385677651,100.005697924531,0.00569792453099551
2025-09-18 02:45:00,24572.65,24583.85,24572.25,24583.85,364,150,0,0.0,0.0,0.0,0.0,0.0,1.0,0.0,0.0,0.0,0.0,0.0,0.0,0.0,0.0,0.0,0.0,0.0,1.0,0.0,0.0,1.0,1.0,0.0,0.0,1.0,0,0,0,0,0.0,0.0,0.0,0.0,0.0,0.0,0.0,0.0,0.0,0.0,0.0,0.0,0.0,0.0,0.0,0.0,1.0,1.0,1.0,1.0,1.0,1.0,1.0,1.0,0.0,0.0,0.0,0.0,1.0,1.0,1.0,1.0,1.0,1.0,1.0,1.0,82.81927854813203,24518.093264203457,24597.77663997936,69.60046696600435,20.98658407602852,22.235103968544813,24556.915,24506.217,24556.4431395492,24602.239341084613,24511.59065891539,100.0,85.21950113834576,8.785714285713246,-0.0,79.37630941021338,100.06919894084916,0.06919894084915242
2025-09-18 02:50:00,24583.75,24583.75,24577.35,24583.55,392,150,0,0.0,0.0,0.0,0.0,0.0,0.0,1.0,0.0,0.0,0.0,0.0,0.0,0.0,0.0,0.0,0.0,0.0,1.0,1.0,0.0,0.0,1.0,1.0,0.0,0.0,0,0,0,0,0.0,0.0,0.0,0.0,0.0,0.0,0.0,0.0,0.0,0.0,0.0,0.0,0.0,0.0,0.0,0.0,1.0,1.0,1.0,1.0,1.0,1.0,1.0,1.0,0.0,0.0,0.0,0.0,1.0,1.0,1.0,1.0,1.0,1.0,1.0,1.0,80.70838367435911,24520.66021140838,24602.657011880146,69.38540361328751,20.643214253759652,21.91672602558778,24560.305,24511.531000000003,24559.02474530642,24602.713860792323,24517.896139207678,99.28571428571603,92.02038204917413,8.528571428570492,-0.7142857142839819,80.6671245917922,100.0443582600981,0.04435826009810833
2025-09-18 02:55:00,24583.85,24586.35,24581.05,24583.25,373,150,0,0.0,0.0,0.0,0.0,0.0,0.0,0.0,1.0,0.0,0.0,0.0,0.0,0.0,0.0,0.0,0.0,0.0,0.0,1.0,1.0,0.0,1.0,1.0,1.0,0.0,0,0,0,0,0.0,0.0,0.0,0.0,0.0,0.0,0.0,0.0,0.0,0.0,0.0,0.0,0.0,0.0,0.0,0.0,1.0,1.0,1.0,1.0,1.0,1.0,1.0,1.0,0.0,0.0,0.0,0.0,1.0,1.0,1.0,1.0,1.0,1.0,1.0,1.0,77.73637082499296,24523.114727978733,24605.19827124227,69.15527836204103,20.115010384415655,21.55638289735336,24563.675,24516.361,24561.331912420093,24601.694434088902,24525.655565911096,88.2129277566592,95.83288068079173,7.478571428570441,-11.7870722433408,86.4993729932225,100.04110177164914,0.041101771649131445
2025-09-18 03:00:00,24579.65,24579.65,24567.65,24567.75,711,150,0,1.0,0.0,0.0,0.0,0.0,0.0,0.0,0.0,1.0,0.0,0.0,0.0,0.0,1.0,0.0,0.0,0.0,0.0,0.0,1.0,1.0,0.0,1.0,1.0,1.0,0,0,0,0,0.0,0.0,0.0,0.0,0.0,0.0,0.0,0.0,0.0,0.0,0.0,0.0,0.0,0.0,0.0,0.0,1.0,1.0,1.0,1.0,1.0,1.0,1.0,1.0,0.0,0.0,0.0,0.0,1.0,1.0,1.0,1.0,1.0,1.0,1.0,1.0,20.17100488068509,24524.86514111972,24602.549677169412,58.381531503594225,18.235477320107748,20.892201781904237,24565.98,24522.355,24561.943158856273,24598.457561485127,24533.50243851487,9.268292682933927,65.58897824176971,7.764285714284467,-90.73170731706607,32.79021112028416,100.0,0.0
2025-09-18 03:05:00,24567.65,24577.55,24567.65,24574.35,519,150,0,0.0,0.0,0.0,0.0,0.0,0.0,0.0,0.0,0.0,0.0,0.0,0.0,0.0,0.0,1.0,0.0,0.0,0.0,0.0,0.0,1.0,0.0,0.0,1.0,1.0,0,0,0,0,0.0,0.0,0.0,0.0,0.0,0.0,0.0,0.0,0.0,0.0,0.0,0.0,0.0,0.0,0.0,0.0,1.0,1.0,1.0,1.0,1.0,1.0,1.0,1.0,0.0,0.0,0.0,0.0,1.0,1.0,1.0,1.0,1.0,1.0,1.0,1.0,45.80433595335635,24526.805734809892,24602.518443310913,61.15649196224734,17.081592699087196,20.13007996534083,24568.239999999998,24525.985,24563.12476277472,24595.852804047925,24540.62719595207,39.08629441623466,45.52250495194259,8.085714285712779,-60.91370558376534,36.7581572342289,100.0040694492204,0.0040694492203952656
2025-09-18 03:10:00,24574.55,24578.75,24570.35,24573.05,514,150,0,0.0,0.0,0.0,0.0,0.0,0.0,0.0,0.0,0.0,0.0,0.0,0.0,0.0,0.0,0.0,1.0,0.0,0.0,0.0,0.0,0.0,0.0,0.0,0.0,1.0,0,0,0,0,0.0,0.0,0.0,0.0,0.0,0.0,0.0,0.0,0.0,0.0,0.0,0.0,0.0,0.0,0.0,0.0,1.0,1.0,1.0,1.0,1.0,1.0,1.0,1.0,0.0,0.0,0.0,0.0,1.0,1.0,1.0,1.0,1.0,1.0,1.0,1.0,41.83535914031221,24528.619245272217,24602.192358600198,60.30359221086973,15.879186312828097,19.279901234838285,24570.25,24528.459,24564.070023462842,24592.31020470441,24548.18979529559,30.366492146595363,26.24035974858798,8.15714285714161,-69.63350785340464,38.14081647452888,99.99755836027614,-0.0024416397238594297
2025-09-18 03:15:00,24572.65,24575.65,24571.25,24571.25,450,150,0,0.0,0.0,0.0,0.0,0.0,0.0,0.0,0.0,0.0,0.0,0.0,0.0,0.0,0.0,0.0,0.0,1.0,0.0,0.0,0.0,0.0,0.0,0.0,0.0,0.0,0,0,0,0,0.0,0.0,0.0,0.0,0.0,0.0,0.0,0.0,0.0,0.0,0.0,0.0,0.0,0.0,0.0,0.0,1.0,1.0,1.0,1.0,1.0,1.0,1.0,1.0,0.0,0.0,0.0,0.0,1.0,1.0,1.0,1.0,1.0,1.0,1.0,1.0,35.45469187824669,24530.29104831423,24599.06610440339,59.07509635155027,14.612580895536667,18.34643716697796,24571.8,24530.107000000004,24564.753830752095,24588.749149956046,24554.850850043953,20.942408376964945,30.131731646598322,8.007142857141714,-79.05759162303505,16.223448737225628,99.98941964730803,-0.0105803526919817
2025-09-18 03:20:00,24571.15,24572.35,24560.65,24563.55,602,150,0,0.0,0.0,0.0,0.0,0.0,0.0,0.0,0.0,0.0,1.0,0.0,0.0,0.0,1.0,0.0,0.0,0.0,0.0,0.0,0.0,0.0,0.0,0.0,0.0,0.0,0,0,0,0,0.0,0.0,0.0,0.0,0.0,0.0,0.0,0.0,0.0,0.0,0.0,0.0,0.0,0.0,0.0,0.0,1.0,1.0,1.0,1.0,1.0,1.0,1.0,1.0,0.0,0.0,0.0,0.0,1.0,1.0,1.0,1.0,1.0,1.0,1.0,1.0,17.918531886838224,24531.595327479812,24593.144889591927,54.00658809342661,12.839456071247696,17.245040947831907,24572.739999999998,24532.805,24564.639180204274,24584.733313927754,24560.74668607224,11.284046692599789,20.864315738720034,8.22857142857018,-88.71595330740021,-116.02133598654494,99.94303744677562,-0.05696255322438567
2025-09-18 03:25:00,24563.65,24565.85,24559.25,24562.15,575,150,0,0.0,0.0,0.0,0.0,0.0,0.0,0.0,0.0,0.0,1.0,1.0,0.0,0.0,1.0,1.0,0.0,0.0,0.0,0.0,0.0,0.0,0.0,0.0,0.0,0.0,0,0,0,0,0.0,0.0,0.0,0.0,0.0,0.0,0.0,0.0,0.0,0.0,0.0,0.0,0.0,0.0,0.0,0.0,1.0,1.0,1.0,1.0,1.0,1.0,1.0,1.0,0.0,0.0,0.0,0.0,1.0,1.0,1.0,1.0,1.0,1.0,1.0,1.0,15.788741477897062,24532.793555713422,24585.25897146178,53.11429175978247,11.192256210953929,16.03448400045631,24572.77,24534.637,24564.402115422916,24584.647905185735,24560.892094814266,10.701107011076056,14.309187360213597,7.978571428570182,-89.29889298892395,-191.987767584082,99.96093074363853,-0.0390692563614661
2025-09-18 03:30:00,24562.25,24567.65,24561.05,24564.65,562,150,0,0.0,0.0,0.0,0.0,0.0,0.0,0.0,0.0,0.0,0.0,1.0,1.0,0.0,0.0,1.0,1.0,0.0,0.0,0.0,0.0,0.0,0.0,0.0,0.0,0.0,0,0,0,0,0.0,0.0,0.0,0.0,0.0,0.0,0.0,0.0,0.0,0.0,0.0,0.0,0.0,0.0,0.0,0.0,1.0,1.0,1.0,1.0,1.0,1.0,1.0,1.0,0.0,0.0,0.0,0.0,1.0,1.0,1.0,1.0,1.0,1.0,1.0,1.0,36.124912416786756,24534.04283383016,24577.52281443696,54.55811929780787,9.97359812996001,14.82230682635705,24572.484999999997,24535.523,24564.425723477874,24584.870097157516,24560.099902842478,19.92619926199906,13.970450988558303,8.114285714284831,-80.07380073800094,-146.18438464936486,99.97110502914933,-0.02889497085066609
2025-09-18 03:35:00,24565.35,24568.05,24562.15,24562.35,400,150,0,0.0,0.0,0.0,0.0,0.0,0.0,0.0,0.0,0.0,0.0,0.0,1.0,1.0,1.0,0.0,1.0,1.0,0.0,0.0,0.0,0.0,0.0,0.0,0.0,0.0,0,0,0,0,0.0,0.0,0.0,0.0,0.0,0.0,0.0,0.0,0.0,0.0,0.0,0.0,0.0,0.0,0.0,0.0,1.0,1.0,1.0,1.0,1.0,1.0,1.0,1.0,0.0,0.0,0.0,0.0,1.0,1.0,1.0,1.0,1.0,1.0,1.0,1.0,27.09525373167348,24535.15292372266,24570.52651568955,52.9428148862607,8.721674013751908,13.60218026383602,24572.260000000002,24536.205,24564.228035527598,24585.226012251514,24559.29398774849,11.439114391139157,14.02214022140476,8.364285714284831,-88.56088560886084,-139.8681330936625,99.91254421093522,-0.0874557890647722
2025-09-18 03:40:00,24562.65,24568.85,24562.35,24566.25,378,150,0,0.0,0.0,0.0,0.0,0.0,0.0,0.0,0.0,0.0,0.0,0.0,0.0,1.0,0.0,1.0,0.0,1.0,0.0,0.0,0.0,0.0,0.0,0.0,0.0,0.0,0,0,0,0,0.0,0.0,0.0,0.0,0.0,0.0,0.0,0.0,0.0,0.0,0.0,0.0,1.0,0.0,0.0,0.0,0.0,1.0,1.0,1.0,1.0,1.0,1.0,1.0,0.0,0.0,0.0,0.0,1.0,1.0,1.0,1.0,1.0,1.0,1.0,1.0,55.430632912553605,24536.372422128985,24565.101488248958,55.356468712046606,7.952540600595967,12.47225233118801,24571.94,24537.653,24564.420603572587,24585.17852432629,24558.701475673708,25.830258302584415,19.065190651907542,8.099999999999325,-74.16974169741559,-100.74559010738346,99.92962773887417,-0.0703722611258312
2025-09-18 03:45:00,24565.75,24569.55,24563.35,24563.85,360,150,0,0.0,0.0,0.0,0.0,0.0,0.0,0.0,0.0,0.0,0.0,0.0,0.0,0.0,0.0,0.0,1.0,0.0,0.0,0.0,0.0,0.0,0.0,0.0,0.0,0.0,0,0,0,0,0.0,0.0,0.0,0.0,0.0,0.0,0.0,0.0,0.0,0.0,0.0,0.0,1.0,1.0,0.0,0.0,0.0,0.0,1.0,1.0,1.0,1.0,1.0,1.0,0.0,0.0,0.0,0.0,1.0,1.0,1.0,1.0,1.0,1.0,1.0,1.0,40.794837571917036,24537.449978633038,24559.60030668909,53.53663613457683,7.067862962372601,11.391374457424929,24571.475,24539.133,24564.366260375198,24585.179686099087,24557.77031390091,16.97416974169296,18.08118081180551,7.949999999999428,-83.02583025830704,-91.59536990438288,99.92108447825247,-0.07891552174753727
2025-09-18 03:50:00,24563.75,24567.05,24560.25,24566.15,481,150,0,0.0,0.0,0.0,0.0,0.0,0.0,0.0,0.0,0.0,0.0,0.0,0.0,0.0,0.0,0.0,0.0,1.0,0.0,0.0,0.0,0.0,0.0,0.0,0.0,0.0,0,0,0,0,0.0,0.0,0.0,0.0,0.0,0.0,0.0,0.0,0.0,0.0,0.0,0.0,1.0,1.0,1.0,0.0,0.0,0.0,0.0,1.0,1.0,1.0,1.0,1.0,0.0,0.0,0.0,0.0,1.0,1.0,1.0,1.0,1.0,1.0,1.0,1.0,57.08385934542219,24538.575474113346,24554.76793001036,55.061336441352786,6.477669793242967,10.408633524588538,24571.395,24540.475,24564.536140339464,24585.209481342372,24557.58051865763,25.461254612552864,22.755227552276747,8.035714285713766,-74.53874538744714,-96.55728886494605,99.99348739709579,-0.006512602904207934
2025-09-18 03:55:00,24566.05,24569.65,24563.05,24563.65,334,150,0,0.0,0.0,0.0,0.0,0.0,0.0,0.0,0.0,0.0,0.0,0.0,0.0,0.0,0.0,0.0,0.0,0.0,0.0,0.0,0.0,0.0,0.0,0.0,0.0,0.0,0,0,0,0,0.0,0.0,0.0,0.0,0.0,0.0,0.0,0.0,0.0,0.0,0.0,0.0,1.0,1.0,1.0,1.0,0.0,0.0,0.0,0.0,1.0,1.0,1.0,1.0,0.0,0.0,0.0,0.0,0.0,1.0,1.0,1.0,1.0,1.0,1.0,1.0,39.40679976398439,24539.5587925863,24549.540981727754,53.024540103738026,5.742017939450307,9.475310407560892,24570.909999999996,24541.951,24564.45174602142,24585.111171190416,24556.708828809577,16.23616236162986,19.557195571958562,7.642857142856883,-83.76383763837015,-74.26262369149757,99.9564586652343,-0.04354133476570933
2025-09-18 04:00:00,24563.85,24568.25,24560.05,24567.25,492,150,0,0.0,0.0,0.0,0.0,0.0,0.0,0.0,0.0,0.0,0.0,0.0,0.0,0.0,0.0,0.0,0.0,0.0,0.0,0.0,0.0,0.0,0.0,0.0,0.0,0.0,0,0,0,0,0.0,0.0,0.0,0.0,0.0,0.0,0.0,0.0,0.0,0.0,0.0,0.0,1.0,1.0,1.0,1.0,0.0,0.0,0.0,0.0,1.0,1.0,1.0,1.0,0.0,0.0,0.0,0.0,0.0,0.0,1.0,1.0,1.0,1.0,1.0,1.0,63.69237151436831,24540.644726248942,24546.1093717717,55.5730955490101,5.387395912235661,8.657727508495846,24570.59,24543.655,24564.71824640033,24584.81960590572,24556.36039409428,29.520295202953616,23.739237392378783,7.764285714285506,-70.47970479704638,-69.23233557317924,99.97639690636694,-0.02360309363306253
2025-09-18 04:05:00,24567.85,24588.85,24565.85,24584.55,667,150,0,1.0,0.0,0.0,0.0,0.0,0.0,0.0,0.0,0.0,0.0,0.0,0.0,0.0,0.0,0.0,0.0,0.0,1.0,0.0,0.0,0.0,1.0,0.0,0.0,0.0,0,0,0,0,0.0,0.0,0.0,0.0,0.0,0.0,0.0,0.0,0.0,0.0,0.0,0.0,1.0,1.0,1.0,1.0,0.0,0.0,0.0,0.0,1.0,1.0,1.0,1.0,0.0,0.0,0.0,0.0,1.0,0.0,0.0,1.0,1.0,1.0,1.0,1.0,90.66420724045521,24542.36650772286,24547.642374741798,65.31235871050073,6.428220296431391,8.211826066082955,24571.125,24545.780999999995,24566.606984838392,24586.619090555017,24555.630909444983,85.47297297297472,43.743143512519396,9.028571428571272,-14.527027027025282,100.25340051845347,100.05412830035101,0.054128300351017025
2025-09-18 04:10:00,24584.65,24593.05,24584.65,24586.85,523,150,0,0.0,0.0,0.0,0.0,0.0,0.0,0.0,0.0,0.0,0.0,0.0,0.0,0.0,0.0,0.0,0.0,0.0,1.0,1.0,0.0,0.0,1.0,1.0,0.0,0.0,1,0,1,0,0.0,0.0,0.0,0.0,0.0,0.0,0.0,0.0,0.0,0.0,0.0,0.0,1.0,1.0,1.0,1.0,0.0,0.0,0.0,0.0,1.0,1.0,1.0,1.0,0.0,0.0,0.0,0.0,1.0,1.0,0.0,0.0,1.0,1.0,1.0,1.0,91.86880002387113,24544.110964272855,24550.294763688085,66.36795943953756,7.353900708014407,8.040240994469245,24571.59,24547.457000000002,24568.53489104426,24588.398443993887,24554.781556006114,81.65680473372527,65.55002430321787,8.521428571428519,-18.343195266274737,177.92114695341598,100.09485599597778,0.09485599597777712
2025-09-18 04:15:00,24586.75,24587.75,24576.85,24577.15,513,150,0,1.0,0.0,0.0,0.0,0.0,0.0,0.0,0.0,0.0,0.0,0.0,0.0,0.0,0.0,0.0,0.0,0.0,0.0,1.0,1.0,0.0,0.0,1.0,1.0,0.0,0,0,0,0,1.0,0.0,0.0,0.0,0.0,0.0,1.0,0.0,0.0,0.0,0.0,0.0,1.0,1.0,1.0,1.0,0.0,0.0,0.0,0.0,1.0,1.0,1.0,1.0,0.0,0.0,0.0,0.0,1.0,1.0,1.0,0.0,1.0,1.0,1.0,1.0,50.58152968176051,24545.406616923323,24551.399594847615,58.30883505926637,7.221554583684338,7.876503712312264,24571.859999999997,24548.759,24569.35537761147,24588.851750320944,24554.86824967905,52.958579881662246,73.3627858627874,8.592857142857351,-47.041420118337754,87.25932687594025,100.06106957249263,0.061069572492636025
2025-09-18 04:20:00,24577.25,24577.55,24567.35,24576.55,581,150,0,0.0,0.0,0.0,0.0,0.0,0.0,0.0,0.0,0.0,0.0,0.0,0.0,0.0,0.0,0.0,0.0,0.0,0.0,0.0,1.0,1.0,0.0,0.0,1.0,1.0,0,0,0,0,0.0,1.0,0.0,0.0,0.0,0.0,0.0,1.0,0.0,0.0,0.0,0.0,1.0,1.0,1.0,1.0,0.0,0.0,0.0,0.0,1.0,1.0,1.0,1.0,0.0,0.0,0.0,0.0,1.0,1.0,1.0,1.0,1.0,1.0,1.0,1.0,48.55679144745128,24546.62792985882,24552.75929429234,57.84096086527667,6.987704434039188,7.698743856657648,24572.1,24550.155,24570.040579743712,24589.22031726283,24554.97968273717,51.18343195266167,61.93293885601639,8.721428571428728,-48.81656804733833,17.1945701357399,100.04844359679457,0.04844359679457194
2025-09-18 04:25:00,24576.65,24579.35,24573.85,24576.25,359,150,0,0.0,0.0,0.0,0.0,0.0,0.0,0.0,0.0,0.0,0.0,0.0,0.0,0.0,0.0,0.0,0.0,0.0,0.0,0.0,0.0,1.0,0.0,0.0,0.0,1.0,0,0,0,0,0.0,0.0,1.0,0.0,0.0,0.0,0.0,0.0,1.0,0.0,0.0,0.0,1.0,1.0,1.0,1.0,0.0,0.0,0.0,0.0,1.0,1.0,1.0,1.0,0.0,0.0,0.0,0.0,0.0,1.0,1.0,1.0,1.0,1.0,1.0,1.0,47.14151359409565,24547.789583136553,24555.678328383245,57.59212526150043,6.70092492153708,7.499180069633536,24571.72,24551.735,24570.631953101456,24588.06188676928,24555.378113230723,50.29585798816676,51.47928994083022,8.800000000000052,-49.704142011833234,47.009209054137294,100.05659067638074,0.05659067638072683
2025-09-18 04:30:00,24576.15,24584.65,24574.65,24581.55,635,140,0,0.0,0.0,0.0,0.0,0.0,0.0,0.0,0.0,0.0,0.0,0.0,0.0,0.0,0.0,0.0,0.0,0.0,0.0,0.0,0.0,0.0,1.0,0.0,0.0,0.0,0,0,0,0,0.0,0.0,0.0,0.0,0.0,0.0,0.0,0.0,0.0,0.0,0.0,0.0,1.0,1.0,1.0,1.0,0.0,0.0,0.0,0.0,1.0,1.0,1.0,1.0,0.0,0.0,0.0,0.0,0.0,0.0,1.0,1.0,0.0,1.0,1.0,1.0,70.1767469645095,24549.11352485057,24560.71659026349,60.80058029628685,6.822668324304686,7.363877720567767,24571.620000000003,24553.531000000003,24571.671767091793,24587.67911448109,24555.560885518917,65.97633136094602,55.81854043392482,8.678571428571688,-34.02366863905399,87.770534550213,100.06228056785223,0.06228056785223334
2025-09-18 04:35:00,24581.85,24587.35,24581.65,24587.15,441,150,0,0.0,0.0,0.0,0.0,0.0,0.0,0.0,0.0,0.0,0.0,0.0,0.0,0.0,0.0,0.0,0.0,0.0,1.0,0.0,0.0,0.0,1.0,1.0,0.0,0.0,1,0,1,0,0.0,0.0,0.0,0.0,0.0,0.0,0.0,0.0,0.0,0.0,0.0,0.0,1.0,1.0,1.0,1.0,0.0,0.0,0.0,0.0,1.0,1.0,1.0,1.0,0.0,0.0,0.0,0.0,0.0,0.0,0.0,1.0,0.0,0.0,1.0,1.0,82.36027588250631,24550.60515543805,24566.3036399148,63.90771886011745,7.287023772911198,7.348506931036454,24571.815000000002,24555.119,24573.14588451162,24588.549241605982,24555.080758394022,82.12121212121873,66.13113382344385,8.621428571428883,-17.878787878781264,138.0291345329938,100.09485483749494,0.09485483749494852
2025-09-18 04:40:00,24587.25,24588.75,24583.65,24587.05,494,150,0,0.0,0.0,0.0,0.0,0.0,0.0,0.0,0.0,0.0,0.0,0.0,0.0,0.0,0.0,0.0,0.0,0.0,1.0,1.0,0.0,0.0,1.0,1.0,1.0,0.0,0,0,0,0,1.0,0.0,0.0,0.0,0.0,0.0,1.0,0.0,0.0,0.0,0.0,0.0,1.0,1.0,1.0,1.0,0.0,0.0,0.0,0.0,1.0,1.0,1.0,1.0,0.0,0.0,0.0,0.0,0.0,0.0,0.0,0.0,0.0,0.0,0.0,1.0,81.46879383121453,24552.03436881325,24571.88992768598,63.810450979370025,7.559814807882503,7.390768506405664,24572.780000000002,24556.555,24574.470085986704,24590.71040346572,24554.849596534285,81.81818181818183,76.63857510011552,8.514285714285766,-18.181818181818183,129.02722521258946,100.08507641612543,0.085076416125432
2025-09-18 04:45:00,24587.25,24592.75,24586.15,24590.65,402,150,0,0.0,0.0,0.0,0.0,0.0,0.0,0.0,0.0,0.0,0.0,0.0,0.0,0.0,0.0,0.0,0.0,0.0,1.0,1.0,1.0,0.0,1.0,1.0,1.0,1.0,0,0,0,0,0.0,1.0,0.0,0.0,0.0,0.0,0.0,1.0,0.0,0.0,0.0,0.0,1.0,1.0,1.0,1.0,0.0,0.0,0.0,0.0,1.0,1.0,1.0,1.0,0.0,0.0,0.0,0.0,0.0,0.0,0.0,0.0,1.0,0.0,0.0,0.0,88.30473819057302,24553.548711143863,24577.667787964856,65.8269019838429,7.974567729204864,7.5075283509655035,24573.594999999998,24558.337000000003,24576.011030178444,24593.22692620041,24553.963073799587,92.72727272727934,85.55555555555998,8.564285714285818,-7.272727272720658,136.77004749932468,100.10991851780986,0.10991851780985318
2025-09-18 04:50:00,24590.75,24592.65,24586.75,24592.25,366,150,0,0.0,0.0,0.0,0.0,0.0,0.0,0.0,0.0,0.0,0.0,0.0,0.0,0.0,0.0,0.0,0.0,0.0,1.0,1.0,1.0,1.0,1.0,1.0,1.0,1.0,0,0,0,0,0.0,0.0,1.0,0.0,0.0,0.0,0.0,0.0,1.0,0.0,0.0,0.0,1.0,1.0,1.0,1.0,0.0,0.0,0.0,0.0,1.0,1.0,1.0,1.0,0.0,0.0,0.0,0.0,1.0,0.0,0.0,0.0,1.0,1.0,0.0,0.0,90.61319335679276,24555.06641245589,24582.57393143078,66.71459044209828,8.336273662098392,7.673277413192082,24574.555,24560.167,24577.557598732878,24595.879507769278,24553.230492230723,97.57575757575978,90.70707070707367,8.52142857142878,-2.4242424242402194,122.21278736987438,100.10176149141641,0.10176149141641821
2025-09-18 04:55:00,24592.35,24596.25,24591.55,24592.15,384,150,0,0.0,0.0,0.0,0.0,0.0,0.0,0.0,0.0,0.0,0.0,0.0,0.0,0.0,0.0,0.0,0.0,0.0,1.0,1.0,1.0,1.0,1.0,1.0,1.0,1.0,0,0,0,0,0.0,0.0,0.0,0.0,0.0,0.0,0.0,0.0,0.0,0.0,0.0,0.0,1.0,1.0,1.0,1.0,0.0,0.0,0.0,0.0,1.0,1.0,1.0,1.0,0.0,0.0,0.0,0.0,1.0,1.0,0.0,0.0,1.0,1.0,1.0,0.0,88.96688509486978,24556.520674206306,24587.457203964354,66.59815020307276,8.516684023627022,7.84195873527907,24575.6,24562.199,24578.947351234507,24598.24978215353,24552.950217846468,88.67403314917551,92.99235448407154,8.414285714285922,-11.325966850824482,123.23996104716879,100.03091372426994,0.03091372426992637
2025-09-18 05:00:00,24592.25,24592.85,24589.35,24592.15,338,150,0,0.0,0.0,0.0,0.0,0.0,0.0,0.0,0.0,0.0,0.0,0.0,0.0,0.0,0.0,0.0,0.0,0.0,1.0,1.0,1.0,1.0,1.0,1.0,1.0,1.0,0,0,0,0,0.0,0.0,0.0,0.0,0.0,0.0,0.0,0.0,0.0,0.0,0.0,0.0,1.0,1.0,1.0,1.0,0.0,0.0,0.0,0.0,1.0,1.0,1.0,1.0,0.0,0.0,0.0,0.0,1.0,1.0,1.0,0.0,1.0,1.0,1.0,1.0,88.96688509486978,24557.917905821538,24591.72956159614,66.59815020307276,8.560974944786722,7.985761977180601,24577.030000000002,24564.310999999998,24580.20474635503,24600.084224410766,24553.97577558924,88.67403314917551,91.6412746247036,8.178571428571688,-11.325966850824482,99.4443509008209,100.02155623839575,0.021556238395739634
2025-09-18 05:05:00,24592.05,24592.25,24587.05,24587.05,327,150,0,0.0,0.0,0.0,0.0,0.0,0.0,0.0,0.0,0.0,0.0,0.0,0.0,0.0,1.0,0.0,0.0,0.0,0.0,1.0,1.0,1.0,0.0,1.0,1.0,1.0,0,0,0,0,0.0,0.0,0.0,0.0,0.0,0.0,0.0,0.0,0.0,0.0,0.0,0.0,0.0,1.0,1.0,1.0,1.0,0.0,0.0,0.0,1.0,1.0,1.0,1.0,0.0,0.0,0.0,0.0,1.0,1.0,1.0,1.0,1.0,1.0,1.0,1.0,28.84004638561953,24559.060343364083,24594.292022856433,60.366308336783284,8.091277234074369,8.006865028559355,24578.275,24566.074,24580.856675273597,24600.624367117456,24555.925632882547,74.58563535911452,83.97790055248852,8.078571428571584,-25.414364640885477,74.41154138194435,100.0402813182163,0.04028131821630179
2025-09-18 05:10:00,24586.85,24596.85,24586.25,24596.35,397,150,0,1.0,0.0,0.0,0.0,0.0,0.0,0.0,0.0,0.0,0.0,0.0,0.0,0.0,0.0,1.0,0.0,0.0,0.0,0.0,1.0,1.0,1.0,0.0,1.0,1.0,0,0,0,0,0.0,0.0,0.0,0.0,0.0,0.0,0.0,0.0,0.0,0.0,0.0,0.0,0.0,0.0,1.0,1.0,1.0,1.0,0.0,0.0,1.0,1.0,1.0,1.0,0.0,0.0,0.0,0.0,1.0,1.0,1.0,1.0,1.0,1.0,1.0,1.0,75.01936388007178,24560.522685885928,24598.944453770644,66.51882028522648,8.37295250648458,8.0800825241444,24579.86,24567.866,24582.332230009448,24602.63310509822,24557.086894901782,98.38709677419355,87.21558842749452,8.25,-1.6129032258064515,96.72451091045012,100.08056460324983,0.08056460324984294
2025-09-18 05:15:00,24596.55,24604.75,24596.05,24603.55,346,150,0,0.0,0.0,0.0,0.0,0.0,0.0,0.0,0.0,0.0,0.0,0.0,0.0,0.0,0.0,0.0,1.0,0.0,1.0,0.0,0.0,1.0,1.0,1.0,0.0,1.0,0,0,0,0,0.0,0.0,0.0,0.0,0.0,0.0,0.0,0.0,0.0,0.0,0.0,0.0,0.0,0.0,0.0,1.0,1.0,1.0,1.0,0.0,1.0,1.0,1.0,1.0,0.0,0.0,0.0,0.0,1.0,1.0,1.0,1.0,1.0,1.0,1.0,1.0,85.75482142028852,24562.21003491423,24603.974365637878,70.35558412151336,9.072578973387863,8.278581813993092,24581.92,24569.652000000002,24584.352970008546,24605.464636220644,24558.375363779352,96.79144385026555,89.92139199452454,7.22857142857148,-3.2085561497344406,140.52891601277116,100.11108285438178,0.11108285438176807
2025-09-18 05:20:00,24603.35,24605.35,24598.35,24602.35,316,150,0,0.0,1.0,0.0,0.0,0.0,0.0,0.0,0.0,0.0,0.0,0.0,0.0,0.0,0.0,0.0,0.0,1.0,0.0,1.0,0.0,0.0,1.0,1.0,1.0,0.0,0,0,0,0,0.0,0.0,0.0,0.0,0.0,0.0,0.0,0.0,0.0,0.0,0.0,0.0,0.0,0.0,0.0,0.0,1.0,1.0,1.0,1.0,1.0,1.0,1.0,1.0,0.0,0.0,0.0,0.0,1.0,1.0,1.0,1.0,1.0,1.0,1.0,1.0,77.43533952632669,24563.784154218738,24607.934316890463,68.93765585412724,9.421601658596046,8.507185782913684,24583.725,24571.384,24586.066972864875,24607.741825243214,24559.708174756783,92.10526315789474,95.76126792745129,7.121428571428623,-7.894736842105263,130.7557968633604,100.08461630775926,0.08461630775927179
2025-09-18 05:25:00,24602.55,24604.35,24600.75,24603.55,321,150,0,0.0,0.0,1.0,0.0,0.0,0.0,0.0,0.0,0.0,0.0,0.0,0.0,0.0,0.0,0.0,0.0,0.0,1.0,0.0,1.0,0.0,1.0,1.0,1.0,1.0,0,0,0,0,0.0,0.0,0.0,0.0,0.0,0.0,0.0,0.0,0.0,0.0,0.0,0.0,0.0,0.0,0.0,0.0,1.0,1.0,1.0,1.0,1.0,1.0,1.0,1.0,0.0,0.0,0.0,0.0,1.0,1.0,1.0,1.0,1.0,1.0,1.0,1.0,80.30185518796796,24565.34360203218,24612.732835098126,69.59751234281259,9.683410296191141,8.742430685569175,24585.71,24573.138,24587.73202306822,24609.370084086375,24562.049915913623,95.26315789473875,94.71995496763303,6.599999999999844,-4.736842105261243,127.2955617165452,100.0667015087149,0.06670150871490928
2025-09-18 05:30:00,24603.65,24605.15,24601.85,24602.15,370,150,0,0.0,0.0,0.0,1.0,0.0,0.0,0.0,0.0,0.0,0.0,0.0,0.0,0.0,0.0,0.0,0.0,0.0,0.0,1.0,0.0,1.0,0.0,1.0,1.0,1.0,0,0,0,0,0.0,0.0,0.0,0.0,0.0,0.0,0.0,0.0,0.0,0.0,0.0,0.0,0.0,0.0,0.0,0.0,1.0,1.0,1.0,1.0,1.0,1.0,1.0,1.0,0.0,0.0,0.0,0.0,1.0,1.0,1.0,1.0,1.0,1.0,1.0,1.0,65.69667403701429,24566.786992749658,24616.399464101225,67.78825155803587,9.66649785788104,8.927244120031549,24587.51,24574.748,24589.10516372839,24610.368502967656,24564.65149703234,89.84126984127909,92.40323029797086,6.107142857142857,-10.15873015872092,121.3066100644382,100.06141444378241,0.06141444378240653
2025-09-18 05:35:00,24602.55,24611.05,24602.35,24609.35,350,150,0,0.0,0.0,0.0,0.0,1.0,0.0,0.0,0.0,0.0,0.0,0.0,0.0,0.0,0.0,0.0,0.0,0.0,1.0,0.0,1.0,0.0,1.0,0.0,1.0,1.0,0,0,0,0,0.0,0.0,0.0,0.0,0.0,0.0,0.0,0.0,0.0,0.0,0.0,0.0,0.0,0.0,0.0,0.0,1.0,1.0,1.0,1.0,1.0,1.0,1.0,1.0,0.0,0.0,0.0,0.0,1.0,1.0,1.0,1.0,1.0,1.0,1.0,1.0,85.72516417934057,24568.456133135263,24620.97282250774,71.84233950453613,10.117446826639934,9.165284661353226,24589.795000000002,24576.352000000003,24591.033243373306,24611.728821517107,24567.861178482897,95.32967032966805,93.47803268856195,6.349999999999844,-4.670329670331949,145.34663797039562,100.07604516350726,0.07604516350725617
2025-09-18 05:40:00,24609.15,24612.65,24607.35,24610.75,289,150,0,0.0,0.0,0.0,0.0,0.0,0.0,0.0,0.0,0.0,0.0,0.0,0.0,0.0,0.0,0.0,0.0,0.0,1.0,1.0,0.0,1.0,1.0,1.0,0.0,1.0,0,0,0,0,0.0,0.0,0.0,0.0,0.0,0.0,0.0,0.0,0.0,0.0,0.0,0.0,0.0,0.0,0.0,0.0,1.0,1.0,1.0,1.0,1.0,1.0,1.0,1.0,0.0,0.0,0.0,0.0,1.0,1.0,1.0,1.0,1.0,1.0,1.0,1.0,87.80234835439295,24570.114718867033,24623.369673295434,72.56537256601803,10.467136795585247,9.425655088199631,24591.97,24577.91,24592.911029718707,24613.103221540052,24570.83677845995,93.87096774193078,93.01396930429263,6.014285714285767,-6.12903225806921,151.0973159036091,100.07522695158026,0.07522695158027427
2025-09-18 05:45:00,24610.85,24616.55,24610.35,24615.75,219,150,0,0.0,0.0,0.0,0.0,0.0,0.0,0.0,0.0,0.0,0.0,0.0,0.0,0.0,0.0,0.0,0.0,0.0,1.0,1.0,1.0,0.0,1.0,1.0,1.0,0.0,0,0,0,0,0.0,0.0,0.0,0.0,0.0,0.0,0.0,0.0,0.0,0.0,0.0,0.0,0.0,0.0,0.0,0.0,1.0,1.0,1.0,1.0,1.0,1.0,1.0,1.0,0.0,0.0,0.0,0.0,1.0,1.0,1.0,1.0,1.0,1.0,1.0,1.0,93.14560641344913,24571.904340552162,24626.858535640455,75.03132004645119,11.020687206633738,9.744661511886454,24593.53,24579.42,24595.086169745497,24616.85007041671,24570.20992958329,97.56838905775281,95.58967570978388,6.042857142857299,-2.43161094224719,155.48190601747467,100.0959655825131,0.0959655825131131
2025-09-18 05:50:00,24615.85,24617.25,24612.15,24615.15,274,150,0,0.0,0.0,0.0,0.0,0.0,0.0,0.0,0.0,0.0,0.0,0.0,0.0,0.0,0.0,0.0,0.0,0.0,1.0,1.0,1.0,1.0,1.0,1.0,1.0,1.0,0,0,0,0,0.0,0.0,0.0,0.0,0.0,0.0,0.0,0.0,0.0,0.0,0.0,0.0,0.0,0.0,0.0,0.0,1.0,1.0,1.0,1.0,1.0,1.0,1.0,1.0,0.0,0.0,0.0,0.0,1.0,1.0,1.0,1.0,1.0,1.0,1.0,1.0,86.33785508479659,24573.600251330765,24629.195677298543,74.16977567221875,11.280925423754525,10.051914294260069,24594.945,24580.827999999998,24596.997010722116,24619.933121389106,24569.956878610894,93.24758842444166,94.89564840804174,6.042857142857299,-6.752411575558338,134.53262555434995,100.09352577956787,0.09352577956787023
2025-09-18 05:55:00,24615.05,24622.05,24613.25,24620.25,324,150,0,0.0,0.0,0.0,0.0,0.0,0.0,0.0,0.0,0.0,0.0,0.0,0.0,0.0,0.0,0.0,0.0,0.0,1.0,1.0,1.0,1.0,1.0,1.0,1.0,1.0,0,0,0,0,0.0,0.0,0.0,0.0,0.0,0.0,0.0,0.0,0.0,0.0,0.0,0.0,0.0,0.0,0.0,0.0,1.0,1.0,1.0,1.0,1.0,1.0,1.0,1.0,0.0,0.0,0.0,0.0,1.0,1.0,1.0,1.0,1.0,1.0,1.0,1.0,92.92799042662327,24575.429655897722,24631.73745318956,76.62653069154045,11.763095816957502,10.394150598799555,24597.1,24582.001999999997,24599.211581129533,24623.042162390688,24571.15783760931,94.97206703910808,95.26268150710087,6.200000000000208,-5.027932960891925,136.56709181202552,100.13503043268712,0.13503043268712892
2025-09-18 06:00:00,24620.15,24643.25,24619.35,24638.35,602,150,0,1.0,0.0,0.0,0.0,0.0,0.0,0.0,0.0,0.0,0.0,0.0,0.0,0.0,0.0,0.0,0.0,0.0,1.0,1.0,1.0,1.0,1.0,1.0,1.0,1.0,0,0,0,0,0.0,0.0,0.0,0.0,0.0,0.0,0.0,0.0,0.0,0.0,0.0,0.0,1.0,0.0,0.0,0.0,0.0,1.0,1.0,1.0,1.0,1.0,1.0,1.0,0.0,0.0,0.0,0.0,1.0,1.0,1.0,1.0,1.0,1.0,1.0,1.0,98.01786911869004,24577.897123817256,24636.707651084744,82.85797670885376,13.45068691342749,11.005457861725143,24600.19,24583.362,24602.939049593388,24630.225165355412,24570.154834644585,91.40350877192726,93.20772141182567,7.485714285714494,-8.596491228072727,197.30736178746116,100.17075704321982,0.17075704321982732
2025-09-18 06:05:00,24638.55,24642.05,24634.25,24636.15,481,150,0,0.0,0.0,0.0,0.0,0.0,0.0,0.0,0.0,0.0,0.0,0.0,0.0,0.0,0.0,0.0,0.0,0.0,1.0,1.0,1.0,1.0,1.0,1.0,1.0,1.0,1,0,1,0,0.0,0.0,0.0,0.0,0.0,0.0,0.0,0.0,0.0,0.0,0.0,0.0,0.0,1.0,0.0,0.0,1.0,0.0,1.0,1.0,1.0,1.0,1.0,1.0,0.0,0.0,0.0,0.0,1.0,1.0,1.0,1.0,1.0,1.0,1.0,1.0,86.64792977568564,24580.181553398543,24639.956208032032,80.06394436572445,14.444090913068067,11.693184471993728,24603.184999999998,24584.748,24606.10199725116,24635.05851812913,24571.311481870864,87.54385964912535,91.30647848672022,7.707142857142961,-12.456140350874639,192.25136224293487,100.13250120409454,0.13250120409453994
2025-09-18 06:10:00,24636.05,24636.15,24628.65,24630.05,430,150,0,0.0,0.0,0.0,0.0,0.0,0.0,0.0,0.0,0.0,0.0,0.0,0.0,0.0,0.0,0.0,0.0,0.0,0.0,1.0,1.0,1.0,0.0,1.0,1.0,1.0,0,0,0,0,1.0,0.0,0.0,0.0,0.0,0.0,1.0,0.0,0.0,0.0,0.0,0.0,0.0,0.0,1.0,0.0,1.0,1.0,0.0,1.0,1.0,1.0,1.0,1.0,0.0,0.0,0.0,0.0,1.0,1.0,1.0,1.0,1.0,1.0,1.0,1.0,58.44918555778213,24582.13718127585,24641.226885330576,72.73973642877975,14.571184178737894,12.268784413342562,24605.61,24585.896,24608.382759417716,24637.929679519526,24573.290320480475,76.84210526315663,85.26315789473641,7.992857142857247,-23.15789473684338,137.85828230329147,100.11259087038434,0.11259087038433617
2025-09-18 06:15:00,24630.25,24635.35,24628.35,24635.35,414,150,0,0.0,0.0,0.0,0.0,0.0,0.0,0.0,0.0,0.0,0.0,0.0,0.0,0.0,0.0,0.0,0.0,0.0,0.0,0.0,1.0,1.0,1.0,0.0,1.0,1.0,0,0,0,0,0.0,1.0,0.0,0.0,0.0,0.0,0.0,1.0,0.0,0.0,0.0,0.0,0.0,0.0,0.0,1.0,1.0,1.0,1.0,0.0,1.0,1.0,1.0,1.0,0.0,0.0,0.0,0.0,1.0,1.0,1.0,1.0,1.0,1.0,1.0,1.0,70.8239184841876,24584.22396106467,24642.754019240707,74.8891309836367,14.927497316472,12.800526993968452,24608.02,24587.14,24610.9510680446,24641.703361502983,24574.336638497018,86.14035087719043,83.50877192982414,8.121428571428623,-13.85964912280957,126.22526543168964,100.12924964080388,0.12924964080386478
2025-09-18 06:20:00,24635.55,24641.55,24635.05,24638.55,395,150,0,0.0,0.0,0.0,0.0,0.0,0.0,0.0,0.0,0.0,0.0,0.0,0.0,0.0,0.0,0.0,0.0,0.0,0.0,0.0,0.0,1.0,1.0,1.0,0.0,1.0,0,0,0,0,0.0,0.0,1.0,0.0,0.0,0.0,0.0,0.0,1.0,0.0,0.0,0.0,0.0,0.0,0.0,0.0,1.0,1.0,1.0,1.0,1.0,1.0,1.0,1.0,0.0,0.0,0.0,0.0,1.0,1.0,1.0,1.0,1.0,1.0,1.0,1.0,77.02173702691903,24586.35439649865,24644.696577995874,76.113728167094,15.291816756958724,13.298784946566506,24610.594999999998,24588.556,24613.579537754635,24645.384379807703,24575.805620192292,90.04237288135455,84.34160967390052,7.828571428571585,-9.957627118645455,132.54185410192613,100.1479545486878,0.14795454868780905
2025-09-18 06:25:00,24638.25,24642.25,24636.55,24637.25,363,150,0,0.0,0.0,0.0,0.0,0.0,0.0,0.0,0.0,0.0,0.0,0.0,0.0,0.0,0.0,0.0,0.0,0.0,0.0,0.0,0.0,0.0,0.0,1.0,1.0,0.0,0,0,0,0,0.0,0.0,0.0,0.0,0.0,0.0,0.0,0.0,0.0,0.0,0.0,0.0,0.0,0.0,0.0,0.0,1.0,1.0,1.0,1.0,1.0,1.0,1.0,1.0,0.0,0.0,0.0,0.0,1.0,1.0,1.0,1.0,1.0,1.0,1.0,1.0,68.19412050154051,24588.3503047997,24645.32795389973,74.52370300413347,15.299282794294413,13.69888451611209,24612.925,24589.834000000003,24615.83386749229,24648.32656850577,24577.523431494228,86.63697104677104,87.60656493510534,7.61428571428587,-13.363028953228964,117.33812656955087,100.11337154374253,0.11337154374252655
2025-09-18 06:30:00,24637.35,24641.75,24634.85,24638.05,399,150,0,0.0,0.0,0.0,0.0,0.0,0.0,0.0,0.0,0.0,0.0,0.0,0.0,0.0,0.0,0.0,0.0,0.0,0.0,0.0,0.0,0.0,1.0,0.0,1.0,1.0,0,0,0,0,0.0,0.0,0.0,0.0,0.0,0.0,0.0,0.0,0.0,0.0,0.0,0.0,0.0,0.0,0.0,0.0,1.0,1.0,1.0,1.0,1.0,1.0,1.0,1.0,0.0,0.0,0.0,0.0,1.0,1.0,1.0,1.0,1.0,1.0,1.0,1.0,71.23711070170751,24590.29931459504,24645.768572443136,74.87158931656008,15.194599116486643,13.998027436187002,24615.215,24591.121999999996,24617.94968963588,24650.909509382232,24579.520490617768,87.76470588235122,88.14801660349228,7.607142857143117,-12.23529411764877,102.94176476790021,100.11092713549974,0.11092713549972785
2025-09-18 06:35:00,24637.85,24637.85,24633.05,24637.35,356,150,0,0.0,0.0,0.0,0.0,0.0,0.0,0.0,0.0,0.0,0.0,0.0,0.0,0.0,0.0,0.0,0.0,0.0,0.0,0.0,0.0,0.0,0.0,1.0,0.0,1.0,0,0,0,0,0.0,0.0,0.0,0.0,0.0,0.0,0.0,0.0,0.0,0.0,0.0,0.0,0.0,0.0,0.0,0.0,1.0,1.0,1.0,1.0,1.0,1.0,1.0,1.0,0.0,0.0,0.0,0.0,1.0,1.0,1.0,1.0,1.0,1.0,1.0,1.0,63.28970265249853,24592.14444145975,24645.21799457646,73.92041920263839,14.883583709473896,14.17513869084438,24617.475,24592.392000000003,24619.797338241984,24652.741735482858,24582.20826451714,85.74879227052838,86.71682306655022,7.707142857143221,-14.251207729471613,83.21665769161312,100.08774869748027,0.08774869748026587
2025-09-18 06:40:00,24637.25,24637.75,24632.85,24633.55,279,150,0,0.0,0.0,0.0,0.0,0.0,0.0,0.0,0.0,0.0,0.0,0.0,0.0,0.0,0.0,0.0,0.0,0.0,0.0,0.0,0.0,0.0,0.0,0.0,1.0,0.0,0,0,0,0,0.0,0.0,0.0,0.0,0.0,0.0,0.0,0.0,0.0,0.0,0.0,0.0,0.0,0.0,0.0,0.0,1.0,1.0,1.0,1.0,1.0,1.0,1.0,1.0,0.0,0.0,0.0,0.0,1.0,1.0,1.0,1.0,1.0,1.0,1.0,1.0,33.163063945816134,24593.768190499584,24643.749751420455,68.8099297259972,14.167163277095824,14.173543608094668,24619.545,24593.512000000002,24621.107115552273,24653.384029164215,24585.70597083578,76.28361858190615,83.26570557826192,7.821428571428831,-23.716381418093846,69.47745210220609,100.07475071246772,0.07475071246771933
2025-09-18 06:45:00,24633.35,24633.55,24627.65,24629.35,409,150,0,0.0,0.0,0.0,0.0,0.0,0.0,0.0,0.0,0.0,1.0,0.0,0.0,0.0,1.0,0.0,0.0,0.0,0.0,0.0,0.0,0.0,0.0,0.0,0.0,1.0,0,0,0,0,0.0,0.0,0.0,0.0,0.0,0.0,0.0,0.0,0.0,0.0,0.0,0.0,0.0,0.0,0.0,0.0,1.0,1.0,1.0,1.0,1.0,1.0,1.0,1.0,0.0,0.0,0.0,0.0,1.0,1.0,1.0,1.0,1.0,1.0,1.0,1.0,18.535370536675032,24595.16355693713,24642.918527246926,63.57807330392602,13.1093733283451,13.960709552144754,24621.659999999996,24594.664,24621.892152166343,24652.060408585177,24591.259591414815,61.28133704735128,74.43791596659527,7.607142857143117,-38.71866295264873,43.10412266289931,100.03696144433951,0.03696144433951136
2025-09-18 06:50:00,24629.55,24633.35,24625.55,24632.55,337,150,0,0.0,0.0,0.0,0.0,0.0,1.0,0.0,0.0,0.0,0.0,1.0,0.0,0.0,0.0,1.0,0.0,0.0,0.0,0.0,0.0,0.0,0.0,0.0,0.0,0.0,0,0,0,0,0.0,0.0,0.0,0.0,0.0,0.0,0.0,0.0,0.0,0.0,0.0,0.0,0.0,0.0,0.0,0.0,1.0,1.0,1.0,1.0,1.0,1.0,1.0,1.0,0.0,0.0,0.0,0.0,1.0,1.0,1.0,1.0,1.0,1.0,1.0,1.0,45.83814066765401,24596.62969333123,24642.82345041319,65.71687479818169,12.386496606915898,13.645866963098984,24623.47,24595.88,24622.907185293356,24651.763023131796,24595.176976868206,67.47720364741564,68.3473864255577,7.785714285714286,-32.52279635258436,38.76659456250823,99.97645946258577,-0.02354053741423136
2025-09-18 06:55:00,24632.25,24638.75,24631.75,24634.85,320,150,0,0.0,0.0,0.0,0.0,0.0,0.0,1.0,0.0,0.0,0.0,0.0,1.0,0.0,0.0,0.0,1.0,0.0,0.0,0.0,0.0,0.0,0.0,0.0,0.0,0.0,0,0,0,0,0.0,0.0,0.0,0.0,0.0,0.0,0.0,0.0,0.0,0.0,0.0,0.0,0.0,0.0,0.0,0.0,1.0,1.0,1.0,1.0,1.0,1.0,1.0,1.0,0.0,0.0,0.0,0.0,1.0,1.0,1.0,1.0,1.0,1.0,1.0,1.0,60.21407797242393,24598.12853023449,24641.881327479266,67.2074217721518,11.86245932822203,13.289185436123594,24625.035,24596.9,24624.0445962178,24652.12574613882,24597.94425386118,72.99035369774325,67.24963146417005,7.842857142857091,-27.009646302256744,57.25638941572939,99.99472320147424,-0.005276798525755487
2025-09-18 07:00:00,24635.15,24639.05,24632.05,24637.25,378,150,0,0.0,0.0,0.0,0.0,0.0,0.0,0.0,1.0,0.0,0.0,0.0,0.0,1.0,0.0,0.0,0.0,1.0,0.0,0.0,0.0,0.0,1.0,0.0,0.0,0.0,0,0,0,0,0.0,0.0,0.0,0.0,0.0,0.0,0.0,0.0,0.0,0.0,0.0,0.0,0.0,0.0,0.0,0.0,1.0,1.0,1.0,1.0,1.0,1.0,1.0,1.0,0.0,0.0,0.0,0.0,1.0,1.0,1.0,1.0,1.0,1.0,1.0,1.0,71.89165128951826,24599.662706844716,24641.13753873968,68.73496084694881,11.50815708049413,12.932979764997702,24626.78,24597.974,24625.302253720867,24652.160315622456,24601.399684377542,80.0,73.48918578171963,7.97857142857148,-20.0,58.473290740846615,100.0292325837747,0.02923258377470094
2025-09-18 07:05:00,24637.15,24637.25,24629.55,24631.65,347,150,0,0.0,0.0,0.0,0.0,0.0,0.0,0.0,0.0,1.0,0.0,0.0,0.0,0.0,0.0,0.0,0.0,0.0,0.0,0.0,0.0,0.0,0.0,1.0,0.0,0.0,0,0,0,0,0.0,0.0,0.0,0.0,0.0,0.0,0.0,0.0,0.0,0.0,0.0,0.0,0.0,0.0,0.0,0.0,1.0,1.0,1.0,1.0,1.0,1.0,1.0,1.0,0.0,0.0,0.0,0.0,0.0,1.0,1.0,1.0,1.0,1.0,1.0,1.0,35.46202353534012,24600.917111538995,24638.767930010334,61.532471968376626,10.652699113401468,12.476923634678457,24628.185,24598.941999999995,24625.906800985547,24651.14659493913,24605.22340506087,51.46443514645256,68.1515962813986,7.900000000000156,-48.53556485354744,34.4405534967697,99.9849809318723,-0.015019068127698976
2025-09-18 07:10:00,24631.55,24639.65,24630.55,24638.65,298,150,0,0.0,0.0,0.0,0.0,0.0,0.0,0.0,0.0,0.0,0.0,0.0,0.0,0.0,0.0,0.0,0.0,0.0,0.0,0.0,0.0,0.0,0.0,0.0,1.0,0.0,0,0,0,0,0.0,0.0,0.0,0.0,0.0,0.0,0.0,0.0,0.0,0.0,0.0,0.0,1.0,0.0,0.0,0.0,0.0,1.0,1.0,1.0,1.0,1.0,1.0,1.0,0.0,0.0,0.0,0.0,0.0,0.0,1.0,1.0,0.0,1.0,1.0,1.0,66.90560447163142,24602.39683383509,24638.369153538217,66.28785965942211,10.419474790316599,12.065433865806087,24630.010000000002,24600.36,24627.120438986924,24649.848548335103,24610.1714516649,78.44311377246474,69.96918297297243,6.84285714285735,-21.55688622753526,56.09308022048854,100.00040586804013,0.00040586804013297364
2025-09-18 07:15:00,24638.55,24640.65,24634.55,24639.35,289,150,0,0.0,0.0,0.0,0.0,0.0,0.0,0.0,0.0,0.0,0.0,0.0,0.0,0.0,0.0,0.0,0.0,0.0,0.0,0.0,0.0,0.0,0.0,0.0,0.0,1.0,0,0,0,0,0.0,0.0,0.0,0.0,0.0,0.0,0.0,0.0,0.0,0.0,0.0,0.0,1.0,1.0,0.0,0.0,0.0,0.0,1.0,1.0,1.0,1.0,1.0,1.0,0.0,0.0,0.0,0.0,0.0,0.0,0.0,1.0,0.0,0.0,1.0,1.0,69.15947844350747,24603.845978716538,24638.417358600153,66.73077328440218,10.173849183454877,11.687116929335847,24631.510000000002,24601.66,24628.285159083407,24649.190485824554,24613.82951417545,82.6347305389142,70.84742648594384,6.721428571428987,-17.365269461085802,71.86817550128207,100.00852367857614,0.008523678576133882
2025-09-18 07:20:00,24639.55,24645.15,24636.05,24638.85,420,150,0,0.0,0.0,0.0,0.0,0.0,0.0,0.0,0.0,0.0,0.0,0.0,0.0,0.0,0.0,0.0,0.0,0.0,0.0,0.0,0.0,0.0,0.0,0.0,0.0,0.0,0,0,0,0,0.0,0.0,0.0,0.0,0.0,0.0,0.0,0.0,0.0,0.0,0.0,0.0,1.0,1.0,1.0,0.0,0.0,0.0,0.0,1.0,1.0,1.0,1.0,1.0,0.0,0.0,0.0,0.0,0.0,0.0,0.0,0.0,1.0,0.0,0.0,1.0,64.45617571388692,24605.218686444,24637.994847623973,66.06312387706434,9.825580127559078,11.314809568980495,24632.915,24602.976000000002,24629.291334408797,24647.91159961609,24617.91840038391,67.85714285713159,76.31166238950351,6.835714285714857,-32.142857142868415,92.40421514283828,100.00324701021388,0.003247010213873551
2025-09-18 07:25:00,24638.75,24643.35,24637.35,24643.35,228,150,0,0.0,0.0,0.0,0.0,0.0,0.0,0.0,0.0,0.0,0.0,0.0,0.0,0.0,0.0,0.0,0.0,0.0,1.0,0.0,0.0,0.0,1.0,0.0,0.0,0.0,0,0,0,0,0.0,0.0,0.0,0.0,0.0,0.0,0.0,0.0,0.0,0.0,0.0,0.0,1.0,1.0,1.0,1.0,0.0,0.0,0.0,0.0,1.0,1.0,1.0,1.0,0.0,0.0,0.0,0.0,1.0,0.0,0.0,0.0,1.0,1.0,0.0,0.0,81.469151781526,24606.714033131222,24638.675903925658,69.06315351583507,9.799721691990271,11.01179199358245,24634.295,24604.417999999998,24630.630254941294,24647.628215352077,24620.96178464792,90.81632653059842,80.43606664221473,6.764285714286286,-9.183673469401581,111.5948445493186,100.02435326851304,0.024353268513050308
2025-09-18 07:30:00,24643.25,24652.65,24640.75,24641.25,399,150,0,0.0,0.0,0.0,0.0,0.0,0.0,0.0,0.0,0.0,0.0,0.0,0.0,0.0,0.0,0.0,0.0,0.0,0.0,1.0,0.0,0.0,0.0,1.0,0.0,0.0,0,0,0,0,0.0,0.0,0.0,0.0,0.0,0.0,0.0,0.0,0.0,0.0,0.0,0.0,1.0,1.0,1.0,1.0,0.0,0.0,0.0,0.0,1.0,1.0,1.0,1.0,0.0,0.0,0.0,0.0,1.0,1.0,0.0,0.0,1.0,1.0,1.0,0.0,61.02313569763622,24608.06838569343,24638.68841038232,66.12541228002864,9.500263126323262,10.709486220130614,24635.6,24605.971999999998,24631.6416592326,24645.779546057718,24625.42045394228,57.93357933579137,72.20234957450712,7.150000000000675,-42.06642066420863,170.5784732100166,100.0312581824382,0.03125818243818178
2025-09-18 07:35:00,24641.35,24642.85,24635.05,24639.85,329,150,0,0.0,0.0,0.0,0.0,0.0,0.0,0.0,0.0,0.0,0.0,0.0,0.0,0.0,0.0,0.0,0.0,0.0,0.0,0.0,1.0,0.0,0.0,0.0,1.0,0.0,0,0,0,0,0.0,0.0,0.0,0.0,0.0,0.0,0.0,0.0,0.0,0.0,0.0,0.0,1.0,1.0,1.0,1.0,0.0,0.0,0.0,0.0,1.0,1.0,1.0,1.0,0.0,0.0,0.0,0.0,1.0,1.0,1.0,0.0,1.0,1.0,1.0,1.0,48.780796896677636,24609.31472432306,24638.06330707643,64.16582618451343,9.045698573441769,10.376728690792845,24636.58,24607.526,24632.42340597235,24643.913298248728,24629.246701751275,52.76752767526982,67.17247784721987,7.300000000000572,-47.23247232473018,66.04164313414176,100.04263206296554,0.04263206296552691
2025-09-18 07:40:00,24639.75,24643.85,24637.35,24643.35,340,150,0,0.0,0.0,0.0,0.0,0.0,0.0,0.0,0.0,0.0,0.0,0.0,0.0,0.0,0.0,0.0,0.0,0.0,0.0,0.0,0.0,1.0,1.0,0.0,0.0,1.0,0,0,0,0,0.0,0.0,0.0,0.0,0.0,0.0,0.0,0.0,0.0,0.0,0.0,0.0,1.0,1.0,1.0,1.0,0.0,0.0,0.0,0.0,1.0,1.0,1.0,1.0,0.0,0.0,0.0,0.0,1.0,1.0,1.0,1.0,1.0,1.0,1.0,1.0,70.7705913759887,24610.649441853486,24637.97438339358,66.8135994858435,8.865675649405603,10.074518082515397,24636.829999999998,24609.1,24633.464033974982,24644.735920502655,24628.92407949734,65.68265682656029,58.79458794587382,7.271428571429039,-34.31734317343971,103.93643914770783,100.043844425364,0.04384442536399712
2025-09-18 07:45:00,24643.55,24644.25,24640.35,24643.35,288,150,0,0.0,0.0,0.0,0.0,0.0,0.0,0.0,0.0,0.0,0.0,0.0,0.0,0.0,0.0,0.0,0.0,0.0,0.0,0.0,0.0,0.0,1.0,1.0,0.0,0.0,0,0,0,0,0.0,0.0,0.0,0.0,0.0,0.0,0.0,0.0,0.0,0.0,0.0,0.0,1.0,1.0,1.0,1.0,0.0,0.0,0.0,0.0,1.0,1.0,1.0,1.0,0.0,0.0,0.0,0.0,1.0,1.0,1.0,1.0,1.0,1.0,1.0,1.0,70.7705913759887,24611.931817455596,24637.016222236547,66.8135994858435,8.623598707217752,9.784334207455869,24637.189999999995,24610.72,24634.405554548794,24645.604874051947,24628.775125948043,65.68265682656029,61.377613776130126,7.192857142857714,-34.31734317343971,113.37664501091457,100.0345039649115,0.034503964911497334
2025-09-18 07:50:00,24643.65,24646.05,24643.35,24644.35,252,150,0,0.0,0.0,0.0,0.0,0.0,0.0,0.0,0.0,0.0,0.0,0.0,0.0,0.0,0.0,0.0,0.0,0.0,0.0,0.0,0.0,0.0,1.0,1.0,1.0,0.0,0,0,0,0,0.0,0.0,0.0,0.0,0.0,0.0,0.0,0.0,0.0,0.0,0.0,0.0,1.0,1.0,1.0,1.0,0.0,0.0,0.0,0.0,1.0,1.0,1.0,1.0,0.0,0.0,0.0,0.0,1.0,1.0,1.0,1.0,1.0,1.0,1.0,1.0,77.09286858622822,24613.203119467966,24637.03600206612,67.60672083247609,8.415434735907183,9.510554313146132,24637.905,24612.282000000003,24635.352644591767,24646.19461938336,24629.615380616637,69.372693726929,66.91266912668318,7.035714285714805,-30.627306273071003,137.1177030978152,100.02881815137647,0.028818151376466712
2025-09-18 07:55:00,24644.55,24647.35,24641.35,24645.05,264,150,0,0.0,0.0,0.0,0.0,0.0,0.0,0.0,0.0,0.0,0.0,0.0,0.0,0.0,0.0,0.0,0.0,0.0,1.0,0.0,0.0,0.0,1.0,1.0,1.0,1.0,0,0,0,0,0.0,0.0,0.0,0.0,0.0,0.0,0.0,0.0,0.0,0.0,0.0,0.0,1.0,1.0,1.0,1.0,0.0,0.0,0.0,0.0,1.0,1.0,1.0,1.0,0.0,0.0,0.0,0.0,1.0,1.0,1.0,1.0,1.0,1.0,1.0,1.0,81.3325068670243,24614.45201743852,24637.7244802428,68.17999510803709,8.212281371077552,9.250899724732417,24638.39,24613.905999999995,24636.276202249694,24647.170696534242,24629.609303465757,71.95571955718978,69.00369003689302,7.042857142857819,-28.04428044281022,125.5762825877028,100.05440155247413,0.05440155247414532
2025-09-18 08:00:00,24644.65,24649.85,24643.15,24647.15,424,150,0,0.0,0.0,0.0,0.0,0.0,0.0,0.0,0.0,0.0,0.0,0.0,0.0,0.0,0.0,0.0,0.0,0.0,1.0,1.0,0.0,0.0,1.0,1.0,1.0,1.0,0,0,0,0,0.0,0.0,0.0,0.0,0.0,0.0,0.0,0.0,0.0,0.0,0.0,0.0,1.0,1.0,1.0,1.0,0.0,0.0,0.0,0.0,1.0,1.0,1.0,1.0,0.0,0.0,0.0,0.0,1.0,1.0,1.0,1.0,1.0,1.0,1.0,1.0,89.81508661539763,24615.734291949844,24638.452314695227,69.9009379293594,8.127049744827673,9.026129728751469,24638.82,24615.526,24637.311802035438,24648.436236272457,24629.203763727543,76.19047619047844,72.5062964915324,6.964285714286234,-23.80952380952156,141.9552827707061,100.03449864339157,0.03449864339158192
2025-09-18 08:05:00,24647.05,24648.85,24641.55,24646.85,385,150,0,0.0,0.0,0.0,0.0,0.0,0.0,0.0,0.0,0.0,0.0,0.0,0.0,0.0,0.0,0.0,0.0,0.0,1.0,1.0,1.0,0.0,1.0,1.0,1.0,1.0,0,0,0,0,0.0,0.0,0.0,0.0,0.0,0.0,0.0,0.0,0.0,0.0,0.0,0.0,1.0,1.0,1.0,1.0,0.0,0.0,0.0,0.0,1.0,1.0,1.0,1.0,0.0,0.0,0.0,0.0,0.0,1.0,1.0,1.0,1.0,1.0,1.0,1.0,81.8455973017071,24616.954516421585,24638.876397856395,69.32412203313076,7.943725254241144,8.809648833849405,24639.3,24617.19,24638.220201841585,24649.525355484515,24629.074644515484,74.89177489176467,74.3459902131443,6.985714285714754,-25.10822510823533,108.70437224232742,100.0304391146682,0.030439114668203506
2025-09-18 08:10:00,24646.85,24647.55,24642.85,24644.35,408,150,0,0.0,0.0,0.0,0.0,0.0,0.0,0.0,0.0,0.0,0.0,0.0,0.0,0.0,0.0,0.0,0.0,0.0,0.0,1.0,1.0,1.0,0.0,1.0,1.0,1.0,0,0,0,0,0.0,0.0,0.0,0.0,0.0,0.0,0.0,0.0,0.0,0.0,0.0,0.0,1.0,1.0,1.0,1.0,0.0,0.0,0.0,0.0,1.0,1.0,1.0,1.0,0.0,0.0,0.0,0.0,0.0,0.0,1.0,1.0,1.0,1.0,1.0,1.0,38.80497130630319,24618.028849641018,24638.239198088846,64.54426082648924,7.51013797239284,8.549746661558093,24639.614999999998,24618.731999999996,24638.803992142384,24650.063928428845,24629.16607157115,64.06926406925486,71.71717171716598,6.821428571429091,-35.930735930745136,85.2077001013919,100.0223224704075,0.022322470407506845
2025-09-18 08:15:00,24644.55,24645.65,24634.05,24636.05,429,150,0,1.0,0.0,0.0,0.0,0.0,0.0,0.0,0.0,0.0,1.0,0.0,0.0,0.0,1.0,0.0,0.0,0.0,0.0,0.0,1.0,1.0,0.0,0.0,1.0,1.0,0,0,0,0,0.0,0.0,0.0,0.0,0.0,0.0,0.0,0.0,0.0,0.0,0.0,0.0,0.0,1.0,1.0,1.0,1.0,0.0,0.0,0.0,1.0,1.0,1.0,1.0,0.0,0.0,0.0,0.0,1.0,0.0,0.0,1.0,1.0,1.0,1.0,1.0,10.722976517885186,24618.735561754827,24636.27081934399,51.77952721701867,6.422738957015099,8.124345120649494,24639.55,24619.762000000002,24638.541707176442,24650.074157675786,24629.025842324212,24.88687782805184,54.61597226302379,7.100000000000624,-75.11312217194815,-13.32290444535635,99.97037740404613,-0.02962259595387507
2025-09-18 08:20:00,24636.15,24636.15,24630.35,24633.35,503,150,0,0.0,0.0,0.0,0.0,0.0,0.0,0.0,0.0,0.0,1.0,1.0,0.0,0.0,1.0,1.0,0.0,0.0,0.0,0.0,0.0,1.0,0.0,0.0,0.0,1.0,0,1,0,1,0.0,0.0,0.0,0.0,0.0,0.0,0.0,0.0,0.0,0.0,0.0,0.0,0.0,0.0,1.0,1.0,1.0,1.0,0.0,0.0,1.0,1.0,1.0,1.0,0.0,0.0,0.0,0.0,1.0,1.0,0.0,0.0,1.0,1.0,1.0,1.0,7.9246537101360985,24619.308677241163,24633.83515947833,48.42454640409676,5.282209939759923,7.555918084471579,24639.54,24620.691999999995,24638.047258873925,24650.088514489857,24628.991485510145,13.452914798204521,34.13635223183707,6.86428571428639,-86.54708520179548,-93.53846153846254,99.96793993811191,-0.03206006188810006
2025-09-18 08:25:00,24633.25,24633.35,24614.25,24616.15,543,150,0,1.0,0.0,0.0,0.0,0.0,0.0,0.0,0.0,0.0,1.0,1.0,1.0,0.0,1.0,1.0,1.0,0.0,0.0,0.0,0.0,0.0,0.0,0.0,0.0,0.0,0,0,0,0,0.0,0.0,0.0,1.0,0.0,0.0,0.0,0.0,0.0,1.0,0.0,0.0,0.0,0.0,0.0,1.0,1.0,1.0,1.0,0.0,0.0,1.0,1.0,1.0,1.0,0.0,0.0,0.0,1.0,1.0,1.0,0.0,1.0,1.0,1.0,1.0,2.26829130497066,24619.184807491223,24628.117817019618,33.52316951002824,2.956357177637983,6.63600590310486,24638.88,24621.472,24635.961805647836,24653.119175022133,24624.64082497787,4.9479166666702685,14.429236430975543,7.792857142857558,-95.05208333332973,-244.69067405358666,99.90381434951918,-0.096185650480815
2025-09-18 08:30:00,24616.35,24622.25,24610.25,24615.55,727,150,0,0.0,0.0,0.0,0.0,0.0,0.0,0.0,0.0,0.0,1.0,1.0,1.0,1.0,1.0,1.0,1.0,1.0,0.0,0.0,0.0,0.0,0.0,0.0,0.0,0.0,0,0,0,0,0.0,0.0,0.0,0.0,1.0,0.0,0.0,0.0,0.0,0.0,1.0,0.0,0.0,0.0,0.0,0.0,1.0,1.0,1.0,1.0,0.0,0.0,1.0,1.0,1.0,1.0,0.0,0.0,1.0,1.0,1.0,1.0,1.0,1.0,1.0,1.0,2.1866245651257543,24619.042265961052,24622.629135459687,33.140061148999834,1.0525539346344885,5.519315509410786,24638.03,24622.252,24634.017824157567,24655.51895591494,24620.541044085057,12.499999999997854,10.300277154957548,8.00000000000026,-87.50000000000215,-261.7642429965688,99.88719066198387,-0.11280933801613528
2025-09-18 08:35:00,24615.35,24617.75,24612.75,24614.55,526,150,0,0.0,0.0,0.0,0.0,0.0,0.0,0.0,0.0,0.0,1.0,1.0,1.0,1.0,1.0,1.0,1.0,1.0,0.0,0.0,0.0,0.0,0.0,0.0,0.0,0.0,0,0,0,0,0.0,0.0,0.0,0.0,0.0,1.0,0.0,0.0,0.0,0.0,0.0,1.0,0.0,0.0,0.0,0.0,1.0,1.0,1.0,1.0,0.0,0.0,0.0,1.0,1.0,1.0,1.0,0.0,1.0,1.0,1.0,1.0,1.0,1.0,1.0,1.0,2.006060842371795,24618.8660985973,24617.907321797502,32.47395239706658,-0.5307967991611804,4.309293047696393,24637.015,24623.017999999996,24632.16374566637,24657.397890142798,24616.6321098572,10.1415094339602,9.196475366876108,7.928571428571688,-89.85849056603979,-212.5708076668284,99.88313277212717,-0.11686722787283091
2025-09-18 08:40:00,24614.35,24621.55,24613.15,24614.65,573,150,0,0.0,0.0,0.0,0.0,0.0,0.0,0.0,0.0,0.0,1.0,1.0,1.0,1.0,1.0,1.0,1.0,1.0,0.0,0.0,0.0,0.0,0.0,0.0,0.0,0.0,0,0,0,0,0.0,0.0,0.0,0.0,0.0,0.0,0.0,0.0,0.0,0.0,0.0,0.0,0.0,0.0,0.0,0.0,1.0,1.0,1.0,1.0,0.0,0.0,0.0,0.0,1.0,1.0,1.0,1.0,1.0,1.0,1.0,1.0,1.0,1.0,1.0,1.0,3.2050090425123017,24618.70076133324,24615.64182592974,32.61980318946864,-1.757287581494893,3.0959769218581354,24635.885000000002,24623.68,24630.49576988862,24658.586938244276,24613.183061755728,11.111111111115195,11.250873515024416,7.678571428571429,-88.88888888888481,-159.83656296774902,99.87948556159932,-0.12051443840067638
2025-09-18 08:45:00,24614.75,24616.05,24610.55,24614.05,463,150,0,0.0,0.0,0.0,0.0,0.0,0.0,0.0,0.0,0.0,1.0,1.0,1.0,1.0,1.0,1.0,1.0,1.0,0.0,0.0,0.0,0.0,0.0,0.0,0.0,0.0,0,0,0,0,0.0,0.0,0.0,0.0,0.0,0.0,0.0,0.0,0.0,0.0,0.0,0.0,1.0,0.0,0.0,0.0,0.0,1.0,1.0,1.0,0.0,0.0,0.0,0.0,1.0,1.0,1.0,1.0,1.0,1.0,1.0,1.0,1.0,1.0,1.0,1.0,2.8870982463724033,24618.518378467852,24613.349089617783,32.17081444712056,-2.7460505866692984,1.9275714201526486,24635.004999999997,24624.218000000004,24628.929506089706,24659.677121493576,24610.33287850642,9.595959595958112,10.28286004701117,7.514285714285767,-90.40404040404188,-150.81986210091202,99.87421409167358,-0.12578590832641848
2025-09-18 08:50:00,24614.35,24620.75,24613.75,24615.35,359,150,0,0.0,0.0,0.0,0.0,0.0,0.0,0.0,0.0,0.0,0.0,1.0,1.0,1.0,1.0,1.0,1.0,1.0,0.0,0.0,0.0,0.0,0.0,0.0,0.0,0.0,0,0,0,0,0.0,0.0,0.0,0.0,0.0,0.0,0.0,0.0,0.0,0.0,0.0,0.0,1.0,1.0,0.0,0.0,0.0,0.0,1.0,1.0,0.0,0.0,0.0,0.0,1.0,1.0,1.0,1.0,1.0,1.0,1.0,1.0,1.0,1.0,1.0,1.0,26.5616716076385,24618.394128287342,24611.013946281022,34.28147648230312,-3.385724729330832,0.8649121902559522,24633.84,24624.784,24627.63621979545,24659.946171886593,24607.733828113407,12.878787878784678,11.195286195285995,7.550000000000052,-87.12121212121532,-109.27861659569751,99.87097899757171,-0.12902100242828443
2025-09-18 08:55:00,24615.05,24617.85,24611.25,24613.85,432,150,0,0.0,0.0,0.0,0.0,0.0,0.0,0.0,0.0,0.0,1.0,0.0,1.0,1.0,1.0,1.0,1.0,1.0,0.0,0.0,0.0,0.0,0.0,0.0,0.0,0.0,0,0,0,0,0.0,0.0,0.0,0.0,0.0,0.0,0.0,0.0,0.0,0.0,0.0,0.0,1.0,1.0,1.0,0.0,0.0,0.0,0.0,1.0,0.0,0.0,0.0,0.0,1.0,1.0,1.0,1.0,1.0,1.0,1.0,1.0,1.0,1.0,1.0,1.0,18.67996257829202,24618.215927116693,24609.24184207127,33.005278403050326,-3.9679682914793375,-0.10166390609110602,24632.564999999995,24625.248,24626.3232464816,24659.995315539047,24605.134684460943,9.09090909090575,10.521885521882847,7.742857142856987,-90.90909090909425,-105.70927834082133,99.86610865080122,-0.133891349198782
2025-09-18 09:00:00,24614.05,24616.55,24605.65,24607.35,633,150,0,1.0,0.0,0.0,0.0,0.0,0.0,0.0,0.0,0.0,1.0,1.0,0.0,1.0,1.0,1.0,1.0,1.0,0.0,0.0,0.0,0.0,0.0,0.0,0.0,0.0,0,0,0,0,0.0,0.0,0.0,0.0,0.0,0.0,0.0,0.0,0.0,0.0,0.0,0.0,1.0,1.0,1.0,1.0,0.0,0.0,0.0,0.0,0.0,0.0,0.0,0.0,1.0,1.0,1.0,1.0,1.0,1.0,1.0,1.0,1.0,1.0,1.0,1.0,6.37811156439453,24617.789812186875,24606.664136751,28.12008292694101,-4.8974415291595506,-1.0608194307047953,24630.989999999998,24625.549999999996,24624.51627062621,24660.443578105267,24601.53642189473,3.8461538461475144,8.605283605279315,8.328571428571065,-96.15384615385248,-111.84391316296713,99.84986416764897,-0.1501358323510257
2025-09-18 09:05:00,24608.75,24608.85,24595.35,24600.35,737,150,0,1.0,0.0,0.0,0.0,0.0,0.0,0.0,0.0,0.0,1.0,1.0,1.0,0.0,1.0,1.0,1.0,1.0,0.0,0.0,0.0,0.0,0.0,0.0,0.0,0.0,0,0,0,0,0.0,0.0,0.0,0.0,0.0,0.0,0.0,0.0,0.0,0.0,0.0,0.0,0.0,1.0,1.0,1.0,1.0,0.0,0.0,0.0,0.0,0.0,0.0,0.0,1.0,1.0,1.0,1.0,1.0,1.0,1.0,1.0,1.0,1.0,1.0,1.0,3.090431583652773,24617.105897766152,24602.807254003128,24.00021701601645,-6.1282545611975365,-2.074306456803344,24628.84,24625.714,24622.21472104276,24660.676020645973,24597.003979354027,9.174311926605505,7.3704582878862555,8.86428571428535,-90.82568807339449,-132.14606816567925,99.85509040613248,-0.14490959386752636
2025-09-18 09:10:00,24600.35,24602.05,24588.65,24592.85,752,150,0,1.0,0.0,0.0,0.0,0.0,0.0,0.0,0.0,0.0,1.0,1.0,1.0,1.0,1.0,1.0,1.0,1.0,0.0,0.0,0.0,0.0,0.0,0.0,0.0,0.0,0,0,0,0,0.0,0.0,0.0,0.0,0.0,0.0,0.0,0.0,0.0,0.0,0.0,0.0,0.0,0.0,1.0,1.0,1.0,1.0,0.0,0.0,0.0,0.0,0.0,0.0,1.0,1.0,1.0,1.0,1.0,1.0,1.0,1.0,1.0,1.0,1.0,1.0,1.6902173934405198,24616.15468579865,24597.930994963896,20.52968075130117,-7.621019705256913,-3.1836491064940584,24626.420000000002,24625.728000000003,24619.41808094345,24661.47911398949,24591.360886010512,6.976744186042014,6.6657366529316775,9.34285714285683,-93.02325581395799,-143.27240695882873,99.83558874452724,-0.16441125547276356
2025-09-18 09:15:00,24593.05,24601.25,24586.85,24598.85,866,150,0,0.0,0.0,0.0,0.0,0.0,0.0,0.0,0.0,0.0,0.0,1.0,1.0,1.0,0.0,1.0,1.0,1.0,0.0,0.0,0.0,0.0,0.0,0.0,0.0,0.0,0,0,0,0,0.0,0.0,0.0,0.0,0.0,0.0,0.0,0.0,0.0,0.0,0.0,0.0,1.0,0.0,0.0,1.0,0.0,1.0,1.0,0.0,0.0,0.0,0.0,0.0,1.0,1.0,1.0,1.0,1.0,1.0,1.0,1.0,1.0,1.0,1.0,1.0,36.31534525413663,24615.47607047024,24595.05578189571,29.333473915462037,-8.2250833399994,-4.191935953195127,24624.37,24625.964,24617.459216091695,24660.887081800178,24587.85291819982,19.769357495881145,11.973471202842887,9.849999999999843,-80.23064250411885,-122.66890591651615,99.92972093523966,-0.07027906476034193
2025-09-18 09:20:00,24599.05,24600.05,24589.05,24591.65,705,150,0,1.0,0.0,0.0,0.0,0.0,0.0,0.0,0.0,0.0,0.0,0.0,1.0,1.0,1.0,0.0,1.0,1.0,0.0,0.0,0.0,0.0,0.0,0.0,0.0,0.0,0,0,0,0,0.0,0.0,0.0,0.0,0.0,0.0,0.0,0.0,0.0,0.0,0.0,0.0,1.0,1.0,0.0,0.0,0.0,0.0,1.0,1.0,0.0,0.0,0.0,0.0,1.0,1.0,1.0,1.0,1.0,1.0,1.0,1.0,1.0,1.0,1.0,1.0,22.22525236539815,24614.54171450221,24590.68446862085,25.659922350900686,-9.178978400388587,-5.1893444426338196,24621.785,24625.87,24615.00119551153,24659.928290781227,24583.641709218773,8.163265306126995,11.636455662683383,10.299999999999793,-91.836734693873,-119.38612442827447,99.90290690234426,-0.09709309765574126
2025-09-18 09:25:00,24591.75,24596.65,24590.25,24594.15,626,150,0,0.0,0.0,0.0,0.0,0.0,0.0,0.0,0.0,0.0,0.0,0.0,0.0,1.0,0.0,1.0,0.0,1.0,0.0,0.0,0.0,0.0,0.0,0.0,0.0,0.0,0,0,0,0,0.0,0.0,0.0,0.0,0.0,0.0,0.0,0.0,0.0,0.0,0.0,0.0,1.0,1.0,1.0,0.0,0.0,0.0,0.0,1.0,0.0,0.0,0.0,0.0,1.0,1.0,1.0,1.0,1.0,1.0,1.0,1.0,1.0,1.0,1.0,1.0,35.29983510144666,24613.742039207173,24587.045063920435,28.98546180221996,-9.622298138292535,-6.075935181765564,24619.325,24625.681999999997,24613.015367367574,24657.95533305086,24580.69466694914,14.807302231242353,14.246641677750164,9.92857142857117,-85.19269776875765,-110.0916792063696,99.91712218992426,-0.08287781007573901
2025-09-18 09:30:00,24593.85,24604.75,24585.85,24604.75,790,150,0,1.0,0.0,0.0,0.0,0.0,0.0,0.0,0.0,0.0,0.0,0.0,0.0,0.0,0.0,0.0,1.0,0.0,0.0,0.0,0.0,0.0,0.0,0.0,0.0,0.0,0,0,0,0,0.0,0.0,0.0,0.0,0.0,0.0,0.0,0.0,0.0,0.0,0.0,0.0,1.0,1.0,1.0,1.0,0.0,0.0,0.0,0.0,0.0,0.0,0.0,0.0,1.0,1.0,1.0,1.0,1.0,1.0,1.0,1.0,1.0,1.0,1.0,1.0,68.7313283324979,24613.38941012692,24586.674199380177,41.03070492040744,-9.014388552455785,-6.663625855903609,24617.344999999998,24625.73,24612.228189523044,24654.609939074835,24580.08006092516,39.78947368421359,20.920013740527647,10.86428571428535,-60.2105263157864,-85.01108696370382,99.95978004968585,-0.040219950314148094
2025-09-18 09:35:00,24604.75,24611.15,24601.35,24608.85,597,150,0,0.0,0.0,0.0,0.0,0.0,0.0,0.0,0.0,0.0,0.0,0.0,0.0,0.0,0.0,0.0,0.0,1.0,0.0,0.0,0.0,0.0,1.0,0.0,0.0,0.0,1,0,1,0,0.0,0.0,0.0,0.0,0.0,0.0,0.0,0.0,0.0,0.0,0.0,0.0,1.0,1.0,1.0,1.0,0.0,0.0,0.0,0.0,0.0,0.0,0.0,0.0,1.0,1.0,1.0,1.0,1.0,1.0,1.0,1.0,1.0,1.0,1.0,1.0,75.943321442915,24613.211393999016,24587.74505423562,44.92212532047789,-8.108312511667464,-6.952563187056381,24615.535,24625.836,24611.906457187517,24650.584695546964,24580.485304453035,63.18681318681067,39.2611963674222,10.199999999999948,-36.81318681318934,-42.454838513462555,99.9788738545668,-0.021126145433200665
2025-09-18 09:40:00,24608.75,24615.05,24606.15,24614.05,622,150,0,0.0,0.0,0.0,0.0,0.0,0.0,0.0,0.0,0.0,0.0,0.0,0.0,0.0,0.0,0.0,0.0,0.0,1.0,0.0,0.0,0.0,1.0,1.0,0.0,0.0,0,0,0,0,1.0,0.0,0.0,0.0,0.0,0.0,1.0,0.0,0.0,0.0,0.0,0.0,1.0,1.0,1.0,1.0,0.0,0.0,0.0,0.0,1.0,0.0,0.0,0.0,0.0,1.0,1.0,1.0,1.0,1.0,1.0,1.0,1.0,1.0,1.0,1.0,83.27992248774638,24613.244280516756,24590.39371771695,49.47602921142426,-6.891206639123993,-6.940291877469903,24613.879999999997,24626.074,24612.110604122037,24645.61310408353,24582.146895916463,78.99159663865589,60.65596116989338,9.97857142857122,-21.00840336134411,-12.882536192030505,99.99471874257323,-0.005281257426765301
2025-09-18 09:45:00,24614.15,24621.55,24611.85,24613.85,586,150,0,0.0,0.0,0.0,0.0,0.0,0.0,0.0,0.0,0.0,0.0,0.0,0.0,0.0,0.0,0.0,0.0,0.0,1.0,1.0,0.0,0.0,1.0,1.0,1.0,0.0,0,0,0,0,0.0,1.0,0.0,0.0,0.0,0.0,0.0,1.0,0.0,0.0,0.0,0.0,1.0,1.0,1.0,1.0,0.0,0.0,0.0,0.0,1.0,1.0,0.0,0.0,0.0,0.0,1.0,1.0,1.0,1.0,1.0,1.0,1.0,1.0,1.0,1.0,81.83998808921201,24613.268034227458,24592.384933496895,49.307168704802905,-5.875055808624893,-6.7272446637009,24612.23,24626.164,24612.27626087232,24639.91899458434,24584.54100541566,78.43137254901801,73.53659412482818,10.314285714285559,-21.568627450981992,19.626739619294046,100.0,0.0
2025-09-18 09:50:00,24613.75,24617.75,24610.25,24617.75,472,150,0,0.0,0.0,0.0,0.0,0.0,0.0,0.0,0.0,0.0,0.0,0.0,0.0,0.0,0.0,0.0,0.0,0.0,1.0,1.0,1.0,0.0,1.0,1.0,1.0,1.0,0,0,0,0,0.0,0.0,1.0,0.0,0.0,0.0,0.0,0.0,1.0,0.0,0.0,0.0,1.0,1.0,1.0,1.0,0.0,0.0,0.0,0.0,1.0,1.0,1.0,0.0,0.0,0.0,0.0,1.0,1.0,1.0,1.0,1.0,1.0,1.0,1.0,1.0,87.93948595392632,24613.44379763005,24596.03403925623,52.697459945107,-4.700862926507398,-6.3219683162622,24610.9,24626.304,24612.79756936067,24634.318975662725,24587.481024337278,89.35574229692102,82.25957049486497,10.25,-10.644257703078978,29.20222896242124,100.0422637951669,0.04226379516689711
2025-09-18 09:55:00,24617.35,24624.85,24617.05,24623.75,481,150,0,0.0,0.0,0.0,0.0,0.0,0.0,0.0,0.0,0.0,0.0,0.0,0.0,0.0,0.0,0.0,0.0,0.0,1.0,1.0,1.0,1.0,1.0,1.0,1.0,1.0,0,0,0,0,0.0,0.0,0.0,0.0,0.0,0.0,0.0,0.0,0.0,0.0,0.0,0.0,1.0,1.0,1.0,1.0,0.0,0.0,0.0,0.0,1.0,1.0,1.0,1.0,0.0,0.0,0.0,0.0,1.0,1.0,1.0,1.0,1.0,1.0,1.0,1.0,93.2057141334785,24613.847962514952,24600.97545196281,57.41600580273183,-3.2487076721226913,-5.707316187434299,24610.284999999996,24626.464,24613.840657992987,24631.461777251865,24589.108222748127,97.1794871794909,88.32220067514332,10.414285714285663,-2.820512820509089,88.10879190382829,100.09512059787768,0.09512059787767839
2025-09-18 10:00:00,24622.85,24629.25,24619.75,24628.65,1058,150,0,0.0,1.0,0.0,0.0,0.0,0.0,0.0,0.0,0.0,0.0,0.0,0.0,0.0,0.0,0.0,0.0,0.0,1.0,1.0,1.0,1.0,1.0,1.0,1.0,1.0,0,0,0,0,0.0,0.0,0.0,0.0,0.0,0.0,0.0,0.0,0.0,0.0,0.0,0.0,1.0,1.0,1.0,1.0,0.0,0.0,0.0,0.0,1.0,1.0,1.0,1.0,0.0,0.0,0.0,0.0,1.0,1.0,1.0,1.0,1.0,1.0,1.0,1.0,95.57345733057407,24614.428434691974,24606.684045712886,60.85062115498845,-1.6830736959345813,-4.9024676891343555,24610.05,24626.734,24615.251071517465,24630.22992749547,24589.870072504527,98.61751152074073,95.05091366571754,10.59285714285709,-1.3824884792592735,125.50729191211416,100.14557076548674,0.1455707654867285
2025-09-18 10:05:00,24628.75,24634.65,24623.85,24624.65,727,150,0,0.0,0.0,1.0,0.0,0.0,0.0,0.0,0.0,0.0,0.0,0.0,0.0,0.0,0.0,0.0,0.0,0.0,0.0,1.0,1.0,1.0,0.0,1.0,1.0,1.0,0,0,0,0,0.0,0.0,0.0,0.0,0.0,0.0,0.0,0.0,0.0,0.0,0.0,0.0,1.0,1.0,1.0,1.0,0.0,0.0,0.0,0.0,1.0,1.0,1.0,1.0,0.0,0.0,0.0,0.0,1.0,1.0,1.0,1.0,1.0,1.0,1.0,1.0,66.98810061486216,24614.82928046914,24611.5941018853,56.82165008566312,-0.7563453818729613,-4.0732432276820765,24610.475,24626.822,24616.146207563423,24631.53470210307,24589.41529789693,79.5081967213127,91.76839847384811,10.892857142857403,-20.4918032786873,133.30538404853365,100.10488295184533,0.10488295184532168
2025-09-18 10:10:00,24624.55,24632.55,24621.75,24631.65,701,150,0,0.0,0.0,0.0,1.0,0.0,0.0,0.0,0.0,0.0,0.0,0.0,0.0,0.0,0.0,0.0,0.0,0.0,1.0,0.0,1.0,1.0,1.0,0.0,1.0,1.0,0,0,0,0,0.0,0.0,0.0,0.0,0.0,0.0,0.0,0.0,0.0,0.0,0.0,0.0,1.0,1.0,1.0,1.0,0.0,0.0,0.0,0.0,1.0,1.0,1.0,1.0,0.0,0.0,0.0,0.0,1.0,1.0,1.0,1.0,1.0,1.0,1.0,1.0,81.50717419085329,24615.48891665378,24617.537480630126,61.61180498581419,0.5367476890496619,-3.1512450443357287,24611.28,24626.688,24617.62275922405,24634.29643348925,24588.26356651075,93.85245901639381,90.65938908614908,10.88571428571465,-6.1475409836061905,128.19773726311337,100.16265683677183,0.16265683677183107
2025-09-18 10:15:00,24631.55,24651.35,24627.85,24650.75,785,150,0,1.0,0.0,0.0,0.0,1.0,0.0,0.0,0.0,0.0,0.0,0.0,0.0,0.0,0.0,0.0,0.0,0.0,1.0,1.0,0.0,1.0,1.0,1.0,0.0,1.0,0,0,0,0,0.0,0.0,0.0,0.0,0.0,0.0,0.0,0.0,0.0,0.0,0.0,0.0,1.0,1.0,1.0,1.0,0.0,0.0,0.0,0.0,1.0,1.0,1.0,1.0,0.0,0.0,0.0,0.0,1.0,1.0,1.0,1.0,1.0,1.0,1.0,1.0,93.39563906977611,24616.871704486945,24627.156992510365,71.04939604265434,3.0673847367652343,-1.9075190881155362,24613.09,24626.98,24620.777734536045,24642.101823361798,24584.078176638202,99.08396946565108,90.81487506778586,11.600000000000364,-0.9160305343489235,198.30179137052198,100.23013602828314,0.23013602828314272
2025-09-18 10:20:00,24650.65,24650.75,24624.25,24625.85,962,150,0,1.0,0.0,0.0,0.0,0.0,0.0,0.0,0.0,0.0,0.0,0.0,0.0,0.0,0.0,0.0,0.0,0.0,0.0,1.0,1.0,0.0,0.0,1.0,1.0,0.0,0,0,0,0,0.0,0.0,0.0,0.0,0.0,0.0,0.0,0.0,0.0,0.0,0.0,0.0,0.0,1.0,1.0,1.0,1.0,0.0,0.0,0.0,1.0,1.0,1.0,1.0,0.0,0.0,0.0,0.0,1.0,1.0,1.0,1.0,1.0,1.0,1.0,1.0,41.37807442595472,24617.223794568457,24630.68511428198,52.818744206209544,3.0287968426782754,-0.9202559019567736,24613.649999999998,24626.896,24621.260807437375,24643.215698475688,24584.084301524308,61.06870229007634,84.66837692404042,12.535714285714805,-38.93129770992366,121.83395291203436,100.08575579918511,0.08575579918511078
2025-09-18 10:25:00,24625.75,24630.35,24618.85,24625.55,831,150,0,0.0,0.0,0.0,0.0,0.0,0.0,0.0,0.0,0.0,0.0,0.0,0.0,0.0,0.0,0.0,0.0,0.0,0.0,0.0,1.0,1.0,0.0,0.0,1.0,1.0,0,1,0,1,0.0,0.0,0.0,0.0,0.0,0.0,0.0,0.0,0.0,0.0,0.0,0.0,0.0,0.0,1.0,1.0,1.0,1.0,0.0,0.0,1.0,1.0,1.0,1.0,0.0,0.0,0.0,0.0,1.0,1.0,1.0,1.0,1.0,1.0,1.0,1.0,40.9657326750364,24617.55031248322,24633.917523243825,52.64348009735493,2.94011633485934,-0.1481814545935507,24614.225,24626.7,24621.669301967147,24644.266926843342,24584.183073156655,60.61068702290188,73.58778625954311,12.328571428571845,-39.38931297709812,63.794991396346575,100.06786176517797,0.06786176517797755
2025-09-18 10:30:00,24624.65,24631.65,24622.85,24627.15,783,150,0,0.0,0.0,0.0,0.0,0.0,0.0,0.0,0.0,0.0,0.0,0.0,0.0,0.0,0.0,0.0,0.0,0.0,0.0,0.0,0.0,1.0,0.0,0.0,0.0,1.0,0,0,0,0,0.0,0.0,0.0,1.0,0.0,0.0,0.0,0.0,0.0,1.0,0.0,0.0,0.0,0.0,0.0,1.0,1.0,1.0,1.0,0.0,1.0,1.0,1.0,1.0,0.0,0.0,0.0,0.0,1.0,1.0,1.0,1.0,1.0,1.0,1.0,1.0,45.32455668358344,24617.92677087781,24637.38325154957,53.529144113821765,2.9647670328886306,0.47440824290288575,24614.815,24626.471999999998,24622.191273208373,24645.408379057324,24584.221620942673,63.05343511450826,61.5776081424955,12.171428571429194,-36.94656488549174,70.97470654949493,100.05322163561057,0.05322163561056464
2025-09-18 10:35:00,24627.25,24631.55,24624.05,24628.65,738,150,0,0.0,0.0,0.0,0.0,0.0,0.0,0.0,0.0,0.0,0.0,0.0,0.0,0.0,0.0,0.0,0.0,0.0,0.0,0.0,0.0,0.0,0.0,0.0,0.0,0.0,0,0,0,0,0.0,0.0,0.0,0.0,1.0,0.0,0.0,0.0,0.0,0.0,1.0,0.0,0.0,0.0,0.0,0.0,1.0,1.0,1.0,1.0,1.0,1.0,1.0,1.0,0.0,0.0,0.0,0.0,1.0,1.0,1.0,1.0,1.0,1.0,1.0,1.0,50.467566544083574,24618.347289731948,24640.972743414237,54.39034013291282,3.069951858607965,0.9935169660439017,24615.555,24626.299999999996,24622.80639004567,24646.759957434057,24584.350042565944,65.34351145038613,63.002544529265414,12.25000000000052,-34.656488549613876,68.47165509289513,100.06012874865169,0.06012874865168558
2025-09-18 10:40:00,24628.75,24640.85,24628.75,24636.85,771,150,0,0.0,0.0,0.0,0.0,0.0,0.0,0.0,0.0,0.0,0.0,0.0,0.0,0.0,0.0,0.0,0.0,0.0,0.0,0.0,0.0,0.0,1.0,0.0,0.0,0.0,0,0,0,0,0.0,0.0,0.0,0.0,0.0,1.0,0.0,0.0,0.0,0.0,0.0,1.0,0.0,0.0,0.0,0.0,1.0,1.0,1.0,1.0,1.0,1.0,1.0,1.0,0.0,0.0,0.0,0.0,1.0,1.0,1.0,1.0,1.0,1.0,1.0,1.0,72.03654917549706,24619.07288632086,24646.324515754153,58.87690929289512,3.7715074701154663,1.549115066858215,24617.03,24626.276,24624.14387670799,24649.37013963513,24584.689860364866,71.0,66.4656488549648,11.77142857142878,-28.999999999999996,95.39476396618717,100.07758629444201,0.07758629444201255
2025-09-18 10:45:00,24636.75,24652.55,24636.65,24651.55,814,150,0,1.0,0.0,0.0,0.0,0.0,0.0,0.0,0.0,0.0,0.0,0.0,0.0,0.0,0.0,0.0,0.0,0.0,1.0,0.0,0.0,0.0,1.0,1.0,0.0,0.0,0,0,0,0,0.0,0.0,0.0,0.0,0.0,0.0,0.0,0.0,0.0,0.0,0.0,0.0,0.0,0.0,0.0,0.0,1.0,1.0,1.0,1.0,1.0,1.0,1.0,1.0,0.0,0.0,0.0,0.0,1.0,1.0,1.0,1.0,1.0,1.0,1.0,1.0,87.11919836012355,24620.346498803825,24654.440495867726,65.44014003639253,5.450828733031813,2.329457800092935,24619.59,24626.56,24626.75398368818,24654.383490014803,24584.796509985197,97.84482758620679,78.06277967886432,12.207142857142701,-2.155172413793205,134.97514739551434,100.11289913193562,0.1128991319356283
2025-09-18 10:50:00,24651.85,24666.35,24651.75,24665.85,773,150,0,1.0,0.0,0.0,0.0,0.0,0.0,0.0,0.0,0.0,0.0,0.0,0.0,0.0,0.0,0.0,0.0,0.0,1.0,1.0,0.0,0.0,1.0,1.0,1.0,0.0,0,0,0,0,0.0,0.0,0.0,0.0,0.0,0.0,0.0,0.0,0.0,0.0,0.0,0.0,1.0,0.0,0.0,0.0,0.0,1.0,1.0,1.0,1.0,1.0,1.0,1.0,0.0,0.0,0.0,0.0,1.0,1.0,1.0,1.0,1.0,1.0,1.0,1.0,92.79210238449943,24622.130950075883,24664.669599044366,70.39078913114466,7.845159309585142,3.4325981019913767,24623.239999999998,24627.205999999995,24630.477413813114,24661.37769512591,24585.102304874086,99.10873440285202,89.31785399635294,12.628571428571377,-0.8912655971479732,183.8382428219034,100.15104360165903,0.1510436016590316
2025-09-18 10:55:00,24665.75,24669.75,24660.85,24663.05,784,150,0,0.0,0.0,0.0,0.0,0.0,0.0,0.0,0.0,0.0,0.0,0.0,0.0,0.0,0.0,0.0,0.0,0.0,1.0,1.0,1.0,0.0,1.0,1.0,1.0,1.0,0,0,0,0,0.0,0.0,0.0,0.0,0.0,0.0,0.0,0.0,0.0,0.0,0.0,0.0,0.0,1.0,0.0,0.0,1.0,0.0,1.0,1.0,1.0,1.0,1.0,1.0,0.0,0.0,0.0,0.0,1.0,1.0,1.0,1.0,1.0,1.0,1.0,1.0,82.16396443650521,24623.735618911825,24672.2246642562,68.32688984805786,9.40829398569258,4.627737278731618,24626.45,24627.88,24633.57956487853,24666.693155678848,24586.206844321154,88.7394957983181,95.23101926245897,12.571428571428571,-11.260504201681895,180.75041783585252,100.15594130271901,0.15594130271901455
2025-09-18 11:00:00,24662.85,24678.05,24655.65,24677.35,1244,150,0,0.0,0.0,0.0,0.0,0.0,0.0,0.0,0.0,0.0,0.0,0.0,0.0,0.0,0.0,0.0,0.0,0.0,1.0,1.0,1.0,1.0,1.0,1.0,1.0,1.0,0,0,0,0,0.0,0.0,0.0,0.0,0.0,0.0,0.0,0.0,0.0,0.0,0.0,0.0,0.0,0.0,1.0,0.0,1.0,1.0,0.0,1.0,1.0,1.0,1.0,1.0,0.0,0.0,0.0,0.0,1.0,1.0,1.0,1.0,1.0,1.0,1.0,1.0,90.499790211542,24625.83814392659,24681.726104080535,72.72529662662343,11.666495865996694,6.035488996184634,24630.734999999997,24628.776,24637.748177747242,24673.544800895095,24587.9251991049,98.85245901639225,95.56689640585414,13.63571428571413,-1.1475409836077501,181.07998375962583,100.18553365284095,0.18553365284094686
2025-09-18 11:05:00,24677.25,24682.75,24669.15,24674.35,1017,150,0,0.0,0.0,0.0,0.0,0.0,0.0,0.0,0.0,0.0,0.0,0.0,0.0,0.0,0.0,0.0,0.0,0.0,0.0,1.0,1.0,1.0,1.0,1.0,1.0,1.0,0,0,0,0,0.0,0.0,0.0,0.0,0.0,0.0,0.0,0.0,0.0,0.0,0.0,0.0,0.0,0.0,0.0,1.0,1.0,1.0,1.0,0.0,1.0,1.0,1.0,1.0,0.0,0.0,0.0,0.0,1.0,1.0,1.0,1.0,1.0,1.0,1.0,1.0,78.89642177171172,24627.740569886384,24687.410685692186,70.51299794318388,13.063474594258878,7.441086115799484,24634.745000000003,24629.565999999995,24641.23406558084,24678.14625998712,24591.343740012886,86.85446009389473,91.48213830286836,14.049999999999793,-13.145539906105263,170.11721110084122,100.09573745220732,0.09573745220733058
2025-09-18 11:10:00,24674.55,24694.75,24674.05,24686.05,1031,150,0,0.0,0.0,0.0,0.0,0.0,0.0,0.0,0.0,0.0,0.0,0.0,0.0,0.0,0.0,0.0,0.0,0.0,1.0,0.0,1.0,1.0,1.0,1.0,1.0,1.0,0,0,0,0,0.0,0.0,0.0,0.0,0.0,0.0,0.0,0.0,0.0,0.0,0.0,0.0,0.0,0.0,0.0,0.0,1.0,1.0,1.0,1.0,1.0,1.0,1.0,1.0,0.0,0.0,0.0,0.0,1.0,1.0,1.0,1.0,1.0,1.0,1.0,1.0,87.94118269335351,24630.027214471826,24694.6386621901,73.85356389712939,14.942435425866279,8.941355977812846,24638.81,24630.541999999998,24645.502249811234,24685.4879515183,24592.132048481704,88.53754940711389,91.41482283913363,14.849999999999843,-11.462450592886114,171.64426596239488,100.24445856691241,0.2444585669124141
2025-09-18 11:15:00,24685.85,24692.15,24680.65,24684.75,876,150,0,0.0,0.0,0.0,0.0,0.0,0.0,0.0,0.0,0.0,0.0,0.0,0.0,0.0,0.0,0.0,0.0,0.0,1.0,1.0,0.0,1.0,1.0,1.0,1.0,1.0,0,0,0,0,0.0,0.0,0.0,0.0,0.0,0.0,0.0,0.0,0.0,0.0,0.0,0.0,0.0,0.0,0.0,0.0,1.0,1.0,1.0,1.0,1.0,1.0,1.0,1.0,0.0,0.0,0.0,0.0,1.0,1.0,1.0,1.0,1.0,1.0,1.0,1.0,82.07821317677565,24632.17320630215,24700.240240831627,72.86579507832346,16.140567867430946,10.381198355736466,24642.605,24631.604,24649.240130781593,24691.32393504204,24593.88606495796,86.82476943346535,87.40559297815798,14.899999999999636,-13.175230566534662,147.19791390435051,100.24040072201434,0.2404007220143336
2025-09-18 11:20:00,24684.85,24691.25,24679.25,24691.05,749,150,0,0.0,0.0,0.0,0.0,0.0,0.0,0.0,0.0,0.0,0.0,0.0,0.0,0.0,0.0,0.0,0.0,0.0,1.0,1.0,1.0,0.0,1.0,1.0,1.0,1.0,0,0,0,0,0.0,0.0,0.0,0.0,0.0,0.0,0.0,0.0,0.0,0.0,0.0,0.0,0.0,0.0,0.0,0.0,1.0,1.0,1.0,1.0,1.0,1.0,1.0,1.0,0.0,0.0,0.0,0.0,1.0,1.0,1.0,1.0,1.0,1.0,1.0,1.0,87.92848067550035,24634.482100421767,24706.109830191137,74.6362283781207,17.397901628002728,11.78453901018972,24646.454999999998,24632.652,24653.222023088107,24697.77313981174,24595.136860188257,95.12516469038121,90.16249451032014,14.985714285713973,-4.874835309618784,130.24744998241061,100.25946973157673,0.25946973157672654
2025-09-18 11:25:00,24690.35,24695.05,24683.35,24692.25,793,150,0,0.0,0.0,0.0,0.0,0.0,0.0,0.0,0.0,0.0,0.0,0.0,0.0,0.0,0.0,0.0,0.0,0.0,1.0,1.0,1.0,1.0,1.0,1.0,1.0,1.0,0,0,0,0,0.0,0.0,0.0,0.0,0.0,0.0,0.0,0.0,0.0,0.0,0.0,0.0,0.0,0.0,0.0,0.0,1.0,1.0,1.0,1.0,1.0,1.0,1.0,1.0,0.0,0.0,0.0,0.0,1.0,1.0,1.0,1.0,1.0,1.0,1.0,1.0,88.95830277413162,24636.7475084832,24710.967810563045,74.97121511676676,18.28045199166081,13.083721606483941,24650.375,24633.71,24656.93897327019,24703.16283252998,24597.58716747002,96.3254593175863,92.75846448047763,14.142857142856883,-3.674540682413708,120.52420021995569,100.25823583509448,0.25823583509448766
2025-09-18 11:30:00,24692.35,24698.05,24687.65,24696.15,780,150,0,0.0,0.0,0.0,0.0,0.0,0.0,0.0,0.0,0.0,0.0,0.0,0.0,0.0,0.0,0.0,0.0,0.0,1.0,1.0,1.0,1.0,1.0,1.0,1.0,1.0,0,0,0,0,0.0,0.0,0.0,0.0,0.0,0.0,0.0,0.0,0.0,0.0,0.0,0.0,0.0,0.0,0.0,0.0,1.0,1.0,1.0,1.0,1.0,1.0,1.0,1.0,0.0,0.0,0.0,0.0,1.0,1.0,1.0,1.0,1.0,1.0,1.0,1.0,92.2015665075842,24639.077018186457,24715.719728176635,76.07706526470616,19.074695701176097,14.281916425422374,24654.295000000002,24634.855999999996,24660.673356768264,24708.506611691246,24600.083388308758,97.60101010101287,96.35054470299347,12.992857142856726,-2.398989898987121,115.09776725462802,100.24069635525647,0.2406963552564671
2025-09-18 11:35:00,24696.05,24705.55,24694.75,24703.55,681,150,0,0.0,0.0,0.0,0.0,0.0,0.0,0.0,0.0,0.0,0.0,0.0,0.0,0.0,0.0,0.0,0.0,0.0,1.0,1.0,1.0,1.0,1.0,1.0,1.0,1.0,0,0,0,0,0.0,0.0,0.0,0.0,0.0,0.0,0.0,0.0,0.0,0.0,0.0,0.0,0.0,0.0,0.0,0.0,1.0,1.0,1.0,1.0,1.0,1.0,1.0,1.0,0.0,0.0,0.0,0.0,1.0,1.0,1.0,1.0,1.0,1.0,1.0,1.0,95.75248063991239,24641.605370656376,24720.81839165802,78.0580600526661,20.06990435448097,15.439514011234092,24658.285,24636.06,24664.756846599856,24714.731389097655,24601.838610902345,97.58162031438938,97.16936324432952,12.942857142856676,-2.4183796856106197,120.12434112719555,100.21094008287513,0.21094008287511332
2025-09-18 11:40:00,24703.25,24706.55,24699.55,24702.75,657,150,0,0.0,0.0,0.0,0.0,0.0,0.0,0.0,0.0,0.0,0.0,0.0,0.0,0.0,0.0,0.0,0.0,0.0,1.0,1.0,1.0,1.0,1.0,1.0,1.0,1.0,0,0,0,0,0.0,0.0,0.0,0.0,0.0,0.0,0.0,0.0,0.0,0.0,0.0,0.0,0.0,0.0,0.0,0.0,1.0,1.0,1.0,1.0,1.0,1.0,1.0,1.0,0.0,0.0,0.0,0.0,1.0,1.0,1.0,1.0,1.0,1.0,1.0,1.0,89.16842602545826,24644.003199478535,24723.781647081607,77.31270585542183,20.55709171129638,16.463029551246553,24661.989999999998,24637.29,24668.375242161776,24719.953305997547,24604.02669400245,95.39393939394027,96.85885660311418,12.814285714285038,-4.606060606059724,112.51653219006243,100.1495995475526,0.1495995475525938
2025-09-18 11:45:00,24703.25,24717.75,24699.15,24717.65,783,150,0,1.0,0.0,0.0,0.0,0.0,0.0,0.0,0.0,0.0,0.0,0.0,0.0,0.0,0.0,0.0,0.0,0.0,1.0,1.0,1.0,1.0,1.0,1.0,1.0,1.0,0,0,0,0,0.0,0.0,0.0,0.0,0.0,0.0,0.0,0.0,0.0,0.0,0.0,0.0,0.0,0.0,0.0,0.0,1.0,1.0,1.0,1.0,1.0,1.0,1.0,1.0,0.0,0.0,0.0,0.0,1.0,1.0,1.0,1.0,1.0,1.0,1.0,1.0,96.29184680625313,24646.891309558017,24728.228380036217,80.95945075629663,21.893126344566554,17.549048909910553,24666.640000000003,24638.846,24673.068076241605,24726.867809628897,24606.41219037111,99.88764044943984,97.62106671925649,13.607142857142078,-0.1123595505601627,122.0041862899036,100.22138381100474,0.2213838110047305
2025-09-18 11:50:00,24717.75,24725.05,24717.05,24722.55,831,150,0,0.0,0.0,0.0,0.0,0.0,0.0,0.0,0.0,0.0,0.0,0.0,0.0,0.0,0.0,0.0,0.0,0.0,1.0,1.0,1.0,1.0,1.0,1.0,1.0,1.0,1,0,1,0,0.0,0.0,0.0,0.0,0.0,0.0,0.0,0.0,0.0,0.0,0.0,0.0,0.0,0.0,0.0,0.0,1.0,1.0,1.0,1.0,1.0,1.0,1.0,1.0,0.0,0.0,0.0,0.0,1.0,1.0,1.0,1.0,1.0,1.0,1.0,1.0,97.20015319491304,24649.858317278136,24731.623611828552,81.98498866213886,23.08126599918978,18.6554923277664,24671.185,24640.429999999997,24677.78064040907,24733.960431835792,24608.40956816421,97.1719457013574,97.48450851491252,13.307142857142285,-2.828054298642604,133.19165370425992,100.18316391346723,0.18316391346721073
2025-09-18 11:55:00,24723.65,24731.25,24719.55,24726.75,904,150,0,0.0,0.0,0.0,0.0,0.0,0.0,0.0,0.0,0.0,0.0,0.0,0.0,0.0,0.0,0.0,0.0,0.0,1.0,1.0,1.0,1.0,1.0,1.0,1.0,1.0,0,0,0,0,1.0,0.0,0.0,0.0,0.0,0.0,1.0,0.0,0.0,0.0,0.0,0.0,0.0,0.0,0.0,0.0,1.0,1.0,1.0,1.0,1.0,1.0,1.0,1.0,0.0,0.0,0.0,0.0,1.0,1.0,1.0,1.0,1.0,1.0,1.0,1.0,97.87073161865325,24652.87367763075,24735.33005229853,82.83823061486382,24.084153010659065,19.741224464344935,24674.985,24642.097999999998,24682.44438894154,24741.633592199472,24608.33640780053,94.33962264150944,97.13306959743556,13.007142857142494,-5.660377358490567,128.64199813086327,100.21236628320504,0.21236628320503462
2025-09-18 12:00:00,24727.05,24730.05,24720.05,24721.65,830,150,0,0.0,0.0,0.0,0.0,0.0,0.0,0.0,0.0,0.0,0.0,0.0,0.0,0.0,0.0,0.0,0.0,0.0,0.0,1.0,1.0,1.0,0.0,1.0,1.0,1.0,0,0,0,0,0.0,1.0,0.0,0.0,0.0,0.0,0.0,1.0,0.0,0.0,0.0,0.0,0.0,0.0,0.0,0.0,1.0,1.0,1.0,1.0,1.0,1.0,1.0,1.0,0.0,0.0,0.0,0.0,1.0,1.0,1.0,1.0,1.0,1.0,1.0,1.0,68.14362294909978,24655.570788523193,24735.820060692156,78.00680056646782,24.188589808691177,20.630697533214185,24679.775,24643.644,24686.17825666139,24745.31591932016,24614.234080679842,87.30158730158898,92.93771854815195,12.664285714285402,-12.698412698411019,113.23588264660097,100.14421100176011,0.14421100176011223
2025-09-18 12:05:00,24722.55,24729.05,24717.75,24727.55,649,150,0,0.0,0.0,0.0,0.0,0.0,0.0,0.0,0.0,0.0,0.0,0.0,0.0,0.0,0.0,0.0,0.0,0.0,0.0,0.0,1.0,1.0,1.0,0.0,1.0,1.0,0,0,0,0,0.0,0.0,1.0,0.0,0.0,0.0,0.0,0.0,1.0,0.0,0.0,0.0,0.0,0.0,0.0,0.0,1.0,1.0,1.0,1.0,1.0,1.0,1.0,1.0,0.0,0.0,0.0,0.0,1.0,1.0,1.0,1.0,1.0,1.0,1.0,1.0,79.13896562946121,24658.393502911218,24736.92384103825,79.49663031921341,24.465415336391743,21.3976410938497,24684.875,24645.293999999998,24690.11842269364,24748.495681014134,24621.254318985866,95.10582010581905,92.24901001630582,12.835714285713818,-4.894179894180951,108.37673611112257,100.17338640253597,0.17338640253597573
2025-09-18 12:10:00,24727.25,24731.75,24707.75,24709.85,819,150,0,1.0,0.0,0.0,0.0,0.0,0.0,0.0,0.0,0.0,0.0,0.0,0.0,0.0,0.0,0.0,0.0,0.0,0.0,0.0,0.0,1.0,0.0,1.0,0.0,1.0,0,0,0,0,0.0,0.0,0.0,0.0,0.0,0.0,0.0,0.0,0.0,0.0,0.0,0.0,0.0,0.0,0.0,0.0,1.0,1.0,1.0,1.0,1.0,1.0,1.0,1.0,0.0,0.0,0.0,0.0,1.0,1.0,1.0,1.0,1.0,1.0,1.0,1.0,30.996099313410213,24660.411404903767,24734.19009878621,65.22244734061155,22.991527469650464,21.716418369009855,24689.010000000002,24646.548,24691.99762053234,24747.365837664678,24630.654162335326,65.01597444089143,82.47446061609982,12.949999999999688,-34.98402555910857,81.35393879519061,100.07614094985836,0.07614094985834655
2025-09-18 12:15:00,24710.05,24723.15,24710.05,24716.75,755,150,0,0.0,0.0,0.0,0.0,0.0,0.0,0.0,0.0,0.0,0.0,0.0,0.0,0.0,0.0,0.0,0.0,0.0,0.0,0.0,0.0,0.0,0.0,0.0,1.0,0.0,0,0,0,0,0.0,0.0,0.0,0.0,0.0,0.0,0.0,0.0,0.0,0.0,0.0,0.0,0.0,0.0,0.0,0.0,1.0,1.0,1.0,1.0,1.0,1.0,1.0,1.0,0.0,0.0,0.0,0.0,1.0,1.0,1.0,1.0,1.0,1.0,1.0,1.0,49.10166914745358,24662.62076172772,24732.916716167347,67.66025604913764,22.12518765987261,21.79817222718241,24693.415,24647.945999999996,24694.354990005453,24745.556034452322,24641.27396554768,74.0034662045064,78.04175358373895,12.928571428571429,-25.996533795493605,75.09414758268653,100.09922141562637,0.09922141562636051
2025-09-18 12:20:00,24717.35,24719.55,24711.15,24711.35,769,150,0,0.0,0.0,0.0,0.0,0.0,0.0,0.0,0.0,0.0,0.0,0.0,0.0,0.0,0.0,0.0,0.0,0.0,0.0,0.0,0.0,0.0,0.0,0.0,0.0,1.0,0,0,0,0,0.0,0.0,0.0,0.0,0.0,0.0,0.0,0.0,0.0,0.0,0.0,0.0,0.0,0.0,0.0,0.0,1.0,1.0,1.0,1.0,1.0,1.0,1.0,1.0,0.0,0.0,0.0,0.0,1.0,1.0,1.0,1.0,1.0,1.0,1.0,1.0,37.53901862723242,24664.53171237577,24730.351585098102,63.88596473914028,20.76352327717177,21.591242437180284,24697.14,24649.286,24695.973562385887,24742.465299082494,24651.814700917505,61.14285714285437,66.7207659294174,12.049999999999793,-38.857142857145625,60.37272625821524,100.0615480550612,0.06154805506120221
2025-09-18 12:25:00,24711.65,24721.25,24709.05,24718.15,708,150,0,0.0,0.0,0.0,0.0,0.0,0.0,0.0,0.0,0.0,0.0,0.0,0.0,0.0,0.0,0.0,0.0,0.0,0.0,0.0,0.0,0.0,0.0,0.0,0.0,0.0,0,0,0,0,0.0,0.0,0.0,0.0,0.0,0.0,0.0,0.0,0.0,0.0,0.0,0.0,0.0,0.0,0.0,0.0,1.0,1.0,1.0,1.0,1.0,1.0,1.0,1.0,0.0,0.0,0.0,0.0,1.0,1.0,1.0,1.0,1.0,1.0,1.0,1.0,56.76850885105223,24666.634390456682,24728.85035511363,66.42580946746891,20.002521002661524,21.273498150276534,24700.47,24650.928,24698.08560406342,24741.250573291356,24659.689426708646,74.09523809524087,69.74718714753386,12.099999999999843,-25.904761904759134,61.45328465141247,100.05910081749386,0.05910081749385082
2025-09-18 12:30:00,24717.85,24727.85,24717.25,24727.15,589,150,0,0.0,0.0,0.0,0.0,0.0,0.0,0.0,0.0,0.0,0.0,0.0,0.0,0.0,0.0,0.0,0.0,0.0,0.0,0.0,0.0,0.0,1.0,0.0,0.0,0.0,0,0,0,0,0.0,0.0,0.0,0.0,0.0,0.0,0.0,0.0,0.0,0.0,0.0,0.0,0.0,0.0,0.0,0.0,1.0,1.0,1.0,1.0,1.0,1.0,1.0,1.0,0.0,0.0,0.0,0.0,1.0,1.0,1.0,1.0,1.0,1.0,1.0,1.0,73.16815224573108,24669.007551761486,24729.23755810955,69.48472008908297,19.896293910063832,20.998057302233995,24703.535,24652.804000000004,24700.853641771668,24742.535419701846,24664.534580298154,90.49586776859833,75.24465433556453,11.99999999999974,-9.504132231401666,84.56243854472513,100.0987744279483,0.09877442794831125
2025-09-18 12:35:00,24727.35,24730.85,24720.85,24726.55,578,150,0,0.0,0.0,0.0,0.0,0.0,0.0,0.0,0.0,0.0,0.0,0.0,0.0,0.0,0.0,0.0,0.0,0.0,0.0,0.0,0.0,0.0,1.0,1.0,0.0,0.0,0,0,0,0,0.0,0.0,0.0,0.0,0.0,0.0,0.0,0.0,0.0,0.0,0.0,0.0,0.0,0.0,0.0,0.0,1.0,1.0,1.0,1.0,1.0,1.0,1.0,1.0,0.0,0.0,0.0,0.0,1.0,1.0,1.0,1.0,1.0,1.0,1.0,1.0,70.493998729602,24671.264118492683,24729.4241412707,69.03316323865401,19.538465915469715,20.70613902488114,24706.71,24655.012,24703.30091398389,24741.99514821125,24671.42485178875,88.20861678004331,84.26657421462751,11.878571428571117,-11.791383219956687,85.74567388094194,100.03600665920911,0.03600665920909883
2025-09-18 12:40:00,24726.35,24728.15,24718.25,24719.25,639,150,0,0.0,0.0,0.0,0.0,0.0,0.0,0.0,0.0,0.0,0.0,0.0,0.0,0.0,0.0,0.0,0.0,0.0,0.0,0.0,0.0,0.0,0.0,1.0,1.0,0.0,0,0,0,0,0.0,0.0,0.0,0.0,0.0,0.0,0.0,0.0,0.0,0.0,0.0,0.0,0.0,0.0,0.0,0.0,1.0,1.0,1.0,1.0,1.0,1.0,1.0,1.0,0.0,0.0,0.0,0.0,1.0,1.0,1.0,1.0,1.0,1.0,1.0,1.0,42.287891682068505,24673.145917874528,24727.853141141495,63.61630055818601,18.453119584486558,20.255535136802223,24708.805,24657.085999999996,24704.819874556855,24741.64082607099,24675.96917392901,66.21621621621621,81.64023358828594,11.84285714285709,-33.78378378378378,63.13808950987118,99.98665186236857,-0.013348137631430708
2025-09-18 12:45:00,24719.15,24723.35,24712.65,24719.55,728,150,0,0.0,0.0,0.0,0.0,0.0,1.0,0.0,0.0,0.0,0.0,0.0,0.0,0.0,0.0,0.0,0.0,0.0,0.0,0.0,0.0,0.0,0.0,0.0,1.0,1.0,0,0,0,0,0.0,0.0,0.0,0.0,0.0,0.0,0.0,0.0,0.0,0.0,0.0,0.0,0.0,0.0,0.0,0.0,1.0,1.0,1.0,1.0,1.0,1.0,1.0,1.0,0.0,0.0,0.0,0.0,1.0,1.0,1.0,1.0,1.0,1.0,1.0,1.0,43.67709466216447,24674.965685900475,24725.457212035075,63.742214669147195,17.41641668032753,19.687711445507286,24711.065,24659.186,24706.22274364668,24739.893222649574,24682.236777350423,62.576687116560514,72.33384003760668,11.835714285714078,-37.423312883439486,42.867506430107305,99.97088173738966,-0.02911826261033386
2025-09-18 12:50:00,24719.65,24729.75,24717.05,24717.55,745,150,0,0.0,0.0,0.0,0.0,0.0,0.0,1.0,0.0,0.0,0.0,0.0,0.0,0.0,0.0,0.0,0.0,0.0,0.0,0.0,0.0,0.0,0.0,0.0,0.0,1.0,0,0,0,0,0.0,0.0,0.0,0.0,0.0,0.0,0.0,0.0,0.0,0.0,0.0,0.0,0.0,0.0,0.0,0.0,1.0,1.0,1.0,1.0,1.0,1.0,1.0,1.0,0.0,0.0,0.0,0.0,0.0,1.0,1.0,1.0,1.0,1.0,1.0,1.0,35.2032338406035,24676.635659090112,24722.99751097625,62.19685561269892,16.24616321775102,18.999401799956033,24712.64,24661.244,24707.30152996604,24739.05474070282,24686.225259297178,56.441717791406866,61.7448737080612,12.242857142856987,-43.558282208593134,54.683644260194285,99.98341534646757,-0.016584653532438903
2025-09-18 12:55:00,24717.55,24720.85,24715.05,24716.65,767,150,0,0.0,0.0,0.0,0.0,0.0,0.0,0.0,1.0,0.0,0.0,0.0,0.0,0.0,0.0,0.0,0.0,0.0,0.0,0.0,0.0,0.0,0.0,0.0,0.0,0.0,0,1,0,1,0.0,0.0,0.0,0.0,0.0,0.0,0.0,0.0,0.0,0.0,0.0,0.0,0.0,0.0,0.0,0.0,1.0,1.0,1.0,1.0,1.0,1.0,1.0,1.0,0.0,0.0,0.0,0.0,0.0,0.0,1.0,1.0,1.0,1.0,1.0,1.0,31.12692088401316,24678.20484900889,24722.126924070242,61.47459303657881,15.072361636328424,18.213993767230512,24714.235,24663.295999999995,24708.191860445466,24737.183938745744,24691.286061254257,37.0833333333394,52.033912747102256,11.328571428571324,-62.9166666666606,25.89109485659387,99.95591961193084,-0.04408038806916908
2025-09-18 13:00:00,24716.65,24720.75,24712.75,24720.15,654,150,0,0.0,0.0,0.0,0.0,0.0,0.0,0.0,0.0,1.0,0.0,0.0,0.0,0.0,0.0,0.0,0.0,0.0,0.0,0.0,0.0,0.0,0.0,0.0,0.0,0.0,0,0,0,0,0.0,0.0,0.0,1.0,0.0,0.0,0.0,0.0,0.0,1.0,0.0,0.0,1.0,0.0,0.0,0.0,0.0,1.0,1.0,1.0,1.0,1.0,1.0,1.0,0.0,0.0,0.0,0.0,0.0,0.0,0.0,1.0,0.0,1.0,1.0,1.0,58.89311367646037,24679.84975697063,24718.95716361051,63.261328860606056,14.26015399690732,17.423225813165875,24715.69,24665.392000000003,24709.330730879232,24735.98626878021,24695.39373121979,51.66666666667273,48.397239263806334,11.328571428571324,-48.333333333327275,21.759239493934277,100.0416837819736,0.04168378197359721
2025-09-18 13:05:00,24720.05,24728.75,24719.85,24728.35,565,150,0,0.0,0.0,0.0,0.0,0.0,0.0,0.0,0.0,0.0,0.0,0.0,0.0,0.0,0.0,0.0,0.0,0.0,1.0,0.0,0.0,0.0,1.0,0.0,0.0,0.0,0,0,0,0,0.0,0.0,0.0,0.0,1.0,0.0,0.0,0.0,0.0,0.0,1.0,0.0,1.0,1.0,0.0,0.0,0.0,0.0,1.0,1.0,1.0,1.0,1.0,1.0,0.0,0.0,0.0,0.0,0.0,0.0,0.0,0.0,0.0,0.0,1.0,1.0,82.99108568940403,24681.75172737409,24717.29294938019,67.10997359515125,14.115431156944396,16.761666881921577,24717.495000000003,24667.681999999997,24711.142089843117,24735.27961487914,24699.710385120867,85.83333333332726,58.19444444444647,11.128571428571377,-14.16666666667273,89.15092698876005,100.0469317365754,0.04693173657539339
2025-09-18 13:10:00,24728.55,24728.55,24723.75,24726.65,443,150,0,0.0,0.0,0.0,0.0,0.0,0.0,0.0,0.0,0.0,0.0,0.0,0.0,0.0,0.0,0.0,0.0,0.0,0.0,1.0,0.0,0.0,1.0,1.0,0.0,0.0,0,0,0,0,0.0,0.0,0.0,0.0,0.0,1.0,0.0,0.0,0.0,0.0,0.0,1.0,1.0,1.0,1.0,0.0,0.0,0.0,0.0,1.0,1.0,1.0,1.0,1.0,0.0,0.0,0.0,0.0,0.0,0.0,0.0,0.0,1.0,0.0,0.0,1.0,70.19446966019322,24683.512444026437,24714.959949638393,65.5762375382736,13.705572166581987,16.15044793885366,24719.019999999997,24670.068000000003,24712.61903366758,24734.127209853494,24703.9127901465,78.75000000000605,72.08333333333535,10.757142857142753,-21.24999999999394,93.17786642123863,100.06191486907838,0.06191486907839074
2025-09-18 13:15:00,24726.75,24727.25,24721.05,24722.25,454,150,0,0.0,0.0,0.0,0.0,0.0,0.0,0.0,0.0,0.0,0.0,0.0,0.0,0.0,0.0,0.0,0.0,0.0,0.0,0.0,1.0,0.0,0.0,1.0,1.0,0.0,0,0,0,0,0.0,0.0,0.0,0.0,0.0,0.0,0.0,0.0,0.0,0.0,0.0,0.0,1.0,1.0,1.0,1.0,0.0,0.0,0.0,0.0,1.0,1.0,1.0,1.0,0.0,0.0,0.0,0.0,0.0,0.0,0.0,0.0,0.0,1.0,0.0,0.0,43.90913205102935,24685.031563933848,24711.41926652895,61.649077664853436,12.87727156539404,15.495812664161734,24719.954999999998,24672.506,24713.53626855638,24733.235056280795,24706.6749437192,60.416666666666664,74.99999999999999,10.392857142857142,-39.58333333333333,52.33219567690451,100.01658700185897,0.016587001858952004
2025-09-18 13:20:00,24722.55,24724.05,24713.55,24716.75,494,150,0,0.0,0.0,0.0,0.0,0.0,0.0,0.0,0.0,0.0,0.0,0.0,0.0,0.0,1.0,0.0,0.0,0.0,0.0,0.0,0.0,1.0,0.0,0.0,1.0,1.0,0,0,0,0,0.0,0.0,0.0,0.0,0.0,0.0,0.0,0.0,0.0,0.0,0.0,0.0,1.0,1.0,1.0,1.0,0.0,0.0,0.0,0.0,1.0,1.0,1.0,1.0,0.0,0.0,0.0,0.0,0.0,0.0,0.0,0.0,0.0,0.0,1.0,0.0,25.796716703804748,24686.275424223113,24707.292429622918,57.04988545977903,11.642822130670538,14.725214557463497,24720.655,24674.984,24713.842338217677,24731.338676682346,24709.97132331765,35.32110091743571,58.16258919470281,9.428571428571429,-64.67889908256429,-42.87217633228851,99.9579409677217,-0.04205903227829109
2025-09-18 13:25:00,24716.65,24717.05,24706.35,24709.25,585,150,0,0.0,0.0,0.0,0.0,0.0,0.0,0.0,0.0,0.0,1.0,0.0,0.0,0.0,1.0,1.0,0.0,0.0,0.0,0.0,0.0,0.0,0.0,0.0,0.0,1.0,0,0,0,0,0.0,0.0,0.0,0.0,0.0,0.0,0.0,0.0,0.0,0.0,0.0,0.0,1.0,1.0,1.0,1.0,0.0,0.0,0.0,0.0,1.0,1.0,1.0,1.0,0.0,0.0,0.0,0.0,0.0,0.0,0.0,0.0,1.0,0.0,0.0,1.0,13.991475492770178,24687.176388014825,24702.97294034091,51.416835799457594,9.944688560666691,13.769109358104137,24720.234999999997,24677.192000000003,24713.404972673135,24732.019785020482,24708.45021497951,11.836734693883491,35.85816742599528,9.242857142856987,-88.16326530611651,-165.95234013370126,99.93003471976479,-0.06996528023520981
2025-09-18 13:30:00,24708.85,24709.25,24700.15,24700.35,682,150,0,0.0,0.0,0.0,0.0,0.0,0.0,0.0,0.0,0.0,1.0,1.0,0.0,0.0,1.0,1.0,1.0,0.0,0.0,0.0,0.0,0.0,0.0,0.0,0.0,0.0,0,0,0,0,0.0,0.0,0.0,0.0,0.0,0.0,0.0,0.0,0.0,0.0,0.0,0.0,1.0,1.0,1.0,1.0,0.0,0.0,0.0,0.0,1.0,1.0,1.0,1.0,0.0,0.0,0.0,0.0,1.0,0.0,0.0,0.0,1.0,1.0,0.0,0.0,7.710612570148427,24687.693000269235,24698.243704803695,45.65582811799289,7.790940737326309,12.573475633948572,24719.125,24679.365999999995,24712.161641942363,24733.8154731062,24704.4345268938,0.6514657980361843,15.936433803118462,9.29285714285704,-99.34853420196382,-232.35328846380165,99.92354136958038,-0.07645863041961813
2025-09-18 13:35:00,24700.25,24705.05,24699.55,24703.55,576,150,0,0.0,0.0,0.0,0.0,0.0,0.0,0.0,0.0,0.0,0.0,1.0,1.0,0.0,1.0,1.0,1.0,1.0,0.0,0.0,0.0,0.0,0.0,0.0,0.0,0.0,0,0,0,0,0.0,0.0,0.0,0.0,0.0,0.0,0.0,0.0,0.0,0.0,0.0,0.0,1.0,1.0,1.0,1.0,0.0,0.0,0.0,0.0,1.0,1.0,1.0,1.0,0.0,0.0,0.0,0.0,1.0,1.0,0.0,0.0,1.0,1.0,1.0,0.0,25.6993153256862,24688.314843418717,24694.117281120896,47.91550439134796,6.270016479866172,11.312783803132094,24717.965,24681.554,24711.341485566896,24733.74390330654,24702.186096693462,12.779552715655248,8.422584402524974,8.814285714285559,-87.22044728434474,-205.06987325316774,99.9352739026398,-0.06472609736018657
2025-09-18 13:40:00,24703.35,24706.05,24700.25,24701.05,464,150,0,0.0,0.0,0.0,0.0,0.0,0.0,0.0,0.0,0.0,0.0,0.0,1.0,1.0,1.0,1.0,1.0,1.0,0.0,0.0,0.0,0.0,0.0,0.0,0.0,0.0,0,0,0,0,0.0,0.0,0.0,0.0,0.0,0.0,0.0,0.0,0.0,0.0,0.0,0.0,1.0,1.0,1.0,1.0,0.0,0.0,0.0,0.0,1.0,1.0,1.0,1.0,0.0,0.0,0.0,0.0,1.0,1.0,1.0,0.0,1.0,1.0,1.0,1.0,20.920668543868985,24688.814261341446,24691.117536157017,46.29589441604342,4.807525776956027,10.011732197896881,24716.935,24683.48,24710.361344084333,24734.309788149527,24699.560211850476,4.792332268370719,6.074450260687384,8.471428571428467,-95.20766773162929,-175.7465461234358,99.93324581117466,-0.0667541888253488
2025-09-18 13:45:00,24701.25,24707.35,24696.75,24697.65,533,150,0,0.0,0.0,0.0,0.0,0.0,0.0,0.0,0.0,0.0,1.0,0.0,0.0,1.0,1.0,1.0,1.0,1.0,0.0,0.0,0.0,0.0,0.0,0.0,0.0,0.0,0,0,0,0,0.0,0.0,0.0,0.0,0.0,0.0,0.0,0.0,0.0,0.0,0.0,0.0,1.0,1.0,1.0,1.0,0.0,0.0,0.0,0.0,1.0,1.0,1.0,1.0,0.0,0.0,0.0,0.0,1.0,1.0,1.0,1.0,1.0,1.0,1.0,1.0,15.167303581405974,24689.1607609084,24687.189220687003,44.112081062141606,3.335688037899672,8.67652336589744,24715.44,24685.255999999998,24709.150739885827,24734.06922435536,24696.810775644637,2.727272727277137,6.766385903767701,8.514285714285506,-97.27272727272286,-164.2791431200243,99.92312874115223,-0.07687125884778075
2025-09-18 13:50:00,24697.75,24700.55,24692.55,24696.25,612,150,0,0.0,0.0,0.0,0.0,0.0,0.0,0.0,0.0,0.0,1.0,1.0,0.0,0.0,1.0,1.0,1.0,1.0,0.0,0.0,0.0,0.0,0.0,0.0,0.0,0.0,0,0,0,0,0.0,0.0,0.0,0.0,0.0,0.0,0.0,0.0,0.0,0.0,0.0,0.0,1.0,1.0,1.0,1.0,0.0,0.0,0.0,0.0,1.0,1.0,1.0,1.0,0.0,0.0,0.0,0.0,1.0,1.0,1.0,1.0,1.0,1.0,1.0,1.0,12.96507767996691,24689.43877029357,24684.480400955545,43.208278019231415,2.032844361569005,7.347787565031752,24714.760000000002,24686.9,24707.922097991937,24735.157306325724,24694.36269367428,9.946236559141546,5.8219471849298,8.378571428571117,-90.05376344085846,-164.31256615207548,99.90331773876775,-0.0966822612322395
2025-09-18 13:55:00,24696.35,24706.85,24694.65,24705.55,505,150,0,0.0,0.0,0.0,0.0,0.0,0.0,0.0,0.0,0.0,0.0,1.0,1.0,0.0,0.0,1.0,1.0,1.0,0.0,0.0,0.0,0.0,0.0,0.0,0.0,0.0,0,0,0,0,0.0,0.0,0.0,0.0,0.0,0.0,0.0,0.0,0.0,0.0,0.0,0.0,1.0,1.0,1.0,1.0,0.0,0.0,0.0,0.0,1.0,1.0,1.0,1.0,0.0,0.0,0.0,0.0,1.0,1.0,1.0,1.0,1.0,1.0,1.0,1.0,64.42865374138654,24690.070583242963,24683.93231856915,50.46831672080901,1.730811915880622,6.224392435201526,24714.2,24688.734,24707.696183897468,24734.978683410947,24693.421316589054,34.9462365591391,15.873248615185929,8.485714285713973,-65.0537634408609,-97.24780438319128,99.9077981345298,-0.09220186547019625
2025-09-18 14:00:00,24704.25,24735.75,24700.05,24724.75,1268,150,0,1.0,0.0,0.0,0.0,0.0,0.0,0.0,0.0,0.0,0.0,0.0,1.0,1.0,0.0,0.0,1.0,1.0,1.0,0.0,0.0,0.0,1.0,0.0,0.0,0.0,0,0,0,0,0.0,0.0,0.0,0.0,0.0,0.0,0.0,0.0,0.0,0.0,0.0,0.0,1.0,1.0,1.0,1.0,0.0,0.0,0.0,0.0,1.0,1.0,1.0,1.0,0.0,0.0,0.0,0.0,1.0,1.0,1.0,1.0,1.0,1.0,1.0,1.0,87.43557623810517,24691.430560411478,24688.358500129118,61.43057492999392,3.006076388166548,5.580729225794531,24714.870000000003,24690.874,24709.32035685961,24736.12054550577,24693.619454494234,74.53703703703746,39.80983671843937,10.128571428571117,-25.462962962962532,42.24476846492465,99.99231598295766,-0.00768401704234684
2025-09-18 14:05:00,24724.15,24732.35,24715.55,24732.25,1132,150,0,0.0,0.0,0.0,0.0,0.0,0.0,0.0,0.0,0.0,0.0,0.0,0.0,1.0,0.0,0.0,0.0,1.0,1.0,1.0,0.0,0.0,1.0,1.0,0.0,0.0,0,0,0,0,0.0,0.0,0.0,0.0,0.0,0.0,0.0,0.0,0.0,0.0,0.0,0.0,1.0,1.0,1.0,1.0,0.0,0.0,0.0,0.0,1.0,1.0,1.0,1.0,0.0,0.0,0.0,0.0,1.0,1.0,1.0,1.0,1.0,1.0,1.0,1.0,90.88857155869002,24693.031322794413,24694.073150180782,64.71563948965934,4.569248537245585,5.378433088084742,24715.575,24693.043999999998,24711.504132396793,24738.17633903994,24692.973660960062,91.89814814814828,67.12714058144162,10.914285714285402,-8.101851851851716,85.65267539239603,100.04044939275349,0.04044939275349129
2025-09-18 14:10:00,24732.35,24749.75,24730.85,24745.65,1130,150,0,1.0,0.0,0.0,0.0,0.0,0.0,0.0,0.0,0.0,0.0,0.0,0.0,0.0,0.0,0.0,0.0,0.0,1.0,1.0,1.0,0.0,1.0,1.0,1.0,0.0,0,0,0,0,0.0,0.0,0.0,0.0,0.0,0.0,0.0,0.0,0.0,0.0,0.0,0.0,1.0,1.0,1.0,1.0,0.0,0.0,0.0,0.0,1.0,1.0,1.0,1.0,0.0,0.0,0.0,0.0,1.0,1.0,1.0,1.0,1.0,1.0,1.0,1.0,94.75307175321949,24695.09480038902,24702.519983212816,69.6838796845343,6.810830721988168,5.664912614865428,24716.5,24695.384000000005,24714.756119787573,24742.373416556253,24690.626583443747,92.83216783217047,86.42245100578539,11.692857142856935,-7.167832167829532,181.56705761172245,100.11692475750252,0.11692475750250925
2025-09-18 14:15:00,24745.55,24751.15,24738.55,24743.75,1131,150,0,0.0,0.0,0.0,0.0,0.0,0.0,0.0,0.0,0.0,0.0,0.0,0.0,0.0,0.0,0.0,0.0,0.0,1.0,1.0,1.0,1.0,1.0,1.0,1.0,1.0,0,0,0,0,0.0,0.0,0.0,0.0,0.0,0.0,0.0,0.0,0.0,0.0,0.0,0.0,1.0,1.0,1.0,1.0,0.0,0.0,0.0,0.0,1.0,1.0,1.0,1.0,0.0,0.0,0.0,0.0,1.0,1.0,1.0,1.0,1.0,1.0,1.0,1.0,86.91280742176457,24697.00284748334,24710.339779183847,68.21715889660977,8.337872824318765,6.199504656756096,24717.36,24697.766,24717.517441712567,24745.6687414448,24689.051258555202,87.37201365187512,90.70077654406462,11.957142857142701,-12.627986348124882,179.765428039027,100.13962382508575,0.13962382508574722
2025-09-18 14:20:00,24743.85,24755.05,24742.35,24744.35,1020,150,0,0.0,1.0,0.0,0.0,0.0,0.0,0.0,0.0,0.0,0.0,0.0,0.0,0.0,0.0,0.0,0.0,0.0,1.0,1.0,1.0,1.0,1.0,1.0,1.0,1.0,0,0,0,0,0.0,0.0,0.0,0.0,0.0,0.0,0.0,0.0,0.0,0.0,0.0,0.0,1.0,1.0,1.0,1.0,0.0,0.0,0.0,0.0,1.0,1.0,1.0,1.0,0.0,0.0,0.0,0.0,1.0,1.0,1.0,1.0,1.0,1.0,1.0,1.0,87.40640830056975,24698.85959860988,24717.273143724124,68.44304656717401,9.48711808598091,6.85702734260106,24718.614999999998,24700.02,24720.07292345423,24749.394232576175,24687.83576742382,82.87999999999883,87.69472716134813,12.521428571428519,-17.120000000001166,171.64260554646955,100.17813512763989,0.17813512763989175
2025-09-18 14:25:00,24744.55,24745.85,24733.55,24741.05,1061,150,0,0.0,0.0,1.0,0.0,0.0,0.0,0.0,0.0,0.0,0.0,0.0,0.0,0.0,0.0,0.0,0.0,0.0,0.0,1.0,1.0,1.0,0.0,1.0,1.0,1.0,0,0,0,0,0.0,0.0,0.0,0.0,0.0,0.0,0.0,0.0,0.0,0.0,0.0,0.0,1.0,1.0,1.0,1.0,0.0,0.0,0.0,0.0,1.0,1.0,1.0,1.0,0.0,0.0,0.0,0.0,1.0,1.0,1.0,1.0,1.0,1.0,1.0,1.0,66.66343283807907,24700.51412419522,24724.230178202462,65.67821594857062,10.016160748695256,7.4888540238199,24719.69,24701.826,24722.07074026811,24752.067080913897,24687.3129190861,77.60000000000001,82.61733788395799,12.957142857142701,-22.400000000000002,112.1064060803346,100.1518000449328,0.15180004493281332
2025-09-18 14:30:00,24741.15,24743.85,24735.85,24738.65,958,150,0,0.0,0.0,0.0,1.0,0.0,0.0,0.0,0.0,0.0,0.0,0.0,0.0,0.0,0.0,0.0,0.0,0.0,0.0,0.0,1.0,1.0,0.0,0.0,1.0,1.0,0,0,0,0,0.0,0.0,0.0,0.0,0.0,0.0,0.0,0.0,0.0,0.0,0.0,0.0,1.0,1.0,1.0,1.0,0.0,0.0,0.0,0.0,1.0,1.0,1.0,1.0,0.0,0.0,0.0,0.0,1.0,1.0,1.0,1.0,1.0,1.0,1.0,1.0,52.954109762222004,24702.009648771866,24730.407567148784,63.66395920523805,10.12505558986959,8.016094337029838,24720.745000000003,24704.082,24723.649717385433,24754.186069928746,24687.30393007126,73.76000000000349,78.08000000000078,12.778571428571272,-26.239999999996506,96.19997475065797,100.15222024974648,0.1522202497464771
2025-09-18 14:35:00,24738.65,24741.75,24735.65,24738.75,974,150,0,0.0,0.0,0.0,0.0,1.0,0.0,0.0,0.0,0.0,0.0,0.0,0.0,0.0,0.0,0.0,0.0,0.0,0.0,0.0,0.0,1.0,0.0,0.0,0.0,1.0,0,0,0,0,0.0,0.0,0.0,0.0,0.0,0.0,0.0,0.0,0.0,0.0,0.0,0.0,1.0,1.0,1.0,1.0,0.0,0.0,0.0,0.0,1.0,1.0,1.0,1.0,0.0,0.0,0.0,0.0,1.0,1.0,1.0,1.0,1.0,1.0,1.0,1.0,53.55112247350449,24703.450446891904,24736.346503744866,63.71389446115752,10.102964019966748,8.433468273617219,24721.85,24706.345999999998,24725.087839539203,24756.170287081375,24687.529712918622,73.92000000000117,75.09333333333488,12.449999999999688,-26.079999999998837,82.3314249363779,100.16641259391075,0.1664125939107508
2025-09-18 14:40:00,24738.85,24738.85,24715.05,24721.85,1087,150,0,1.0,0.0,0.0,0.0,0.0,1.0,0.0,0.0,0.0,1.0,0.0,0.0,0.0,1.0,0.0,0.0,0.0,0.0,0.0,0.0,0.0,0.0,0.0,0.0,0.0,0,0,0,0,0.0,0.0,0.0,0.0,0.0,0.0,0.0,0.0,0.0,0.0,0.0,0.0,0.0,1.0,1.0,1.0,1.0,0.0,0.0,0.0,1.0,1.0,1.0,1.0,0.0,0.0,0.0,0.0,1.0,1.0,1.0,1.0,1.0,1.0,1.0,1.0,12.699117139911522,24704.171998009897,24737.25253422004,50.96639553976929,8.622374168680835,8.471249452629943,24721.935,24708.24,24724.779473868803,24756.245978756702,24687.6240212433,46.87999999999883,64.8533333333345,13.49999999999974,-53.12000000000117,16.35537285550967,100.103659462469,0.10365946246899244
2025-09-18 14:45:00,24721.75,24731.35,24719.25,24727.35,992,150,0,0.0,0.0,0.0,0.0,0.0,0.0,1.0,0.0,0.0,0.0,1.0,0.0,0.0,0.0,1.0,0.0,0.0,0.0,0.0,0.0,0.0,0.0,0.0,0.0,0.0,0,0,0,0,0.0,0.0,0.0,0.0,0.0,0.0,0.0,0.0,0.0,0.0,0.0,0.0,0.0,0.0,1.0,1.0,1.0,1.0,0.0,0.0,1.0,1.0,1.0,1.0,0.0,0.0,0.0,0.0,1.0,1.0,1.0,1.0,1.0,1.0,1.0,1.0,36.38825895212183,24705.080939283427,24739.826853047478,54.17940652418016,7.802853639394016,8.337570289982757,24721.885,24710.214000000004,24725.024285881296,24756.159512551036,24687.61048744896,55.67999999999883,58.82666666666628,13.971428571428207,-44.320000000001166,19.759747571824704,100.08823928226653,0.08823928226653231
2025-09-18 14:50:00,24727.55,24736.25,24724.65,24732.35,963,150,0,0.0,0.0,0.0,0.0,0.0,0.0,0.0,1.0,0.0,0.0,0.0,1.0,0.0,0.0,0.0,1.0,0.0,0.0,0.0,0.0,0.0,0.0,0.0,0.0,0.0,0,0,0,0,0.0,0.0,0.0,0.0,0.0,0.0,0.0,0.0,0.0,0.0,0.0,0.0,0.0,0.0,0.0,1.0,1.0,1.0,1.0,0.0,1.0,1.0,1.0,1.0,0.0,0.0,0.0,0.0,1.0,1.0,1.0,1.0,1.0,1.0,1.0,1.0,53.56886749777569,24706.150314234987,24741.18486570247,56.94168476300394,7.47071814049923,8.164199860086052,24722.170000000002,24712.124,24725.72197294022,24756.705144572035,24687.63485542797,63.679999999998834,55.41333333333216,14.38571428571387,-36.320000000001166,42.32306607100986,100.03073843011556,0.030738430115566567
2025-09-18 14:55:00,24732.55,24742.05,24730.65,24741.85,699,150,0,0.0,0.0,0.0,0.0,0.0,0.0,0.0,0.0,1.0,0.0,0.0,0.0,1.0,0.0,0.0,0.0,1.0,0.0,0.0,0.0,0.0,1.0,0.0,0.0,0.0,0,0,0,0,0.0,0.0,0.0,0.0,0.0,0.0,0.0,0.0,0.0,0.0,0.0,0.0,0.0,0.0,0.0,0.0,1.0,1.0,1.0,1.0,1.0,1.0,1.0,1.0,0.0,0.0,0.0,0.0,1.0,1.0,1.0,1.0,1.0,1.0,1.0,1.0,73.76392210967441,24707.55030193909,24745.00707321801,61.66978089671853,7.883196389055229,8.107999165879887,24723.15,24713.93,24727.257975517343,24758.78942228962,24687.51057771038,78.87999999999884,66.07999999999883,14.442857142856676,-21.120000000001163,69.04815397288485,100.0388157163218,0.03881571632180066
2025-09-18 15:00:00,24742.05,24742.75,24736.55,24742.75,827,150,0,0.0,0.0,0.0,0.0,0.0,0.0,0.0,0.0,0.0,0.0,0.0,0.0,0.0,0.0,0.0,0.0,0.0,0.0,0.0,0.0,0.0,1.0,1.0,0.0,0.0,0,0,0,0,0.0,0.0,0.0,0.0,0.0,0.0,0.0,0.0,0.0,0.0,0.0,0.0,0.0,0.0,0.0,0.0,1.0,1.0,1.0,1.0,1.0,1.0,1.0,1.0,0.0,0.0,0.0,0.0,0.0,1.0,1.0,1.0,1.0,1.0,1.0,1.0,75.29113213197931,24708.93068228082,24747.773521435935,62.09443548569518,8.18832098391431,8.124063529486772,24724.45,24715.468000000004,24728.733406420455,24760.991828953185,24687.908171046816,79.63576158940444,74.06525386313403,14.3142857142853,-20.364238410595558,73.08039352661135,99.98828076853911,-0.011719231460888904
2025-09-18 15:05:00,24742.35,24746.05,24731.15,24731.15,841,150,0,0.0,0.0,0.0,0.0,0.0,0.0,0.0,0.0,0.0,0.0,0.0,0.0,0.0,0.0,0.0,0.0,0.0,0.0,0.0,0.0,0.0,0.0,1.0,1.0,0.0,0,0,0,0,0.0,0.0,0.0,0.0,0.0,0.0,0.0,0.0,0.0,0.0,0.0,0.0,0.0,0.0,0.0,0.0,1.0,1.0,1.0,1.0,1.0,1.0,1.0,1.0,0.0,0.0,0.0,0.0,0.0,0.0,1.0,1.0,0.0,1.0,1.0,1.0,35.424466609877015,24709.80202808927,24748.074809529935,53.81834845141663,7.408708390325046,7.980992501654427,24725.545000000002,24716.83,24728.963558189935,24761.476424453314,24689.61357554669,56.54545454545852,71.68707204495394,14.507142857142494,-43.45454545454149,48.99077213230431,99.94907805001264,-0.05092194998736467
2025-09-18 15:10:00,24731.75,24735.65,24722.65,24733.25,1024,150,0,0.0,0.0,0.0,0.0,0.0,0.0,0.0,0.0,0.0,0.0,0.0,0.0,0.0,0.0,0.0,0.0,0.0,0.0,0.0,0.0,0.0,0.0,0.0,1.0,1.0,0,0,0,0,0.0,0.0,0.0,0.0,0.0,0.0,0.0,0.0,0.0,0.0,0.0,0.0,0.0,0.0,0.0,0.0,1.0,1.0,1.0,1.0,1.0,1.0,1.0,1.0,0.0,0.0,0.0,0.0,0.0,0.0,0.0,1.0,1.0,0.0,1.0,1.0,43.54232774112178,24710.721556415247,24749.522769240702,54.987974183219244,6.880992445028824,7.760992490329306,24727.19,24717.947999999997,24729.371790743277,24761.227218021057,24693.15278197894,45.50000000000182,60.56040537828826,12.88571428571387,-54.49999999999818,19.262368425335836,99.95514127467483,-0.04485872532516936
2025-09-18 15:15:00,24733.15,24739.65,24728.05,24739.15,846,150,0,0.0,0.0,0.0,0.0,0.0,0.0,0.0,0.0,0.0,0.0,0.0,0.0,0.0,0.0,0.0,0.0,0.0,0.0,0.0,0.0,0.0,0.0,0.0,0.0,1.0,0,0,0,0,0.0,0.0,0.0,0.0,0.0,0.0,0.0,0.0,0.0,0.0,0.0,0.0,0.0,0.0,0.0,0.0,1.0,1.0,1.0,1.0,1.0,1.0,1.0,1.0,0.0,0.0,0.0,0.0,0.0,0.0,0.0,0.0,1.0,1.0,0.0,1.0,63.094313724620406,24711.83639735849,24751.839143207624,58.19171385550199,6.859779183669161,7.580749828997278,24728.97,24719.244000000002,24730.303048767728,24761.491578263038,24696.448421736965,60.25000000000546,54.098484848488596,12.514285714285506,-39.74999999999454,39.239074731851055,99.99232045527575,-0.007679544724244998
2025-09-18 15:20:00,24737.15,24752.25,24736.35,24749.35,897,150,0,0.0,0.0,0.0,0.0,0.0,0.0,0.0,0.0,0.0,0.0,0.0,0.0,0.0,0.0,0.0,0.0,0.0,1.0,0.0,0.0,0.0,1.0,0.0,0.0,0.0,0,0,0,0,0.0,0.0,0.0,0.0,0.0,0.0,0.0,0.0,0.0,0.0,0.0,0.0,0.0,0.0,0.0,0.0,1.0,1.0,1.0,1.0,1.0,1.0,1.0,1.0,0.0,0.0,0.0,0.0,0.0,0.0,0.0,0.0,1.0,1.0,1.0,0.0,80.55614318442312,24713.307519053968,24755.1256876292,63.0836448156796,7.578660199036676,7.580331903005158,24731.385000000002,24720.51,24732.117044123184,24762.31114462135,24700.458855378653,85.74999999999818,63.833333333335155,12.299999999999793,-14.250000000001819,90.20997565150705,100.04325215806035,0.04325215806035127
2025-09-18 15:25:00,24749.65,24761.75,24749.05,24752.85,924,150,0,0.0,0.0,0.0,0.0,0.0,0.0,0.0,0.0,0.0,0.0,0.0,0.0,0.0,0.0,0.0,0.0,0.0,1.0,1.0,0.0,0.0,1.0,1.0,0.0,0.0,0,0,0,0,0.0,0.0,0.0,0.0,0.0,0.0,0.0,0.0,0.0,0.0,0.0,0.0,0.0,0.0,0.0,0.0,1.0,1.0,1.0,1.0,1.0,1.0,1.0,1.0,0.0,0.0,0.0,0.0,0.0,0.0,0.0,0.0,1.0,1.0,1.0,1.0,84.36400451718288,24714.858204604825,24758.556434013462,64.6136951731835,8.334721846982575,7.731209891800643,24734.144999999997,24721.872000000003,24734.091611349548,24762.105007154663,24706.18499284533,80.94218415417276,75.6473947180588,12.307142857142546,-19.057815845827232,134.7312908086267,100.05699560406245,0.05699560406244675
2025-09-18 15:30:00,24752.75,24758.65,24727.15,24728.85,1209,150,0,1.0,0.0,0.0,0.0,0.0,0.0,0.0,0.0,0.0,0.0,0.0,0.0,0.0,1.0,0.0,0.0,0.0,0.0,1.0,1.0,0.0,0.0,1.0,1.0,0.0,0,0,0,0,0.0,0.0,0.0,0.0,0.0,0.0,0.0,0.0,0.0,0.0,0.0,0.0,0.0,0.0,0.0,0.0,1.0,1.0,1.0,1.0,1.0,1.0,1.0,1.0,0.0,0.0,0.0,0.0,0.0,0.0,0.0,0.0,1.0,1.0,1.0,1.0,27.987537534809974,24715.40690247147,24755.658971461704,49.47200644367618,6.91756533928492,7.5684809812974985,24735.775,24722.627999999997,24733.59241026864,24757.5501065037,24713.999893496304,29.55032119914145,65.41416845110413,13.649999999999636,-70.44967880085855,24.06648316465933,100.02831503305781,0.028315033057801094
2025-09-18 15:35:00,24729.05,24740.15,24725.85,24728.55,1123,150,0,0.0,0.0,0.0,0.0,0.0,0.0,0.0,0.0,0.0,0.0,0.0,0.0,0.0,1.0,1.0,0.0,0.0,0.0,0.0,1.0,1.0,0.0,0.0,1.0,1.0,0,1,0,1,0.0,0.0,0.0,0.0,0.0,0.0,0.0,0.0,0.0,0.0,0.0,0.0,0.0,0.0,0.0,0.0,1.0,1.0,1.0,1.0,1.0,1.0,1.0,1.0,0.0,0.0,0.0,0.0,0.0,0.0,0.0,0.0,1.0,1.0,1.0,1.0,27.641200572073515,24715.922318068056,24752.455116864672,49.31643277720192,5.704493256733258,7.195683436384651,24736.925,24723.354,24733.112180719243,24753.873451259326,24719.976548740673,28.90792291220512,46.46680942183978,13.79285714285704,-71.09207708779488,-51.138633639625574,100.0048529260111,0.004852926011079747
2025-09-18 15:40:00,24728.65,24737.05,24726.15,24729.35,1128,150,0,0.0,0.0,0.0,0.0,0.0,0.0,0.0,0.0,0.0,0.0,0.0,0.0,0.0,0.0,1.0,1.0,0.0,0.0,0.0,0.0,1.0,0.0,0.0,0.0,1.0,0,0,0,0,0.0,0.0,0.0,1.0,0.0,0.0,0.0,0.0,0.0,1.0,0.0,0.0,0.0,0.0,0.0,0.0,1.0,1.0,1.0,1.0,1.0,1.0,1.0,1.0,0.0,0.0,0.0,0.0,0.0,0.0,0.0,0.0,0.0,1.0,1.0,1.0,31.053943514013298,24716.448893837187,24749.808793904962,49.77005330079401,4.752889850104111,6.707124719128543,24737.155,24724.018000000004,24732.753877793602,24753.52267996566,24720.78732003434,30.620985010704604,29.693076374017057,13.99999999999974,-69.3790149892954,-69.20718353047995,99.98787013769416,-0.012129862305846392
2025-09-18 15:45:00,24729.65,24736.55,24729.25,24732.55,975,150,0,0.0,0.0,0.0,0.0,0.0,0.0,0.0,0.0,0.0,0.0,0.0,0.0,0.0,0.0,0.0,1.0,1.0,0.0,0.0,0.0,0.0,0.0,0.0,0.0,0.0,0,0,0,0,0.0,0.0,0.0,0.0,1.0,0.0,0.0,0.0,0.0,0.0,1.0,0.0,0.0,0.0,0.0,0.0,1.0,1.0,1.0,1.0,1.0,1.0,1.0,1.0,0.0,0.0,0.0,0.0,0.0,0.0,0.0,0.0,0.0,0.0,1.0,1.0,46.261215517085134,24717.08030977332,24748.787044808905,51.634731111858315,4.208438293906511,6.207387434084136,24737.17,24724.598,24732.734460860876,24753.519292599707,24720.82070740029,37.473233404710335,32.334047109206686,14.085714285714078,-62.526766595289665,-54.33586282796004,99.96241186491713,-0.03758813508286273
2025-09-18 15:50:00,24732.65,24732.85,24708.35,24710.35,1261,150,0,1.0,0.0,0.0,0.0,0.0,0.0,0.0,0.0,0.0,1.0,0.0,0.0,0.0,1.0,0.0,0.0,1.0,0.0,0.0,0.0,0.0,0.0,0.0,0.0,0.0,0,0,0,0,0.0,0.0,0.0,0.0,0.0,1.0,0.0,0.0,0.0,0.0,0.0,1.0,0.0,0.0,0.0,0.0,1.0,1.0,1.0,1.0,0.0,1.0,1.0,1.0,1.0,0.0,0.0,0.0,1.0,0.0,0.0,0.0,1.0,0.0,0.0,1.0,14.03861916221588,24716.816376053433,24742.527811854325,40.42331056841938,1.962974102658336,5.358504767798977,24735.405,24724.75,24730.602607445555,24755.165510862906,24715.644489137092,3.745318352059823,23.946512255824917,14.13571428571413,-96.25468164794017,-194.18812133574292,99.86905255074718,-0.13094744925281732
2025-09-18 15:55:00,24710.55,24714.75,24688.65,24689.55,1305,150,0,1.0,0.0,0.0,0.0,0.0,0.0,0.0,0.0,0.0,1.0,1.0,0.0,0.0,1.0,1.0,0.0,0.0,0.0,0.0,0.0,0.0,0.0,0.0,0.0,0.0,0,0,0,0,0.0,0.0,0.0,0.0,0.0,0.0,0.0,0.0,0.0,0.0,0.0,0.0,0.0,0.0,0.0,0.0,1.0,1.0,1.0,1.0,0.0,0.0,1.0,1.0,1.0,1.0,0.0,0.0,1.0,1.0,0.0,0.0,1.0,1.0,0.0,0.0,7.094098090037662,24715.7471063915,24731.63440082644,33.158714752553905,-1.4779220483505924,3.991219404569063,24732.695,24724.188,24726.692835307884,24760.758572569288,24704.63142743071,1.2311901504758347,14.149913969081998,15.13571428571413,-98.76880984952416,-294.02139370089293,99.83179108128817,-0.1682089187118358
2025-09-18 16:00:00,24689.15,24692.15,24658.05,24667.25,1605,150,0,1.0,0.0,0.0,0.0,0.0,0.0,0.0,0.0,0.0,1.0,1.0,1.0,0.0,1.0,1.0,1.0,0.0,0.0,0.0,0.0,0.0,0.0,0.0,0.0,0.0,0,0,0,0,0.0,0.0,0.0,0.0,0.0,0.0,0.0,0.0,0.0,0.0,0.0,0.0,0.0,0.0,0.0,0.0,1.0,1.0,1.0,1.0,0.0,0.0,0.0,1.0,1.0,1.0,1.0,0.0,1.0,1.0,1.0,0.0,1.0,1.0,1.0,0.0,3.9510008487106347,24713.845259060192,24716.160382231366,27.460767108494522,-5.935855818534037,2.005804359948443,24728.84,24723.082000000002,24721.03161289761,24768.8160928567,24688.8639071433,8.871745419479907,4.616084640671855,16.742857142857247,-91.12825458052009,-342.657654311848,99.73315273973296,-0.2668472602670494
2025-09-18 16:05:00,24667.15,24679.25,24650.25,24677.65,1578,150,0,0.0,0.0,0.0,0.0,0.0,0.0,0.0,0.0,0.0,0.0,1.0,1.0,1.0,1.0,1.0,1.0,1.0,0.0,0.0,0.0,0.0,0.0,0.0,0.0,0.0,0,0,0,0,0.0,0.0,0.0,0.0,0.0,0.0,0.0,0.0,0.0,0.0,0.0,0.0,0.0,0.0,0.0,0.0,1.0,1.0,1.0,1.0,0.0,0.0,0.0,0.0,1.0,1.0,1.0,1.0,1.0,1.0,1.0,1.0,1.0,1.0,1.0,1.0,26.67690425568196,24712.425837120605,24703.723198605392,33.2238553156287,-8.531264261633623,-0.10160936436797105,24725.670000000002,24722.1,24716.900030716883,24771.233771389612,24680.10622861039,24.57399103139144,11.558975533782395,18.00000000000026,-75.42600896860856,-252.4494750080414,99.75140617199864,-0.24859382800136626
2025-09-18 16:10:00,24678.05,24686.35,24670.25,24675.85,1357,150,0,0.0,0.0,0.0,0.0,0.0,0.0,0.0,0.0,0.0,0.0,0.0,1.0,1.0,1.0,1.0,1.0,1.0,0.0,0.0,0.0,0.0,0.0,0.0,0.0,0.0,0,0,0,0,0.0,0.0,0.0,0.0,0.0,0.0,0.0,0.0,0.0,0.0,0.0,0.0,0.0,0.0,0.0,0.0,1.0,1.0,1.0,1.0,0.0,0.0,0.0,0.0,1.0,1.0,1.0,1.0,1.0,1.0,1.0,1.0,1.0,1.0,1.0,1.0,25.133057925806696,24710.991490551653,24691.11501485023,32.73904465658677,-10.611071283867204,-2.2035017482678185,24722.53,24721.183999999997,24712.990503981942,24772.745602524792,24672.314397475206,22.959641255604076,18.801792568825142,18.707142857142962,-77.04035874439592,-167.04939112019292,99.70302250362131,-0.2969774963786928
2025-09-18 16:15:00,24675.75,24693.35,24672.85,24674.15,1277,150,0,0.0,0.0,0.0,0.0,0.0,0.0,0.0,0.0,0.0,0.0,0.0,0.0,1.0,1.0,1.0,1.0,1.0,0.0,0.0,0.0,0.0,0.0,0.0,0.0,0.0,0,0,0,0,0.0,0.0,0.0,0.0,0.0,0.0,0.0,0.0,0.0,0.0,0.0,0.0,0.0,0.0,0.0,0.0,1.0,1.0,1.0,1.0,0.0,0.0,0.0,0.0,1.0,1.0,1.0,1.0,1.0,1.0,1.0,1.0,1.0,1.0,1.0,1.0,23.228648764177535,24709.546726201585,24679.75438726757,32.260248190019524,-12.255238366429694,-4.213849071900194,24719.3,24720.115999999995,24709.291408364614,24773.291246854715,24665.308753145284,21.43497757847664,22.989536621824055,19.107142857143117,-78.56502242152335,-128.7609891713003,99.68205681365986,-0.31794318634014707
2025-09-18 16:20:00,24674.05,24685.15,24673.05,24679.05,1245,150,0,0.0,0.0,0.0,0.0,0.0,0.0,0.0,0.0,0.0,0.0,0.0,0.0,0.0,0.0,1.0,1.0,1.0,0.0,0.0,0.0,0.0,0.0,0.0,0.0,0.0,0,0,0,0,0.0,0.0,0.0,0.0,0.0,0.0,0.0,0.0,0.0,0.0,0.0,0.0,1.0,0.0,0.0,0.0,0.0,1.0,1.0,1.0,0.0,0.0,0.0,0.0,1.0,1.0,1.0,1.0,1.0,1.0,1.0,1.0,1.0,1.0,1.0,1.0,42.17314038729511,24708.350776142765,24670.4461486312,35.20182083883729,-13.012859432637924,-5.973651144047741,24717.16,24719.5,24706.41127423465,24774.041183643767,24660.278816356233,25.8295964125554,23.408071748878708,19.04285714285756,-74.1704035874446,-111.2499526676502,99.7986157868239,-0.20138421317610514
2025-09-18 16:25:00,24678.65,24687.75,24672.55,24680.05,1469,150,0,0.0,0.0,0.0,0.0,0.0,0.0,0.0,0.0,0.0,0.0,0.0,0.0,0.0,0.0,0.0,1.0,1.0,0.0,0.0,0.0,0.0,0.0,0.0,0.0,0.0,0,0,0,0,0.0,0.0,0.0,0.0,0.0,0.0,0.0,0.0,0.0,0.0,0.0,0.0,1.0,1.0,0.0,0.0,0.0,0.0,1.0,1.0,0.0,0.0,0.0,0.0,1.0,1.0,1.0,1.0,1.0,1.0,1.0,1.0,1.0,1.0,1.0,1.0,46.234597322841374,24707.24094177379,24662.086560563035,35.8143999545436,-13.378370416899998,-7.454594998618194,24714.795,24718.766,24703.900676688492,24773.78639901696,24655.803600983036,26.726457399102486,24.663677130044842,19.300000000000313,-73.27354260089751,-93.43829284397738,99.80387042507547,-0.19612957492453056
2025-09-18 16:30:00,24678.75,24707.75,24653.35,24697.35,1912,150,0,1.0,0.0,0.0,0.0,0.0,0.0,0.0,0.0,0.0,0.0,0.0,0.0,0.0,0.0,0.0,0.0,1.0,1.0,0.0,0.0,0.0,1.0,0.0,0.0,0.0,0,0,0,0,0.0,0.0,0.0,0.0,0.0,0.0,0.0,0.0,0.0,0.0,0.0,0.0,1.0,1.0,1.0,0.0,0.0,0.0,0.0,1.0,0.0,0.0,0.0,0.0,1.0,1.0,1.0,1.0,1.0,1.0,1.0,1.0,1.0,1.0,1.0,1.0,80.95176671050747,24706.853061700727,24658.476775568204,45.42638136970745,-12.13222237987793,-8.390120474870141,24713.045,24718.486,24703.27680271816,24771.920121187304,24654.169878812692,42.242152466366406,31.59940209267476,22.050000000000313,-57.75784753363359,-68.67629961800928,99.8705991059207,-0.12940089407930255
2025-09-18 16:35:00,24697.25,24712.05,24666.05,24666.65,1839,150,0,1.0,0.0,0.0,0.0,0.0,0.0,0.0,0.0,0.0,0.0,0.0,0.0,0.0,1.0,0.0,0.0,0.0,0.0,1.0,0.0,0.0,0.0,1.0,0.0,0.0,0,0,0,0,0.0,0.0,0.0,0.0,0.0,0.0,0.0,0.0,0.0,0.0,0.0,0.0,1.0,1.0,1.0,1.0,0.0,0.0,0.0,0.0,0.0,0.0,0.0,0.0,1.0,1.0,1.0,1.0,1.0,1.0,1.0,1.0,1.0,1.0,1.0,1.0,29.774832569938795,24705.276471032117,24649.590560433917,35.31860157235121,-13.466639474750991,-9.405424274846311,24709.285,24717.456000000002,24699.78853579262,24769.99110044848,24648.57889955152,15.129151291514054,28.032587052327646,24.42857142857169,-84.87084870848595,-71.2291917338159,99.73354951268674,-0.26645048731326865
2025-09-18 16:40:00,24667.05,24675.05,24624.05,24624.05,1853,150,0,1.0,0.0,0.0,0.0,0.0,0.0,0.0,0.0,0.0,1.0,0.0,0.0,0.0,1.0,1.0,0.0,0.0,0.0,0.0,1.0,0.0,0.0,0.0,1.0,0.0,0,0,0,0,0.0,0.0,0.0,0.0,0.0,0.0,0.0,0.0,0.0,0.0,0.0,0.0,0.0,1.0,1.0,1.0,1.0,0.0,0.0,0.0,0.0,0.0,0.0,0.0,1.0,1.0,1.0,1.0,1.0,1.0,1.0,1.0,1.0,1.0,1.0,1.0,12.856910214942772,24702.091119200377,24634.529161286187,26.50533610048211,-17.756947575006052,-11.07572893487826,24703.35,24715.394,24692.575341907606,24772.8526845379,24633.8473154621,0.0,19.123767919293485,25.821428571428832,-100.0,-146.92190066262597,99.65075363157544,-0.3492463684245641
2025-09-18 16:45:00,24624.05,24656.55,24599.05,24655.35,1827,150,0,1.0,0.0,0.0,0.0,0.0,0.0,0.0,0.0,0.0,0.0,1.0,0.0,0.0,0.0,1.0,1.0,0.0,0.0,0.0,0.0,1.0,0.0,0.0,0.0,1.0,0,0,0,0,0.0,0.0,0.0,0.0,0.0,0.0,0.0,0.0,0.0,0.0,0.0,0.0,1.0,0.0,1.0,1.0,0.0,1.0,0.0,0.0,0.0,0.0,0.0,0.0,1.0,1.0,1.0,1.0,1.0,1.0,1.0,1.0,1.0,1.0,1.0,1.0,46.413560344814435,24700.258134119013,24629.486169938,38.623921111583904,-18.41907560141408,-12.544398268185425,24699.559999999998,24713.97,24689.030071249737,24770.9216998859,24628.198300114094,40.797101449274834,18.642084246929628,28.907142857142908,-59.202898550725166,-138.14663434282437,99.86147985686252,-0.13852014313748418
2025-09-18 16:50:00,24655.65,24697.55,24653.55,24659.65,1840,150,0,0.0,0.0,0.0,0.0,0.0,0.0,0.0,0.0,0.0,0.0,0.0,1.0,0.0,0.0,0.0,1.0,1.0,0.0,0.0,0.0,0.0,0.0,0.0,0.0,0.0,0,0,0,0,0.0,0.0,0.0,0.0,0.0,0.0,0.0,0.0,0.0,0.0,0.0,0.0,1.0,1.0,0.0,1.0,0.0,0.0,1.0,0.0,0.0,0.0,0.0,0.0,1.0,1.0,1.0,1.0,1.0,1.0,1.0,1.0,1.0,1.0,1.0,1.0,50.35316456216462,24698.66565825895,24628.130975594006,40.0855479167089,-18.384912937191984,-13.71250120198674,24695.879999999997,24712.778000000002,24686.23196922595,24767.516923734784,24624.24307626521,44.07272727272886,28.289942907334563,31.27142857142878,-55.92727272727114,-60.86889607106363,99.969189917806,-0.030810082193996273
2025-09-18 16:55:00,24659.55,24696.85,24641.25,24696.15,1849,150,0,1.0,0.0,0.0,0.0,0.0,0.0,0.0,0.0,0.0,0.0,0.0,0.0,1.0,0.0,0.0,0.0,1.0,0.0,0.0,0.0,0.0,1.0,0.0,0.0,0.0,0,0,0,0,0.0,0.0,0.0,0.0,0.0,0.0,0.0,0.0,0.0,0.0,0.0,0.0,1.0,1.0,1.0,0.0,0.0,0.0,0.0,1.0,0.0,0.0,0.0,0.0,1.0,1.0,1.0,1.0,1.0,1.0,1.0,1.0,1.0,1.0,1.0,1.0,74.35704425714664,24698.567004993165,24635.73838455584,50.7967910935207,-15.2369517280531,-14.017391307200011,24693.73,24712.31,24687.176543585385,24762.41940315173,24625.04059684827,72.57100149477034,52.48027673892468,34.721428571428724,-27.428998505229664,-39.25763182238459,100.07496661959303,0.07496661959303255
2025-09-18 17:00:00,24696.05,24728.15,24694.05,24721.65,1750,150,0,0.0,0.0,0.0,0.0,0.0,0.0,0.0,0.0,0.0,0.0,0.0,0.0,0.0,0.0,0.0,0.0,0.0,1.0,0.0,0.0,0.0,1.0,1.0,0.0,0.0,1,0,1,0,0.0,0.0,0.0,0.0,0.0,0.0,0.0,0.0,0.0,0.0,0.0,0.0,1.0,1.0,1.0,1.0,0.0,0.0,0.0,0.0,1.0,0.0,0.0,0.0,0.0,1.0,1.0,1.0,0.0,1.0,1.0,1.0,1.0,1.0,1.0,1.0,82.98041965857553,24699.47222049006,24649.16052427683,56.630262577753584,-10.562771843648079,-13.326467414489626,24692.344999999998,24712.392000000003,24690.459729910588,24757.329515565132,24627.360484434863,94.9651432997677,70.53629068908897,35.40714285714317,-5.034856700232293,52.271733841381625,100.18560657484952,0.1856065748495104
2025-09-18 17:05:00,24721.35,24748.15,24721.35,24748.15,1735,150,0,0.0,1.0,0.0,0.0,0.0,0.0,0.0,0.0,0.0,0.0,0.0,0.0,0.0,0.0,0.0,0.0,0.0,1.0,1.0,0.0,0.0,1.0,1.0,1.0,0.0,0,0,1,0,1.0,0.0,0.0,0.0,0.0,0.0,1.0,0.0,0.0,0.0,0.0,0.0,1.0,1.0,1.0,1.0,0.0,0.0,0.0,0.0,1.0,1.0,0.0,0.0,0.0,0.0,1.0,1.0,0.0,0.0,1.0,1.0,1.0,1.0,1.0,1.0,88.83384262188125,24701.381153032893,24667.486760717973,61.710703606577084,-4.666331514341437,-11.59444023445999,24692.11,24713.022,24695.954041347675,24756.201099637226,24628.018900362775,100.0,89.17871493151267,35.45714285714348,-0.0,119.10068225869935,100.29990901408965,0.29990901408964443
2025-09-18 17:10:00,24748.25,24762.75,24742.25,24748.35,1751,150,0,0.0,0.0,1.0,0.0,0.0,0.0,0.0,0.0,0.0,0.0,0.0,0.0,0.0,0.0,0.0,0.0,0.0,1.0,1.0,1.0,0.0,1.0,1.0,1.0,1.0,0,0,0,0,0.0,1.0,0.0,0.0,0.0,0.0,1.0,1.0,0.0,0.0,0.0,0.0,1.0,1.0,1.0,1.0,0.0,0.0,0.0,0.0,1.0,1.0,1.0,0.0,0.0,0.0,0.0,1.0,1.0,0.0,0.0,1.0,1.0,1.0,1.0,1.0,88.87714906918058,24703.223068612308,24684.26562822831,61.74712424186091,0.022518675457831705,-9.271048452476427,24693.085,24713.586,24700.9441326479,24760.057933260767,24626.11206673923,91.20342089187453,95.38952139721408,34.48571428571476,-8.796579108125469,143.6597177305738,100.28080497425955,0.2808049742595411
2025-09-18 17:15:00,24748.55,24771.55,24746.05,24768.55,1738,150,0,0.0,0.0,0.0,1.0,0.0,0.0,0.0,0.0,0.0,0.0,0.0,0.0,0.0,0.0,0.0,0.0,0.0,1.0,1.0,1.0,1.0,1.0,1.0,1.0,1.0,0,0,0,0,0.0,0.0,1.0,0.0,0.0,0.0,0.0,1.0,1.0,0.0,0.0,0.0,1.0,1.0,1.0,1.0,0.0,0.0,0.0,0.0,1.0,1.0,1.0,1.0,0.0,0.0,0.0,0.0,1.0,1.0,0.0,0.0,1.0,1.0,1.0,1.0,92.99379960192226,24705.784909075028,24704.283193440144,65.33372747111596,5.3072586398157,-6.355387034018,24695.085,24714.39,24707.38278668143,24768.587918667967,24621.58208133203,98.26086956521739,96.48809681903064,34.23571428571476,-1.7391304347826086,156.37079122619346,100.35858922490026,0.35858922490027373
2025-09-18 17:20:00,24769.05,24780.55,24753.75,24768.05,1721,150,0,0.0,0.0,0.0,0.0,1.0,0.0,0.0,0.0,0.0,0.0,0.0,0.0,0.0,0.0,0.0,0.0,0.0,1.0,1.0,1.0,1.0,1.0,1.0,1.0,1.0,0,0,0,0,0.0,0.0,0.0,0.0,0.0,0.0,0.0,0.0,1.0,0.0,0.0,0.0,1.0,1.0,1.0,1.0,0.0,0.0,0.0,0.0,1.0,1.0,1.0,1.0,0.0,0.0,0.0,0.0,1.0,1.0,1.0,0.0,1.0,1.0,1.0,1.0,91.73323677591496,24708.22667736138,24720.585788997912,65.17084441409062,9.347356804031733,-3.2148382664080533,24697.02,24715.217999999997,24713.160616521294,24776.14367667522,24617.89632332478,93.1129476584022,94.19241270516471,35.00000000000052,-6.887052341597796,152.9519896193829,100.28626553051238,0.2862655305123859
2025-09-18 17:25:00,24768.15,24787.35,24768.05,24786.25,1593,150,0,0.0,0.0,0.0,0.0,0.0,0.0,0.0,0.0,0.0,0.0,0.0,0.0,0.0,0.0,0.0,0.0,0.0,1.0,1.0,1.0,1.0,1.0,1.0,1.0,1.0,0,0,0,0,0.0,0.0,0.0,0.0,0.0,0.0,0.0,0.0,0.0,0.0,0.0,0.0,1.0,1.0,1.0,1.0,0.0,0.0,0.0,0.0,1.0,1.0,1.0,1.0,0.0,0.0,0.0,0.0,1.0,1.0,1.0,1.0,1.0,1.0,1.0,1.0,95.24931896414483,24711.28641552187,24739.959058626057,68.27163368753028,13.858005145750212,0.19973041602360062,24699.705,24716.498,24720.121510185934,24787.11579001248,24612.29420998752,99.41582580987863,96.92988101116607,34.91428571428618,-0.584174190121375,160.43946662463136,100.48486519247648,0.4848651924764755
2025-09-18 17:30:00,24785.85,24808.25,24780.75,24781.75,1644,150,0,0.0,0.0,0.0,0.0,0.0,0.0,0.0,0.0,0.0,0.0,0.0,0.0,0.0,0.0,0.0,0.0,0.0,1.0,1.0,1.0,1.0,1.0,1.0,1.0,1.0,0,0,0,0,0.0,0.0,0.0,0.0,0.0,0.0,0.0,0.0,0.0,0.0,0.0,0.0,1.0,1.0,1.0,1.0,0.0,0.0,0.0,0.0,1.0,1.0,1.0,1.0,0.0,0.0,0.0,0.0,1.0,1.0,1.0,1.0,1.0,1.0,1.0,1.0,82.27140686966003,24714.049693359986,24756.92691761361,66.69067603654292,16.875088545719336,3.534802041962749,24703.275,24717.798,24725.99089016823,24798.039236536766,24608.510763463237,87.33269598470368,93.28715648432818,36.014285714286025,-12.667304015296324,151.1395211563654,100.64043079834552,0.640430798345523
2025-09-18 17:35:00,24782.05,24784.55,24761.85,24762.85,1676,150,0,0.0,0.0,0.0,0.0,0.0,0.0,0.0,0.0,0.0,0.0,0.0,0.0,0.0,0.0,0.0,0.0,0.0,0.0,1.0,1.0,1.0,0.0,1.0,1.0,1.0,0,0,0,0,0.0,0.0,0.0,0.0,0.0,0.0,0.0,0.0,0.0,0.0,0.0,0.0,0.0,1.0,1.0,1.0,1.0,0.0,0.0,0.0,1.0,1.0,1.0,1.0,0.0,0.0,0.0,0.0,1.0,1.0,1.0,1.0,1.0,1.0,1.0,1.0,44.27031333200701,24715.963430885553,24768.91436918902,60.36773941955299,17.538899317260075,6.335621497022215,24706.94,24718.87,24729.50128158078,24805.07888976492,24608.801110235076,78.29827915869919,88.34893365109383,36.55000000000031,-21.701720841300812,99.64520051149931,100.43601084551628,0.4360108455162876
2025-09-18 17:40:00,24763.05,24774.75,24757.75,24760.25,1653,150,0,0.0,0.0,0.0,0.0,0.0,0.0,0.0,0.0,0.0,0.0,0.0,0.0,0.0,0.0,0.0,0.0,0.0,0.0,0.0,1.0,1.0,0.0,0.0,1.0,1.0,0,0,0,0,0.0,0.0,0.0,0.0,0.0,0.0,0.0,0.0,0.0,0.0,0.0,0.0,0.0,0.0,1.0,1.0,1.0,1.0,0.0,0.0,1.0,1.0,1.0,1.0,0.0,0.0,0.0,0.0,1.0,1.0,1.0,1.0,1.0,1.0,1.0,1.0,40.417974173905705,24717.70015909508,24779.15655023246,59.531564320317386,17.651698077668698,8.598836813151513,24711.59,24720.068000000003,24732.429730954038,24810.61961598526,24612.56038401474,77.05544933078401,80.89547482472896,33.87857142857164,-22.94455066921598,80.63064085396883,100.40795388417921,0.4079538841792099
2025-09-18 17:45:00,24759.75,24777.15,24750.35,24768.25,1664,150,0,0.0,0.0,0.0,0.0,0.0,0.0,0.0,0.0,0.0,0.0,0.0,0.0,0.0,0.0,0.0,0.0,0.0,0.0,0.0,0.0,1.0,0.0,0.0,0.0,1.0,0,0,0,0,0.0,0.0,0.0,0.0,0.0,0.0,0.0,0.0,0.0,0.0,0.0,0.0,0.0,0.0,0.0,1.0,1.0,1.0,1.0,0.0,1.0,1.0,1.0,1.0,0.0,0.0,0.0,0.0,1.0,1.0,1.0,1.0,1.0,1.0,1.0,1.0,57.49072538339726,24719.682505807057,24788.74564501549,61.30747340684886,18.177090860579483,10.514487622637107,24716.12,24721.362,24735.841185148893,24816.88614093027,24615.353859069728,80.87954110898669,78.74442319948997,32.50714285714327,-19.120458891013318,73.63862307086043,100.29194834012588,0.29194834012588416
2025-09-18 17:50:00,24768.35,24768.35,24744.75,24745.65,1678,150,0,0.0,0.0,0.0,0.0,0.0,0.0,0.0,0.0,0.0,0.0,0.0,0.0,0.0,1.0,0.0,0.0,0.0,0.0,0.0,0.0,0.0,0.0,0.0,0.0,0.0,0,0,0,0,0.0,0.0,0.0,0.0,0.0,0.0,0.0,0.0,0.0,0.0,0.0,0.0,0.0,0.0,0.0,0.0,1.0,1.0,1.0,1.0,1.0,1.0,1.0,1.0,0.0,0.0,0.0,0.0,0.0,1.0,1.0,1.0,1.0,1.0,1.0,1.0,25.96430508880148,24720.700838917513,24792.191196410095,54.08649147764992,16.57872804535873,11.727335707181433,24719.61,24722.254,24736.775357991854,24819.33316206738,24619.88683793262,70.07648183556485,76.00382409177853,30.550000000000313,-29.923518164435148,49.73363632977483,100.09708089872642,0.09708089872641995
2025-09-18 17:55:00,24745.55,24760.25,24731.65,24733.25,1635,150,0,0.0,0.0,0.0,0.0,0.0,0.0,0.0,0.0,0.0,1.0,0.0,0.0,0.0,1.0,1.0,0.0,0.0,0.0,0.0,0.0,0.0,0.0,0.0,0.0,0.0,0,0,0,0,0.0,0.0,0.0,0.0,0.0,0.0,0.0,0.0,0.0,0.0,0.0,0.0,0.0,0.0,0.0,0.0,1.0,1.0,1.0,1.0,1.0,1.0,1.0,1.0,0.0,0.0,0.0,0.0,0.0,0.0,1.0,1.0,1.0,1.0,1.0,1.0,17.890172128026407,24721.192962883786,24792.801459194176,50.56724213929169,14.14834432351563,12.211537430448274,24722.565,24722.966,24736.439609611676,24820.094661345618,24625.03533865438,55.08982035928144,68.68194776794432,28.485714285714494,-44.91017964071856,29.2188043931456,99.9397934795126,-0.060206520487395845
2025-09-18 18:00:00,24733.55,24770.25,24733.25,24756.05,1671,150,0,0.0,0.0,0.0,0.0,0.0,0.0,0.0,0.0,0.0,0.0,1.0,0.0,0.0,0.0,1.0,1.0,0.0,0.0,0.0,0.0,0.0,0.0,0.0,0.0,0.0,0,0,0,0,0.0,0.0,0.0,0.0,0.0,0.0,0.0,0.0,0.0,0.0,0.0,0.0,0.0,0.0,0.0,0.0,1.0,1.0,1.0,1.0,1.0,1.0,1.0,1.0,0.0,0.0,0.0,0.0,0.0,0.0,0.0,1.0,0.0,1.0,1.0,1.0,55.79972140331668,24722.559905521808,24799.28087228822,56.209339410907475,13.901766258557473,12.549583196070115,24726.415,24724.162,24738.307265839136,24822.78425203056,24630.04574796944,68.74251497005945,64.6362723883019,27.985714285714494,-31.257485029940558,42.449723657936616,100.03111318532348,0.03111318532346895
2025-09-18 18:05:00,24756.25,24775.65,24746.15,24773.05,1727,150,0,0.0,0.0,0.0,0.0,0.0,0.0,0.0,0.0,0.0,0.0,0.0,1.0,0.0,0.0,0.0,1.0,1.0,0.0,0.0,0.0,0.0,1.0,0.0,0.0,0.0,0,0,0,0,0.0,0.0,0.0,0.0,0.0,0.0,0.0,0.0,0.0,0.0,0.0,0.0,0.0,0.0,0.0,0.0,1.0,1.0,1.0,1.0,1.0,1.0,1.0,1.0,0.0,0.0,0.0,0.0,0.0,0.0,0.0,0.0,0.0,0.0,1.0,1.0,70.85120748908007,24724.539909235198,24809.00657283058,59.88574344730025,14.906278985341487,13.020922353924389,24731.065,24725.512000000002,24741.616097663977,24826.98828678406,24635.141713215937,69.17688266199605,64.33640599711231,26.121428571428883,-30.823117338003943,56.558793975363656,100.01816820120678,0.018168201206772296
2025-09-18 18:10:00,24773.25,24786.25,24762.55,24776.25,1672,150,0,0.0,0.0,0.0,0.0,0.0,0.0,0.0,0.0,0.0,0.0,0.0,0.0,1.0,0.0,0.0,0.0,1.0,0.0,0.0,0.0,0.0,1.0,1.0,0.0,0.0,0,0,0,0,0.0,0.0,0.0,0.0,0.0,0.0,0.0,0.0,0.0,0.0,0.0,0.0,0.0,0.0,0.0,0.0,1.0,1.0,1.0,1.0,1.0,1.0,1.0,1.0,0.0,0.0,0.0,0.0,0.0,0.0,0.0,0.0,0.0,0.0,0.0,1.0,73.40801185491542,24726.567755940083,24815.47332128095,60.55701349449495,15.778688911050267,13.572475665349565,24735.010000000002,24726.542,24744.91456455312,24831.58262116141,24638.437378838593,63.176064441887846,67.03182069131445,25.378571428571636,-36.82393555811216,68.82521440676138,100.03310716830755,0.03310716830756046
2025-09-18 18:15:00,24777.15,24808.35,24770.75,24807.55,1601,150,0,0.0,0.0,0.0,0.0,0.0,0.0,0.0,0.0,0.0,0.0,0.0,0.0,0.0,0.0,0.0,0.0,0.0,1.0,0.0,0.0,0.0,1.0,1.0,1.0,0.0,0,0,0,0,0.0,0.0,0.0,0.0,0.0,0.0,0.0,0.0,0.0,0.0,0.0,0.0,0.0,0.0,0.0,0.0,1.0,1.0,1.0,1.0,1.0,1.0,1.0,1.0,0.0,0.0,0.0,0.0,0.0,0.0,0.0,0.0,1.0,0.0,0.0,0.0,88.37230459156407,24729.743530229327,24827.682906120845,66.46773449322734,18.77925293933731,14.613831120147113,24742.055,24728.048000000003,24750.87984411949,24838.18660880074,24645.92339119926,98.95697522816258,77.1033074440155,26.149999999999896,-1.0430247718374221,100.42300719661485,100.08593474204449,0.08593474204447737
2025-09-18 18:20:00,24807.65,24814.55,24791.75,24796.05,1562,150,0,0.0,0.0,0.0,0.0,0.0,0.0,0.0,0.0,0.0,0.0,0.0,0.0,0.0,0.0,0.0,0.0,0.0,0.0,1.0,0.0,0.0,0.0,1.0,1.0,1.0,0,0,0,0,0.0,0.0,0.0,0.0,0.0,0.0,0.0,0.0,0.0,0.0,0.0,0.0,0.0,0.0,0.0,0.0,1.0,1.0,1.0,1.0,1.0,1.0,1.0,1.0,0.0,0.0,0.0,0.0,1.0,0.0,0.0,0.0,1.0,1.0,0.0,0.0,67.45284649256772,24732.343783955566,24835.46064695244,62.74721721962305,19.998734694378072,15.690811834993307,24750.655,24729.055999999997,24755.181763727156,24831.96945071346,24669.34054928654,77.68395657418517,79.93899874807853,26.314285714285557,-22.316043425814822,111.5417835549744,100.05770375377041,0.05770375377041279
2025-09-18 18:25:00,24796.25,24800.55,24776.05,24781.75,1593,150,0,0.0,0.0,0.0,0.0,0.0,0.0,0.0,0.0,0.0,0.0,0.0,0.0,0.0,0.0,0.0,0.0,0.0,0.0,0.0,1.0,0.0,0.0,0.0,1.0,1.0,0,0,0,0,0.0,0.0,0.0,0.0,0.0,0.0,0.0,0.0,0.0,0.0,0.0,0.0,0.0,0.0,0.0,0.0,1.0,1.0,1.0,1.0,1.0,1.0,1.0,1.0,0.0,0.0,0.0,0.0,1.0,1.0,0.0,0.0,1.0,1.0,1.0,0.0,46.792422315878994,24734.28128263095,24838.803628615715,58.37180990250448,19.585522568620945,16.469753981718835,24756.975,24729.815999999995,24757.712071943617,24825.787785685374,24688.162214314623,60.43425814234,79.02506331489592,26.242857142856987,-39.56574185766,80.50547659350353,100.07632400955464,0.07632400955464115
2025-09-18 18:30:00,24781.55,24805.05,24781.55,24789.25,1528,150,0,0.0,0.0,0.0,0.0,0.0,0.0,0.0,0.0,0.0,0.0,0.0,0.0,0.0,0.0,0.0,0.0,0.0,0.0,0.0,0.0,1.0,0.0,0.0,0.0,1.0,0,0,0,0,0.0,0.0,0.0,0.0,0.0,0.0,0.0,0.0,0.0,0.0,0.0,0.0,0.0,0.0,0.0,0.0,1.0,1.0,1.0,1.0,1.0,1.0,1.0,1.0,0.0,0.0,0.0,0.0,0.0,1.0,1.0,0.0,1.0,1.0,1.0,1.0,57.12405854354044,24736.43691861366,24840.24149018596,59.94922101332079,19.636874634550622,17.103178112285192,24763.454999999998,24730.714,24760.715684139464,24816.214453132456,24710.69554686754,69.48130277442709,69.19983916365076,26.007142857142753,-30.518697225572904,96.6201641139018,100.11712321159925,0.11712321159923669
2025-09-18 18:35:00,24789.35,24791.05,24780.55,24789.55,1555,150,0,0.0,0.0,0.0,0.0,0.0,0.0,0.0,0.0,0.0,0.0,0.0,0.0,0.0,0.0,0.0,0.0,0.0,0.0,0.0,0.0,0.0,0.0,0.0,0.0,0.0,0,0,0,0,0.0,0.0,0.0,0.0,0.0,0.0,0.0,0.0,0.0,0.0,0.0,0.0,0.0,0.0,0.0,0.0,1.0,1.0,1.0,1.0,1.0,1.0,1.0,1.0,0.0,0.0,0.0,0.0,0.0,0.0,1.0,1.0,1.0,1.0,1.0,1.0,57.617834582248996,24738.519784557302,24838.313481404908,60.01448967149347,19.477257311453286,17.577993952118813,24768.125,24731.683999999997,24763.461809459513,24811.500271879577,24724.749728120423,69.8431845597097,66.58624849215893,25.378571428571377,-30.156815440290302,76.91340125650174,100.08599719398828,0.08599719398826834
2025-09-18 18:40:00,24789.35,24792.85,24768.75,24773.05,1516,150,0,0.0,0.0,0.0,0.0,0.0,0.0,0.0,0.0,0.0,0.0,0.0,0.0,0.0,1.0,0.0,0.0,0.0,0.0,0.0,0.0,0.0,0.0,0.0,0.0,0.0,0,0,0,0,0.0,0.0,0.0,0.0,0.0,0.0,0.0,0.0,0.0,0.0,0.0,0.0,0.0,0.0,0.0,0.0,1.0,1.0,1.0,1.0,1.0,1.0,1.0,1.0,0.0,0.0,0.0,0.0,0.0,0.0,0.0,1.0,0.0,1.0,1.0,1.0,29.54606006098716,24739.873910657418,24829.282906120912,54.73151465624442,17.813998641657236,17.6251948900265,24770.695,24732.372000000003,24764.374970463366,24808.164846123553,24733.225153876447,49.9396863691181,63.088057901084966,25.13571428571413,-50.06031363088189,33.179099424437,100.11072653173385,0.11072653173385147
2025-09-18 18:45:00,24772.55,24775.85,24760.25,24763.65,1541,150,0,0.0,0.0,0.0,0.0,0.0,0.0,0.0,0.0,0.0,0.0,0.0,0.0,0.0,1.0,1.0,0.0,0.0,0.0,0.0,0.0,0.0,0.0,0.0,0.0,0.0,0,0,0,0,0.0,0.0,0.0,0.0,0.0,0.0,0.0,0.0,0.0,0.0,0.0,0.0,0.0,0.0,0.0,0.0,1.0,1.0,1.0,1.0,1.0,1.0,1.0,1.0,0.0,0.0,0.0,0.0,0.0,0.0,0.0,0.0,0.0,0.0,1.0,1.0,20.86085315701706,24740.806306320774,24818.97600723136,51.92708239870779,15.558009670829051,17.21175784618701,24771.47,24732.87,24764.30592565733,24807.593449157706,24735.346550842296,38.60072376357158,52.79453156413313,24.628571428571117,-61.39927623642841,-27.833524170669182,100.12291146533514,0.12291146533513167
2025-09-18 18:50:00,24763.55,24764.25,24725.35,24741.05,1679,150,0,0.0,0.0,0.0,0.0,0.0,1.0,0.0,0.0,0.0,1.0,0.0,0.0,0.0,1.0,1.0,1.0,0.0,0.0,0.0,0.0,0.0,0.0,0.0,0.0,0.0,0,0,0,0,0.0,0.0,0.0,0.0,0.0,0.0,0.0,0.0,0.0,0.0,0.0,0.0,0.0,0.0,0.0,0.0,1.0,1.0,1.0,1.0,1.0,1.0,1.0,1.0,0.0,0.0,0.0,0.0,1.0,0.0,0.0,0.0,1.0,0.0,0.0,1.0,10.126068963644329,24740.815862935677,24803.4093265754,45.84484627199019,11.810348686041834,16.131476014157975,24771.105000000003,24733.254,24762.091075594726,24808.34241610258,24733.867583897427,17.60089686098722,35.380435664558966,26.192857142856933,-82.39910313901278,-135.98513963617924,99.93940875058824,-0.06059124941175996
2025-09-18 18:55:00,24740.85,24750.05,24726.55,24735.85,1668,150,0,0.0,0.0,0.0,0.0,0.0,0.0,1.0,0.0,0.0,1.0,1.0,0.0,0.0,1.0,1.0,1.0,1.0,0.0,0.0,0.0,0.0,0.0,0.0,0.0,0.0,0,0,0,0,0.0,0.0,0.0,0.0,0.0,0.0,0.0,0.0,0.0,0.0,0.0,0.0,0.0,0.0,0.0,0.0,1.0,1.0,1.0,1.0,0.0,1.0,1.0,1.0,1.0,0.0,0.0,0.0,1.0,1.0,0.0,0.0,1.0,1.0,0.0,0.0,8.598890371126856,24740.621123212157,24787.127108083656,44.55179962007214,8.32474137675672,14.570129086677724,24769.469999999998,24733.424,24759.591925538087,24809.91331185481,24729.026688145186,11.771300448430397,22.657640357663066,25.95714285714244,-88.2286995515696,-147.47989365607364,99.8498368186396,-0.15016318136039256
2025-09-18 19:00:00,24735.75,24755.15,24731.75,24755.15,1667,150,0,0.0,0.0,0.0,0.0,0.0,0.0,0.0,1.0,0.0,0.0,1.0,1.0,0.0,0.0,1.0,1.0,1.0,0.0,0.0,0.0,0.0,0.0,0.0,0.0,0.0,0,0,0,0,0.0,0.0,0.0,0.0,0.0,0.0,0.0,0.0,0.0,0.0,0.0,0.0,0.0,0.0,0.0,0.0,1.0,1.0,1.0,1.0,1.0,0.0,1.0,1.0,0.0,1.0,0.0,0.0,1.0,1.0,1.0,0.0,1.0,1.0,1.0,0.0,50.315817960661555,24741.19088308774,24776.54772727278,50.169488312425024,7.0385847512261535,13.06382021958741,24768.825,24733.88,24759.16888501065,24809.771993978688,24727.878006021314,33.40807174888191,20.926756352766507,25.942857142856933,-66.59192825111808,-93.3892382948881,99.91483779829474,-0.08516220170525622
2025-09-18 19:05:00,24755.05,24756.65,24726.25,24728.25,1670,150,0,0.0,0.0,0.0,0.0,0.0,0.0,0.0,0.0,1.0,0.0,0.0,1.0,1.0,1.0,0.0,1.0,1.0,0.0,0.0,0.0,0.0,0.0,0.0,0.0,0.0,0,0,0,0,0.0,0.0,0.0,0.0,0.0,0.0,0.0,0.0,0.0,0.0,0.0,0.0,0.0,0.0,0.0,0.0,1.0,1.0,1.0,1.0,0.0,1.0,0.0,1.0,1.0,0.0,1.0,0.0,1.0,1.0,1.0,1.0,1.0,1.0,1.0,1.0,25.747305462768296,24740.683397475128,24760.44332386365,43.547173273433394,3.804831443459989,11.212022464361926,24765.925,24733.607999999997,24756.22422929535,24809.78750646947,24722.062493530528,3.2511210762347886,16.14349775784903,26.071428571428573,-96.74887892376522,-120.88134222761896,99.68033925155851,-0.3196607484414997
2025-09-18 19:10:00,24728.05,24756.75,24720.55,24753.55,1595,150,0,0.0,0.0,0.0,0.0,0.0,0.0,0.0,0.0,0.0,0.0,0.0,0.0,1.0,0.0,1.0,0.0,1.0,0.0,0.0,0.0,0.0,0.0,0.0,0.0,0.0,0,0,0,0,0.0,0.0,0.0,0.0,0.0,0.0,0.0,0.0,0.0,0.0,0.0,0.0,1.0,0.0,0.0,0.0,0.0,1.0,1.0,1.0,1.0,0.0,1.0,0.0,0.0,1.0,0.0,1.0,1.0,1.0,1.0,1.0,1.0,1.0,1.0,1.0,56.0339547464009,24741.18797012443,24753.04158057844,50.20468005363291,3.246137752830691,9.618845522055679,24764.515,24733.824,24755.96954079103,24808.047360620032,24720.982639379967,35.1063829787234,23.921858601280036,26.014285714285766,-64.8936170212766,-86.81607106804034,99.8286017329373,-0.17139826706269748
2025-09-18 19:15:00,24753.05,24773.05,24752.55,24758.75,1490,150,0,0.0,0.0,0.0,0.0,0.0,0.0,0.0,0.0,0.0,0.0,0.0,0.0,0.0,0.0,0.0,1.0,0.0,0.0,0.0,0.0,0.0,0.0,0.0,0.0,0.0,0,0,0,0,0.0,0.0,0.0,0.0,0.0,0.0,0.0,0.0,0.0,0.0,0.0,0.0,1.0,1.0,0.0,0.0,0.0,0.0,1.0,1.0,1.0,1.0,0.0,1.0,0.0,0.0,1.0,0.0,1.0,1.0,1.0,1.0,1.0,1.0,1.0,1.0,60.94515869124498,24741.876677180036,24743.85359310433,51.47143008464815,3.1862365678389324,8.33232373121233,24764.31,24734.376,24756.234346429977,24807.913930292372,24720.70606970763,40.6382978723412,26.331933975766464,25.371428571428623,-59.3617021276588,-13.181987095032039,99.90718976666297,-0.09281023333703228
2025-09-18 19:20:00,24758.55,24772.25,24752.75,24766.55,1462,150,0,0.0,0.0,0.0,0.0,0.0,0.0,0.0,0.0,0.0,0.0,0.0,0.0,0.0,0.0,0.0,0.0,1.0,0.0,0.0,0.0,0.0,0.0,0.0,0.0,0.0,0,0,0,0,0.0,0.0,0.0,0.0,0.0,0.0,0.0,0.0,0.0,0.0,0.0,0.0,1.0,1.0,1.0,0.0,0.0,0.0,0.0,1.0,1.0,1.0,1.0,0.0,0.0,0.0,0.0,1.0,1.0,1.0,1.0,1.0,1.0,1.0,1.0,1.0,68.78946145058833,24742.844258469337,24732.123243801638,53.3869465598848,3.7252172739790694,7.410902439765678,24764.625,24735.042,24757.21678962712,24808.19644767771,24721.05355232229,48.93617021276596,41.56028368794352,25.071428571428573,-51.06382978723404,-3.3674123561701608,99.90842804844841,-0.09157195155158275
2025-09-18 19:25:00,24766.35,24773.35,24760.35,24770.05,1294,150,0,0.0,0.0,0.0,0.0,0.0,0.0,0.0,0.0,0.0,0.0,0.0,0.0,0.0,0.0,0.0,0.0,0.0,0.0,0.0,0.0,0.0,1.0,0.0,0.0,0.0,0,0,0,0,0.0,0.0,0.0,0.0,0.0,0.0,0.0,0.0,0.0,0.0,0.0,0.0,1.0,1.0,1.0,1.0,0.0,0.0,0.0,0.0,1.0,1.0,1.0,1.0,0.0,0.0,0.0,0.0,0.0,1.0,1.0,1.0,1.0,1.0,1.0,1.0,72.50632761851897,24743.911150296444,24725.032986828504,54.2594120666169,4.3842452656936075,6.805571004951264,24764.715,24735.66,24758.43900013882,24808.32539349917,24721.10460650083,52.659574468085104,47.41134751773075,23.31428571428582,-47.340425531914896,12.457743414662438,99.92133782178378,-0.07866217821622418
2025-09-18 19:30:00,24770.55,24787.05,24769.65,24782.75,1188,150,0,0.0,0.0,0.0,0.0,0.0,0.0,0.0,0.0,0.0,0.0,0.0,0.0,0.0,0.0,0.0,0.0,0.0,1.0,0.0,0.0,0.0,1.0,1.0,0.0,0.0,0,0,0,0,0.0,0.0,0.0,0.0,0.0,0.0,0.0,0.0,0.0,0.0,0.0,0.0,1.0,1.0,1.0,1.0,0.0,0.0,0.0,0.0,1.0,1.0,1.0,1.0,0.0,0.0,0.0,0.0,0.0,0.0,1.0,1.0,1.0,1.0,1.0,1.0,83.31887364131526,24745.43424244494,24721.483035253106,57.37690886271251,5.863720241930423,6.6172008523470955,24766.57,24736.328,24760.75433345893,24809.921275099263,24723.218724900737,73.60946745562215,58.40173737882441,22.928571428571427,-26.390532544377837,54.38736227266436,100.03915545320419,0.03915545320419055
2025-09-18 19:35:00,24782.55,24788.05,24778.75,24786.15,1221,150,0,0.0,0.0,0.0,0.0,0.0,0.0,0.0,0.0,0.0,0.0,0.0,0.0,0.0,0.0,0.0,0.0,0.0,1.0,1.0,0.0,0.0,1.0,1.0,1.0,0.0,0,0,0,0,0.0,0.0,0.0,0.0,0.0,0.0,0.0,0.0,0.0,0.0,0.0,0.0,1.0,1.0,1.0,1.0,0.0,0.0,0.0,0.0,1.0,1.0,1.0,1.0,0.0,0.0,0.0,0.0,0.0,0.0,0.0,1.0,1.0,1.0,1.0,1.0,85.59399800631117,24747.030938822933,24722.658119189044,58.19831499541875,7.227255106590746,6.739211703195826,24769.215,24736.994,24763.172968367606,24810.4079107352,24728.0220892648,77.63313609467714,67.9673926727948,21.842857142857092,-22.366863905322862,65.06705641942516,100.09085898080453,0.09085898080452598
2025-09-18 19:40:00,24785.75,24785.85,24779.35,24781.75,1252,150,0,0.0,0.0,0.0,0.0,0.0,0.0,0.0,0.0,0.0,0.0,0.0,0.0,0.0,0.0,0.0,0.0,0.0,0.0,1.0,1.0,0.0,0.0,1.0,1.0,1.0,0,0,0,0,0.0,0.0,0.0,0.0,0.0,0.0,0.0,0.0,0.0,0.0,0.0,0.0,1.0,1.0,1.0,1.0,0.0,0.0,0.0,0.0,1.0,1.0,1.0,1.0,0.0,0.0,0.0,0.0,0.0,0.0,0.0,0.0,1.0,1.0,1.0,1.0,67.67632667561516,24748.39247063649,24725.413500774786,56.67611569054119,7.8621926204250485,6.963807886641671,24770.5,24738.052000000003,24764.94220947545,24811.56695431784,24729.43304568216,84.64730290456617,78.62996881828849,20.650000000000155,-15.352697095433825,51.201629327901806,100.1645039317248,0.16450393172480848
2025-09-18 19:45:00,24781.85,24790.75,24780.35,24789.25,1210,150,0,0.0,1.0,0.0,0.0,0.0,0.0,0.0,0.0,0.0,0.0,0.0,0.0,0.0,0.0,0.0,0.0,0.0,0.0,0.0,1.0,1.0,1.0,0.0,1.0,1.0,0,0,0,0,0.0,0.0,0.0,0.0,0.0,0.0,0.0,0.0,0.0,0.0,0.0,0.0,1.0,1.0,1.0,1.0,0.0,0.0,0.0,0.0,1.0,1.0,1.0,1.0,0.0,0.0,0.0,0.0,1.0,0.0,0.0,0.0,1.0,1.0,1.0,1.0,78.94534743397114,24749.994726693,24732.572817665277,58.66090906200323,8.86834374812679,7.344715058938695,24771.31,24739.266,24767.25723714446,24813.21914483922,24729.400855160784,95.02074688796877,85.76706196240401,20.6428571428574,-4.979253112031232,63.01313020539787,100.21588099863155,0.21588099863154675
2025-09-18 19:50:00,24789.15,24792.55,24785.15,24785.25,1229,150,0,0.0,0.0,1.0,0.0,0.0,0.0,0.0,0.0,0.0,0.0,0.0,0.0,0.0,0.0,0.0,0.0,0.0,0.0,0.0,0.0,1.0,0.0,1.0,0.0,1.0,0,0,0,0,0.0,0.0,0.0,0.0,0.0,0.0,0.0,0.0,0.0,0.0,0.0,0.0,1.0,1.0,1.0,1.0,0.0,0.0,0.0,0.0,1.0,1.0,1.0,1.0,0.0,0.0,0.0,0.0,1.0,1.0,0.0,0.0,1.0,1.0,1.0,1.0,61.72888592777265,24751.37728643305,24738.384449251073,57.15693530231817,9.236486725691066,7.72306939228917,24771.760000000002,24740.384,24768.97083360689,24814.083709917195,24729.43629008281,89.86111111111212,89.84305363454901,19.45000000000021,-10.138888888887879,61.85724662613027,100.12159086089156,0.12159086089156618
2025-09-18 19:55:00,24785.25,24789.35,24780.75,24787.05,1272,150,0,0.0,0.0,0.0,1.0,0.0,0.0,0.0,0.0,0.0,0.0,0.0,0.0,0.0,0.0,0.0,0.0,0.0,0.0,0.0,0.0,0.0,0.0,0.0,1.0,0.0,0,0,0,0,0.0,0.0,0.0,0.0,0.0,0.0,0.0,0.0,0.0,0.0,0.0,0.0,1.0,1.0,1.0,1.0,0.0,0.0,0.0,0.0,1.0,1.0,1.0,1.0,0.0,0.0,0.0,0.0,1.0,1.0,1.0,0.0,1.0,1.0,1.0,1.0,66.63967618780978,24752.7762163793,24746.44892174588,57.68271817041477,9.563248469072278,8.091105207645793,24770.735,24741.474,24770.69265897766,24810.313052132817,24731.156947867184,92.36111111111111,92.41432303673066,18.95000000000021,-7.638888888888889,57.81268897975518,100.23778471990536,0.23778471990536842
2025-09-18 20:00:00,24787.25,24795.05,24784.75,24789.25,1270,150,0,0.0,0.0,0.0,0.0,1.0,0.0,0.0,0.0,0.0,0.0,0.0,0.0,0.0,0.0,0.0,0.0,0.0,0.0,0.0,0.0,0.0,1.0,0.0,0.0,1.0,0,0,0,0,0.0,0.0,0.0,0.0,0.0,0.0,0.0,0.0,0.0,0.0,0.0,0.0,1.0,1.0,1.0,1.0,0.0,0.0,0.0,0.0,1.0,1.0,1.0,1.0,0.0,0.0,0.0,0.0,1.0,1.0,1.0,1.0,1.0,1.0,1.0,1.0,72.99296529454227,24754.20656083742,24754.50988507232,58.35541487533859,9.885774068945466,8.450038979905727,24770.395,24743.052000000003,24772.46002478931,24809.165986169075,24731.624013830926,92.21476510067211,91.47899577429844,16.907142857142908,-7.785234899327882,77.83705140641105,100.14422173789215,0.14422173789214368
2025-09-18 20:05:00,24789.35,24795.75,24786.85,24790.55,1319,150,0,0.0,0.0,0.0,0.0,0.0,0.0,0.0,0.0,0.0,0.0,0.0,0.0,0.0,0.0,0.0,0.0,0.0,0.0,0.0,0.0,0.0,1.0,1.0,0.0,0.0,0,0,0,0,0.0,0.0,0.0,0.0,0.0,0.0,0.0,0.0,0.0,0.0,0.0,0.0,1.0,1.0,1.0,1.0,0.0,0.0,0.0,0.0,1.0,1.0,1.0,1.0,0.0,0.0,0.0,0.0,1.0,1.0,1.0,1.0,1.0,1.0,1.0,1.0,76.89342555468096,24755.631793748064,24764.348069473064,58.77247070894538,10.129510375747486,8.78593325907408,24770.835,24745.072,24774.18287957128,24810.34133660162,24731.328663398377,93.08510638297783,92.55366086492035,15.86428571428587,-6.9148936170221775,81.26968935677583,100.12843944060181,0.1284394406018045
2025-09-18 20:10:00,24790.05,24791.55,24782.05,24783.25,1252,150,0,0.0,0.0,0.0,0.0,0.0,0.0,0.0,0.0,0.0,0.0,0.0,0.0,0.0,0.0,0.0,0.0,0.0,0.0,0.0,0.0,0.0,0.0,1.0,1.0,0.0,0,0,0,0,0.0,0.0,0.0,0.0,0.0,0.0,0.0,0.0,0.0,0.0,0.0,0.0,1.0,1.0,1.0,1.0,0.0,0.0,0.0,0.0,1.0,1.0,1.0,1.0,0.0,0.0,0.0,0.0,1.0,1.0,1.0,1.0,1.0,1.0,1.0,1.0,34.69147662677352,24756.71486066159,24771.40430010327,55.41634856777719,9.62269967166867,8.953286541592998,24770.534999999996,24747.392000000003,24775.046414850203,24809.540493541514,24731.52950645848,83.37765957446824,89.55917701937273,14.871428571428623,-16.622340425531753,61.921472376057906,100.06742965814779,0.06742965814778694
2025-09-18 20:15:00,24783.35,24791.25,24778.15,24782.55,1288,150,0,0.0,0.0,0.0,0.0,0.0,0.0,0.0,0.0,0.0,0.0,0.0,0.0,0.0,0.0,0.0,0.0,0.0,0.0,0.0,0.0,0.0,0.0,0.0,1.0,1.0,0,0,0,0,0.0,0.0,0.0,0.0,0.0,0.0,0.0,0.0,0.0,0.0,0.0,0.0,1.0,1.0,1.0,1.0,0.0,0.0,0.0,0.0,1.0,1.0,1.0,1.0,0.0,0.0,0.0,0.0,0.0,1.0,1.0,1.0,1.0,1.0,1.0,1.0,32.15322714483018,24757.728003382257,24775.71839811467,55.09147968854619,9.06012490725334,8.974654214725067,24770.184999999998,24749.49,24775.761042007325,24808.593128252895,24731.7768717471,82.44680851063751,86.3031914893612,13.63571428571413,-17.5531914893625,56.39084927209958,100.05046416943043,0.050464169430421014
2025-09-18 20:20:00,24782.65,24786.05,24773.55,24773.55,1374,150,0,0.0,0.0,0.0,0.0,0.0,1.0,0.0,0.0,0.0,1.0,0.0,0.0,0.0,1.0,0.0,0.0,0.0,0.0,0.0,0.0,0.0,0.0,0.0,0.0,1.0,0,0,0,0,0.0,0.0,0.0,0.0,0.0,0.0,0.0,0.0,0.0,0.0,0.0,0.0,0.0,1.0,1.0,1.0,1.0,0.0,0.0,0.0,1.0,1.0,1.0,1.0,0.0,0.0,0.0,0.0,0.0,0.0,1.0,1.0,1.0,1.0,1.0,1.0,13.335690749213114,24758.34847383875,24777.28806818181,50.95539406134131,7.798163198302063,8.739356011440467,24770.21,24751.444,24775.550466578054,24808.626630172177,24731.79336982782,48.6111111111103,71.47852639873868,11.942857142856935,-51.3888888888897,30.89738993870871,99.96287740464638,-0.03712259535362592
2025-09-18 20:25:00,24774.05,24775.35,24762.05,24762.05,1362,150,0,0.0,0.0,0.0,0.0,0.0,0.0,1.0,0.0,0.0,1.0,1.0,0.0,0.0,1.0,1.0,0.0,0.0,0.0,0.0,0.0,0.0,0.0,0.0,0.0,0.0,0,0,0,0,0.0,0.0,0.0,0.0,0.0,0.0,0.0,0.0,0.0,0.0,0.0,0.0,0.0,0.0,1.0,1.0,1.0,1.0,0.0,0.0,1.0,1.0,1.0,1.0,0.0,0.0,0.0,0.0,1.0,0.0,0.0,1.0,1.0,1.0,1.0,1.0,6.285318283890149,24758.49363172763,24776.97735343491,46.18408606334893,5.8031998856058635,8.152124786273546,24770.13,24753.202,24774.26470785633,24808.610759376694,24731.64924062331,21.627906976742494,50.895275532830105,11.42857142857117,-78.3720930232575,-15.098769982669722,99.90276827986597,-0.09723172013403526
2025-09-18 20:30:00,24761.75,24765.05,24746.05,24746.75,1397,150,0,0.0,0.0,0.0,0.0,0.0,0.0,0.0,1.0,0.0,1.0,1.0,1.0,0.0,1.0,1.0,1.0,0.0,0.0,0.0,0.0,0.0,0.0,0.0,0.0,0.0,0,0,0,0,0.0,0.0,0.0,0.0,0.0,0.0,0.0,0.0,0.0,0.0,0.0,0.0,0.0,0.0,0.0,1.0,1.0,1.0,1.0,0.0,0.0,1.0,1.0,1.0,1.0,0.0,0.0,0.0,1.0,1.0,0.0,0.0,1.0,1.0,1.0,1.0,3.058444427580028,24758.033097149466,24770.783525955543,40.7209339658474,2.953548288649472,7.1124094867487315,24770.415,24754.556,24771.64425948906,24808.064367089064,24732.765632910938,1.4084507042267955,23.882489597359864,11.392857142856883,-98.5915492957732,-76.07700649231079,99.85876703622625,-0.14123296377374478
2025-09-18 20:35:00,24746.85,24747.25,24730.65,24745.75,1602,150,0,0.0,0.0,0.0,0.0,0.0,0.0,0.0,0.0,1.0,1.0,1.0,1.0,1.0,1.0,1.0,1.0,1.0,0.0,0.0,0.0,0.0,0.0,0.0,0.0,0.0,0,0,0,0,0.0,0.0,0.0,0.0,0.0,0.0,0.0,0.0,0.0,0.0,0.0,0.0,0.0,0.0,0.0,0.0,1.0,1.0,1.0,1.0,0.0,0.0,1.0,1.0,1.0,1.0,0.0,0.0,1.0,1.0,1.0,0.0,1.0,1.0,1.0,1.0,2.9118801802117673,24757.551407064562,24763.441822701447,40.384685051528294,0.607484521362494,5.811424493671484,24770.91,24755.87,24769.178139537722,24806.86824479202,24734.95175520798,23.19508448540535,15.410480722124879,11.649999999999636,-76.80491551459465,-126.67836707904006,99.82452070958178,-0.17547929041822563
2025-09-18 20:40:00,24745.85,24746.85,24728.35,24734.65,1405,150,0,0.0,0.0,0.0,0.0,0.0,0.0,0.0,0.0,0.0,1.0,1.0,1.0,1.0,1.0,1.0,1.0,1.0,0.0,0.0,0.0,0.0,0.0,0.0,0.0,0.0,0,0,0,0,0.0,0.0,0.0,0.0,0.0,0.0,0.0,0.0,0.0,0.0,0.0,0.0,0.0,0.0,0.0,0.0,1.0,1.0,1.0,1.0,0.0,0.0,0.0,1.0,1.0,1.0,1.0,0.0,1.0,1.0,1.0,1.0,1.0,1.0,1.0,1.0,1.6196119644999953,24756.653312668775,24756.547982308854,36.75653388510242,-2.1229926127998624,4.224541072377215,24769.885,24756.615999999995,24765.889745296034,24808.78331683676,24730.986683163235,9.347181008906194,11.316905399512779,11.72857142857122,-90.65281899109381,-138.81041249939975,99.79584631988784,-0.20415368011215762
2025-09-18 20:45:00,24734.75,24744.15,24728.05,24735.25,1401,150,0,0.0,0.0,0.0,0.0,0.0,0.0,0.0,0.0,0.0,1.0,1.0,1.0,1.0,1.0,1.0,1.0,1.0,0.0,0.0,0.0,0.0,0.0,0.0,0.0,0.0,0,0,0,0,0.0,0.0,0.0,0.0,0.0,0.0,0.0,0.0,0.0,0.0,0.0,0.0,0.0,0.0,0.0,0.0,1.0,1.0,1.0,1.0,0.0,0.0,0.0,0.0,1.0,1.0,1.0,1.0,1.0,1.0,1.0,1.0,1.0,1.0,1.0,1.0,5.036687264734212,24755.81396707294,24752.198285769675,37.085561201482506,-4.190198428874282,2.5415931721269147,24770.234999999997,24757.987999999998,24762.97167431546,24807.653783632322,24732.81621636767,10.635155096012777,14.392473530108106,12.214285714285714,-89.36484490398722,-141.26271908659544,99.7910199075727,-0.2089800924272928
2025-09-18 20:50:00,24736.15,24747.15,24726.55,24744.75,1374,150,0,0.0,0.0,0.0,0.0,0.0,0.0,0.0,0.0,0.0,0.0,1.0,1.0,1.0,0.0,1.0,1.0,1.0,0.0,0.0,0.0,0.0,0.0,0.0,0.0,0.0,0,0,0,0,0.0,0.0,0.0,0.0,0.0,0.0,0.0,0.0,0.0,0.0,0.0,0.0,0.0,0.0,0.0,0.0,1.0,1.0,1.0,1.0,0.0,0.0,0.0,0.0,1.0,1.0,1.0,1.0,1.0,1.0,1.0,1.0,1.0,1.0,1.0,1.0,47.96290780057547,24755.38008601077,24750.7967652376,42.21194814074399,-5.00421781834666,1.0324309740321993,24769.795,24760.402,24761.236276761607,24808.2329458909,24731.357054109096,26.300578034682854,15.427638046533943,13.199999999999948,-73.69942196531714,-123.62330433959961,99.8204867029055,-0.17951329709450667
2025-09-18 20:55:00,24744.85,24746.55,24722.85,24733.75,1343,150,0,0.0,0.0,0.0,0.0,0.0,0.0,0.0,0.0,0.0,0.0,0.0,1.0,1.0,1.0,0.0,1.0,1.0,0.0,0.0,0.0,0.0,0.0,0.0,0.0,0.0,0,0,0,0,0.0,0.0,0.0,0.0,0.0,0.0,0.0,0.0,0.0,0.0,0.0,0.0,0.0,0.0,0.0,0.0,1.0,1.0,1.0,1.0,0.0,0.0,0.0,0.0,1.0,1.0,1.0,1.0,1.0,1.0,1.0,1.0,1.0,1.0,1.0,1.0,26.86841241190085,24754.53184734276,24750.520993672508,38.31859012516694,-6.462447051482741,-0.46654463107078925,24768.545,24761.97,24758.618536117643,24810.00267531117,24727.087324688826,14.9519890260648,17.295907385586812,14.149999999999896,-85.0480109739352,-127.28629045988758,99.77088043629529,-0.22911956370471517
2025-09-18 21:00:00,24733.85,24747.05,24727.15,24746.35,1414,150,0,0.0,0.0,0.0,0.0,0.0,0.0,0.0,0.0,0.0,0.0,0.0,0.0,1.0,0.0,1.0,0.0,1.0,0.0,0.0,0.0,0.0,0.0,0.0,0.0,0.0,0,0,0,0,0.0,0.0,0.0,0.0,0.0,0.0,0.0,0.0,0.0,0.0,0.0,0.0,0.0,0.0,0.0,0.0,1.0,1.0,1.0,1.0,0.0,0.0,0.0,0.0,1.0,1.0,1.0,1.0,1.0,1.0,1.0,1.0,1.0,1.0,1.0,1.0,58.34550571249669,24754.210990583888,24752.027882877057,44.61956634896741,-6.526160017026996,-1.6784677082620312,24767.535,24763.703999999998,24757.45010410644,24810.16497586448,24724.905024135518,32.235939643346406,24.496168901364683,15.04285714285704,-67.76406035665359,-94.27475640936994,99.85110911603603,-0.14889088396397346
2025-09-18 21:05:00,24746.15,24761.55,24745.25,24753.05,1340,150,0,0.0,0.0,0.0,0.0,0.0,0.0,0.0,0.0,0.0,0.0,0.0,0.0,0.0,0.0,0.0,1.0,0.0,0.0,0.0,0.0,0.0,0.0,0.0,0.0,0.0,0,0,0,0,0.0,0.0,0.0,0.0,0.0,0.0,0.0,0.0,0.0,0.0,0.0,0.0,0.0,0.0,0.0,0.0,1.0,1.0,1.0,1.0,0.0,0.0,0.0,0.0,1.0,1.0,1.0,1.0,1.0,1.0,1.0,1.0,1.0,1.0,1.0,1.0,68.99112894403535,24754.165461541343,24753.32528409087,47.68018146488322,-5.967232454233454,-2.536220657456316,24766.685,24764.842,24757.03104657249,24809.779230900935,24723.590769099068,41.426611796982336,29.538180155464513,15.59285714285709,-58.573388203017664,-44.722203754163,99.88096463035482,-0.11903536964517374
2025-09-18 21:10:00,24752.85,24752.85,24728.75,24738.05,1428,150,0,0.0,0.0,0.0,0.0,0.0,0.0,0.0,0.0,0.0,0.0,0.0,0.0,0.0,0.0,0.0,0.0,1.0,0.0,0.0,0.0,0.0,0.0,0.0,0.0,0.0,0,0,0,0,0.0,0.0,0.0,0.0,0.0,0.0,0.0,0.0,0.0,0.0,0.0,0.0,0.0,0.0,0.0,0.0,1.0,1.0,1.0,1.0,0.0,0.0,0.0,0.0,1.0,1.0,1.0,1.0,1.0,1.0,1.0,1.0,1.0,1.0,1.0,1.0,37.126812533645236,24753.533482656763,24751.863639591924,42.07399820200071,-6.657904791594774,-3.360557484284008,24764.45,24765.17,24755.2233278513,24808.658263101104,24720.241736898897,20.85048010973995,31.504343850022895,16.592857142857092,-79.14951989026005,-79.22064814962211,99.85670200677738,-0.14329799322261041
2025-09-18 21:15:00,24737.75,24750.25,24728.75,24732.25,1446,150,0,0.0,0.0,0.0,0.0,0.0,0.0,0.0,0.0,0.0,0.0,0.0,0.0,0.0,1.0,0.0,0.0,0.0,0.0,0.0,0.0,0.0,0.0,0.0,0.0,0.0,0,0,0,0,0.0,0.0,0.0,0.0,0.0,0.0,0.0,0.0,0.0,0.0,0.0,0.0,0.0,0.0,0.0,0.0,1.0,1.0,1.0,1.0,0.0,0.0,0.0,0.0,1.0,1.0,1.0,1.0,1.0,1.0,1.0,1.0,1.0,1.0,1.0,1.0,29.282605258528136,24752.698836277294,24749.300613378055,40.11016215899192,-7.5858343460313336,-4.205612856633474,24761.754999999997,24764.852000000003,24753.035391865462,24806.953857695098,24716.556142304897,13.682678311501245,25.31992340607451,17.492857142856987,-86.31732168849875,-79.09012741343496,99.87965455202618,-0.12034544797381184
2025-09-18 21:20:00,24732.35,24744.55,24728.05,24742.65,1382,150,0,0.0,0.0,0.0,0.0,0.0,0.0,0.0,0.0,0.0,0.0,0.0,0.0,0.0,0.0,1.0,0.0,0.0,0.0,0.0,0.0,0.0,0.0,0.0,0.0,0.0,0,0,0,0,0.0,0.0,0.0,0.0,0.0,0.0,0.0,0.0,0.0,0.0,0.0,0.0,0.0,0.0,0.0,0.0,1.0,1.0,1.0,1.0,0.0,0.0,0.0,0.0,1.0,1.0,1.0,1.0,1.0,1.0,1.0,1.0,1.0,1.0,1.0,1.0,54.907508443216756,24752.30476426607,24747.61466619319,45.06187346830987,-7.396766796420707,-4.843843644590921,24759.8,24764.737999999998,24752.04630692589,24804.739046438885,24714.860953561114,28.947368421056268,21.160175614099156,17.992857142856987,-71.05263157894373,-68.11662233348977,99.98343216786043,-0.016567832139568004
2025-09-18 21:25:00,24742.55,24750.55,24736.15,24737.55,1306,150,0,0.0,0.0,0.0,0.0,0.0,0.0,0.0,0.0,0.0,0.0,0.0,0.0,0.0,0.0,0.0,1.0,0.0,0.0,0.0,0.0,0.0,0.0,0.0,0.0,0.0,0,0,0,0,0.0,0.0,0.0,0.0,0.0,0.0,0.0,0.0,0.0,0.0,0.0,0.0,0.0,0.0,0.0,0.0,1.0,1.0,1.0,1.0,0.0,0.0,0.0,0.0,1.0,1.0,1.0,1.0,1.0,1.0,1.0,1.0,1.0,1.0,1.0,1.0,43.35233286305625,24751.726146059067,24743.864698476205,43.176609215517345,-7.571180917988386,-5.389311099270414,24757.215,24764.118000000002,24750.66570626628,24800.953037162588,24713.476962837412,23.25949367088696,21.96318013448149,18.08571428571408,-76.74050632911305,-53.76326566081077,99.9668629966762,-0.03313700332380602
2025-09-18 21:30:00,24737.25,24748.15,24737.05,24746.75,1342,150,0,0.0,0.0,0.0,0.0,0.0,0.0,0.0,0.0,0.0,0.0,0.0,0.0,0.0,0.0,0.0,0.0,1.0,0.0,0.0,0.0,0.0,0.0,0.0,0.0,0.0,0,0,0,0,0.0,0.0,0.0,0.0,0.0,0.0,0.0,0.0,0.0,0.0,0.0,0.0,1.0,0.0,0.0,0.0,0.0,1.0,1.0,1.0,0.0,0.0,0.0,0.0,1.0,1.0,1.0,1.0,1.0,1.0,1.0,1.0,1.0,1.0,1.0,1.0,63.905982428472136,24751.531003076198,24739.977401859534,47.44786598407016,-6.887645760609303,-5.688978031538192,24755.29,24763.692000000003,24750.292781859967,24797.18276536077,24713.397234639233,45.5238095238123,32.576890538585175,17.985714285714234,-54.4761904761877,-41.194397935896156,100.04891922869335,0.04891922869334534
2025-09-18 21:35:00,24746.65,24751.15,24741.85,24746.85,1263,150,0,0.0,0.0,0.0,0.0,0.0,0.0,0.0,0.0,0.0,0.0,0.0,0.0,0.0,0.0,0.0,0.0,0.0,0.0,0.0,0.0,0.0,0.0,0.0,0.0,0.0,0,0,0,0,0.0,0.0,0.0,0.0,0.0,0.0,0.0,0.0,0.0,0.0,0.0,0.0,1.0,1.0,0.0,0.0,0.0,0.0,1.0,1.0,0.0,0.0,0.0,0.0,1.0,1.0,1.0,1.0,0.0,1.0,1.0,1.0,1.0,1.0,1.0,1.0,64.11825015283486,24751.347434327967,24735.70948799071,47.49406511289616,-6.265643620085029,-5.80431114924756,24753.28,24762.904,24749.964897873306,24792.530885341585,24714.029114658413,56.872037914690964,41.885113703130074,17.70000000000021,-43.127962085309036,-27.772390520137055,100.04689663536854,0.04689663536854709
2025-09-18 21:40:00,24746.75,24751.25,24727.25,24731.75,1300,150,0,1.0,0.0,0.0,0.0,0.0,0.0,0.0,0.0,0.0,0.0,0.0,0.0,0.0,1.0,0.0,0.0,0.0,0.0,0.0,0.0,0.0,0.0,0.0,0.0,0.0,0,0,0,0,0.0,0.0,0.0,0.0,0.0,0.0,0.0,0.0,0.0,0.0,0.0,0.0,1.0,1.0,1.0,0.0,0.0,0.0,0.0,1.0,0.0,0.0,0.0,0.0,1.0,1.0,1.0,1.0,0.0,0.0,1.0,1.0,1.0,1.0,1.0,1.0,27.494501496043085,24750.578907490995,24730.382450929734,41.55368059322159,-6.911475064182014,-6.025743932234452,24750.405,24761.904,24748.230145694895,24786.88827518903,24713.921724810967,22.997416020675164,41.79775448639281,18.057142857143067,-77.00258397932484,-62.72354531970538,99.94746360339062,-0.05253639660938178
2025-09-18 21:45:00,24732.05,24760.85,24729.05,24750.05,1408,150,0,1.0,0.0,0.0,0.0,0.0,0.0,0.0,0.0,0.0,0.0,0.0,0.0,0.0,0.0,1.0,0.0,0.0,0.0,0.0,0.0,0.0,0.0,0.0,0.0,0.0,0,0,0,0,0.0,0.0,0.0,0.0,0.0,0.0,0.0,0.0,0.0,0.0,0.0,0.0,1.0,1.0,1.0,1.0,0.0,0.0,0.0,0.0,0.0,0.0,0.0,0.0,1.0,1.0,1.0,1.0,0.0,0.0,0.0,1.0,0.0,1.0,1.0,1.0,64.4294340346594,24750.55816602075,24726.723156637374,49.755700773974205,-5.878876052418491,-5.99637035627126,24748.38,24761.647999999997,24748.403465152525,24779.59700616301,24717.16299383699,70.28423772609875,50.051230553821625,19.1428571428574,-29.71576227390125,-11.934938741034031,100.06590185475312,0.0659018547531178
2025-09-18 21:50:00,24749.75,24762.55,24749.75,24761.05,1224,150,0,0.0,0.0,0.0,0.0,0.0,0.0,0.0,0.0,0.0,0.0,0.0,0.0,0.0,0.0,0.0,1.0,0.0,0.0,0.0,0.0,0.0,1.0,0.0,0.0,0.0,1,0,1,0,0.0,0.0,0.0,0.0,0.0,0.0,0.0,0.0,0.0,0.0,0.0,0.0,1.0,1.0,1.0,1.0,0.0,0.0,0.0,0.0,1.0,0.0,0.0,0.0,0.0,1.0,1.0,1.0,0.0,0.0,0.0,0.0,0.0,0.0,1.0,1.0,75.6249610121141,24750.969610490814,24728.44781443698,53.93992178798883,-4.125371116675524,-5.622170508352114,24747.27,24761.664,24749.60789704276,24774.603619170153,24719.936380829848,96.22166246851393,63.16777207176261,18.735714285714494,-3.778337531486077,64.10216379930934,100.0594026997921,0.05940269979209349
2025-09-18 21:55:00,24760.75,24763.25,24754.25,24755.25,1200,150,0,0.0,1.0,0.0,0.0,0.0,0.0,0.0,0.0,0.0,0.0,0.0,0.0,0.0,0.0,0.0,0.0,1.0,0.0,0.0,0.0,0.0,0.0,1.0,0.0,0.0,0,0,0,0,1.0,0.0,0.0,0.0,0.0,0.0,1.0,0.0,0.0,0.0,0.0,0.0,1.0,1.0,1.0,1.0,0.0,0.0,0.0,0.0,1.0,1.0,0.0,0.0,0.0,0.0,1.0,1.0,0.0,0.0,0.0,0.0,0.0,0.0,0.0,1.0,60.55171517550401,24751.137468903053,24729.357835098122,51.50439931555803,-3.1672077497350983,-5.1311779566287115,24745.905000000002,24761.404,24750.145240181544,24768.055630265284,24723.75436973472,80.19801980198092,82.23463999886452,18.22857142857148,-19.80198019801909,85.14059228237012,100.00888779362545,0.008887793625434957
2025-09-18 22:00:00,24755.55,24758.25,24743.05,24749.65,1308,150,0,0.0,0.0,1.0,0.0,0.0,0.0,0.0,0.0,0.0,0.0,0.0,0.0,0.0,0.0,0.0,0.0,0.0,0.0,0.0,0.0,0.0,0.0,0.0,1.0,0.0,0,0,0,0,0.0,1.0,0.0,0.0,0.0,0.0,0.0,1.0,0.0,0.0,0.0,0.0,1.0,1.0,1.0,1.0,0.0,0.0,0.0,0.0,0.0,1.0,1.0,0.0,1.0,0.0,0.0,1.0,0.0,0.0,0.0,0.0,0.0,0.0,0.0,0.0,46.987970682514835,24751.07913678917,24730.12846074383,49.194753761819634,-2.8271400662415545,-4.67037037855128,24744.71,24761.484,24750.09807444997,24762.784745396515,24726.635254603483,66.33663366337115,80.91877197795533,17.842857142857092,-33.66336633662885,50.323980683453044,100.04689132732776,0.04689132732774889
2025-09-18 22:05:00,24749.25,24754.75,24745.35,24753.25,1305,150,0,0.0,0.0,0.0,1.0,0.0,0.0,0.0,0.0,0.0,0.0,0.0,0.0,0.0,0.0,0.0,0.0,0.0,0.0,0.0,0.0,0.0,0.0,0.0,0.0,1.0,0,0,0,0,0.0,0.0,1.0,0.0,0.0,0.0,0.0,0.0,1.0,0.0,0.0,0.0,1.0,1.0,1.0,1.0,0.0,0.0,0.0,0.0,1.0,0.0,1.0,1.0,0.0,1.0,0.0,0.0,0.0,0.0,0.0,0.0,0.0,0.0,0.0,0.0,56.40467267043876,24751.164268679844,24732.412629132228,50.72454035816006,-2.241307663884072,-4.184557835617839,24744.269999999997,24761.884,24750.398257835684,24760.941387404495,24727.5986125955,72.29916897506814,72.94460748014006,16.821428571428573,-27.700831024931865,74.10129861038318,100.08490937945396,0.08490937945395183
2025-09-18 22:10:00,24753.35,24754.55,24743.85,24745.55,1233,150,0,0.0,0.0,0.0,0.0,1.0,0.0,0.0,0.0,0.0,0.0,0.0,0.0,0.0,0.0,0.0,0.0,0.0,0.0,0.0,0.0,0.0,0.0,0.0,0.0,0.0,0,0,0,0,0.0,0.0,0.0,0.0,0.0,0.0,0.0,0.0,0.0,0.0,0.0,0.0,1.0,1.0,1.0,1.0,0.0,0.0,0.0,0.0,0.0,1.0,0.0,1.0,1.0,0.0,1.0,0.0,0.0,0.0,0.0,0.0,1.0,0.0,0.0,0.0,35.9286746914142,24750.944101280504,24734.619989669394,47.43458288236437,-2.371025210031803,-3.8218513105006315,24744.21,24761.674,24749.93651899419,24760.85241885542,24727.56758114458,50.83333333333131,63.15637865725686,16.16428571428592,-49.16666666666869,45.513048717058226,100.01172065239577,0.01172065239575315
2025-09-18 22:15:00,24745.85,24749.55,24735.65,24746.55,1304,150,0,0.0,0.0,0.0,0.0,0.0,0.0,0.0,0.0,0.0,0.0,0.0,0.0,0.0,0.0,0.0,0.0,0.0,0.0,0.0,0.0,0.0,0.0,0.0,0.0,0.0,0,0,0,0,0.0,0.0,0.0,0.0,0.0,0.0,0.0,0.0,0.0,0.0,0.0,0.0,1.0,1.0,1.0,1.0,0.0,0.0,0.0,0.0,0.0,0.0,1.0,0.0,1.0,1.0,0.0,1.0,1.0,0.0,0.0,0.0,1.0,1.0,0.0,0.0,40.16041584921684,24750.77178358313,24737.72499031505,47.90712923330882,-2.365863456041552,-3.530653739608816,24744.25,24761.144,24749.613993375693,24760.911837899865,24727.588162100135,53.61111111110909,58.91453780650284,15.992857142857247,-46.38888888889091,-0.521590104715438,100.03638193758073,0.036381937580722425
2025-09-18 22:20:00,24746.65,24748.05,24729.05,24729.55,1340,150,0,0.0,0.0,0.0,0.0,0.0,1.0,0.0,0.0,0.0,1.0,0.0,0.0,0.0,1.0,0.0,0.0,0.0,0.0,0.0,0.0,0.0,0.0,0.0,0.0,0.0,0,0,0,0,0.0,0.0,0.0,0.0,0.0,0.0,0.0,0.0,0.0,0.0,0.0,0.0,0.0,1.0,1.0,1.0,1.0,0.0,0.0,0.0,0.0,0.0,0.0,1.0,1.0,1.0,1.0,0.0,1.0,1.0,0.0,0.0,1.0,1.0,1.0,0.0,14.961741037599154,24749.939556775495,24736.707421875013,41.13681846734282,-3.6909832960081985,-3.5627196508886922,24743.995000000003,24760.21,24747.70313686372,24761.41434496597,24726.575655034034,6.388888888886868,36.94444444444242,15.61428571428587,-93.61111111111313,-92.68292682926091,99.93049592370716,-0.06950407629284948
2025-09-18 22:25:00,24729.75,24733.25,24716.05,24720.75,1338,150,0,0.0,0.0,0.0,0.0,0.0,0.0,1.0,0.0,0.0,1.0,1.0,0.0,0.0,1.0,1.0,0.0,0.0,0.0,0.0,0.0,0.0,0.0,0.0,0.0,0.0,0,0,0,0,0.0,0.0,0.0,0.0,0.0,0.0,0.0,0.0,0.0,0.0,0.0,0.0,0.0,0.0,1.0,1.0,1.0,1.0,0.0,0.0,0.0,0.0,0.0,0.0,1.0,1.0,1.0,1.0,1.0,1.0,1.0,0.0,1.0,1.0,1.0,1.0,10.060363291778458,24748.79486827389,24735.045486828563,38.132652598377454,-5.389114415116637,-3.927998603734282,24743.27,24758.474,24745.13617144813,24763.241832799195,24723.298167200806,9.957627118645455,23.319209039547136,15.307142857143065,-90.04237288135455,-200.26787209103423,99.89453203134944,-0.10546796865054965
2025-09-18 22:30:00,24720.65,24730.55,24709.25,24716.35,1411,150,0,0.0,0.0,0.0,0.0,0.0,0.0,0.0,1.0,0.0,1.0,1.0,1.0,0.0,1.0,1.0,1.0,0.0,0.0,0.0,0.0,0.0,0.0,0.0,0.0,0.0,0,0,0,0,0.0,0.0,0.0,0.0,0.0,0.0,0.0,0.0,0.0,0.0,0.0,0.0,0.0,0.0,0.0,1.0,1.0,1.0,1.0,0.0,0.0,0.0,0.0,0.0,1.0,1.0,1.0,1.0,1.0,1.0,1.0,1.0,1.0,1.0,1.0,1.0,8.076101122034402,24747.522520497798,24732.60725723137,36.689891823279645,-7.009141765804088,-4.544227236148244,24741.85,24756.88,24742.394631310213,24765.141380833866,24718.55861916613,13.148148148145452,9.831554718559259,15.650000000000157,-86.85185185185455,-204.40101339124163,99.9377318628888,-0.0622681371112091
2025-09-18 22:35:00,24716.25,24726.85,24711.05,24714.25,1394,150,0,0.0,0.0,0.0,0.0,0.0,0.0,0.0,0.0,1.0,1.0,1.0,1.0,1.0,1.0,1.0,1.0,1.0,0.0,0.0,0.0,0.0,0.0,0.0,0.0,0.0,0,0,0,0,0.0,0.0,0.0,0.0,0.0,0.0,0.0,0.0,0.0,0.0,0.0,0.0,0.0,0.0,0.0,0.0,1.0,1.0,1.0,1.0,0.0,0.0,0.0,0.0,1.0,1.0,1.0,1.0,1.0,1.0,1.0,1.0,1.0,1.0,1.0,1.0,7.07683263688142,24746.217715771756,24730.544124483422,35.990000730170195,-8.366039071730484,-5.308589603264693,24740.875,24755.53,24739.71419023305,24767.048339189063,24714.701660810937,9.25925925925926,10.788344842016722,15.75000000000026,-90.74074074074075,-187.760207970919,99.85535382756802,-0.14464617243197195
2025-09-18 22:40:00,24714.75,24721.75,24706.65,24713.75,1370,150,0,0.0,0.0,0.0,0.0,0.0,0.0,0.0,0.0,0.0,1.0,1.0,1.0,1.0,1.0,1.0,1.0,1.0,0.0,0.0,0.0,0.0,0.0,0.0,0.0,0.0,0,0,0,0,0.0,0.0,0.0,0.0,0.0,0.0,0.0,0.0,0.0,0.0,0.0,0.0,0.0,0.0,0.0,0.0,1.0,1.0,1.0,1.0,0.0,0.0,0.0,0.0,1.0,1.0,1.0,1.0,1.0,1.0,1.0,1.0,1.0,1.0,1.0,1.0,6.7773429485819605,24744.944472015406,24729.242381198324,35.81482165820856,-9.37368181486454,-6.121608045584663,24739.245,24754.02,24737.241410210856,24767.923286304413,24710.566713695585,12.544169611305172,11.650525672903294,16.035714285714285,-87.45583038869484,-174.23545482422392,99.80897417516624,-0.19102582483375816
2025-09-18 22:45:00,24713.65,24714.75,24696.15,24705.85,1470,150,0,0.0,0.0,0.0,0.0,0.0,0.0,0.0,0.0,0.0,1.0,1.0,1.0,1.0,1.0,1.0,1.0,1.0,0.0,0.0,0.0,0.0,0.0,0.0,0.0,0.0,0,0,0,0,0.0,0.0,0.0,0.0,0.0,0.0,0.0,0.0,0.0,0.0,0.0,0.0,0.0,0.0,0.0,0.0,1.0,1.0,1.0,1.0,0.0,0.0,0.0,0.0,1.0,1.0,1.0,1.0,1.0,1.0,1.0,1.0,1.0,1.0,1.0,1.0,3.383633681650821,24743.41135546509,24726.811389462804,33.07546782779103,-10.686522347918071,-7.034590906051346,24736.885000000002,24752.346,24734.251752095537,24768.407307891892,24705.362692108112,14.456035767507153,12.086488212690528,16.699999999999687,-85.54396423249284,-189.2056386696524,99.80044636996193,-0.19955363003807863
2025-09-18 22:50:00,24706.35,24727.85,24700.55,24721.65,1676,150,0,0.0,0.0,0.0,0.0,0.0,0.0,0.0,0.0,0.0,0.0,1.0,1.0,1.0,0.0,1.0,1.0,1.0,0.0,0.0,0.0,0.0,0.0,0.0,0.0,0.0,0,0,0,0,0.0,0.0,0.0,0.0,0.0,0.0,0.0,0.0,0.0,0.0,0.0,0.0,0.0,0.0,0.0,0.0,1.0,1.0,1.0,1.0,0.0,0.0,0.0,0.0,1.0,1.0,1.0,1.0,1.0,1.0,1.0,1.0,1.0,1.0,1.0,1.0,61.387895249376,24742.557968975896,24727.751636751054,42.54124411520514,-10.332918522279215,-7.694256429296919,24736.065,24751.318,24733.051585229296,24768.30477765512,24703.825222344876,38.00298062593227,21.6677286682482,16.93571428571392,-61.99701937406773,-106.35468815537124,99.8868670870093,-0.11313291299068874
2025-09-18 22:55:00,24721.75,24724.35,24696.25,24696.25,1656,150,0,1.0,0.0,0.0,0.0,0.0,0.0,0.0,0.0,0.0,0.0,0.0,1.0,1.0,1.0,0.0,1.0,1.0,0.0,0.0,0.0,0.0,0.0,0.0,0.0,0.0,0,0,0,0,0.0,0.0,0.0,0.0,0.0,0.0,0.0,0.0,0.0,0.0,0.0,0.0,0.0,0.0,0.0,0.0,1.0,1.0,1.0,1.0,0.0,0.0,0.0,0.0,1.0,1.0,1.0,1.0,1.0,1.0,1.0,1.0,1.0,1.0,1.0,1.0,25.079878765867775,24740.741970191775,24723.185640495823,34.17329453153717,-11.964335256921913,-8.54827219482192,24734.265,24749.97,24729.546672350316,24771.09475199037,24697.435248009628,0.1490312965701147,17.536015896669845,16.671428571428155,-99.85096870342988,-136.4506108283536,99.76972720753841,-0.23027279246159593
2025-09-18 23:00:00,24696.75,24709.25,24687.25,24699.75,906,150,0,0.0,0.0,0.0,0.0,0.0,0.0,0.0,0.0,0.0,0.0,0.0,0.0,1.0,0.0,1.0,0.0,1.0,0.0,0.0,0.0,0.0,0.0,0.0,0.0,0.0,0,0,0,0,0.0,0.0,0.0,0.0,0.0,0.0,0.0,0.0,0.0,0.0,0.0,0.0,0.0,0.0,0.0,0.0,1.0,1.0,1.0,1.0,0.0,0.0,0.0,0.0,1.0,1.0,1.0,1.0,1.0,1.0,1.0,1.0,1.0,1.0,1.0,1.0,33.24108976216323,24739.13444194832,24719.275158186952,36.04025283134927,-12.82696278113508,-9.404010312084552,24732.12,24749.144,24726.70889403124,24771.78173285075,24692.458267149246,16.447368421052634,18.199793447851672,17.328571428571063,-83.55263157894737,-139.36828394657948,99.81491621725927,-0.18508378274073228
2025-09-18 23:05:00,24699.55,24711.55,24699.55,24710.05,350,150,0,0.0,0.0,0.0,0.0,0.0,0.0,0.0,0.0,0.0,0.0,0.0,0.0,0.0,0.0,0.0,1.0,0.0,0.0,0.0,0.0,0.0,0.0,0.0,0.0,0.0,0,0,0,0,0.0,0.0,0.0,0.0,0.0,0.0,0.0,0.0,0.0,0.0,0.0,0.0,0.0,0.0,0.0,0.0,1.0,1.0,1.0,1.0,0.0,0.0,0.0,0.0,1.0,1.0,1.0,1.0,1.0,1.0,1.0,1.0,1.0,1.0,1.0,1.0,54.91875399044468,24737.99387559697,24717.125251807884,41.31513175413215,-12.534981920838618,-10.030204633835366,24730.745000000003,24748.627999999997,24725.12233269493,24771.5056350357,24689.984364964304,32.112676056337,16.236358591319917,17.54285714285678,-67.88732394366299,-92.66396957320194,99.8525046925733,-0.1474953074266918
2025-09-18 23:10:00,24709.55,24709.55,24692.25,24692.25,407,150,0,0.0,0.0,0.0,0.0,0.0,0.0,0.0,0.0,0.0,0.0,0.0,0.0,0.0,1.0,0.0,0.0,1.0,0.0,0.0,0.0,0.0,0.0,0.0,0.0,0.0,0,0,0,0,0.0,0.0,0.0,0.0,0.0,0.0,0.0,0.0,0.0,0.0,0.0,0.0,0.0,0.0,0.0,0.0,1.0,1.0,1.0,1.0,0.0,0.0,0.0,0.0,1.0,1.0,1.0,1.0,1.0,1.0,1.0,1.0,1.0,1.0,1.0,1.0,29.818971971608207,24736.199998121923,24709.839175490662,35.81757856020914,-13.583316210679186,-10.74082694920413,24728.02,24747.37,24721.99163434303,24771.473500859352,24684.56649914065,7.4074074074074066,18.655817294932348,17.728571428570962,-92.5925925925926,-111.83766859345238,99.8491683026986,-0.15083169730140367
2025-09-18 23:15:00,24692.05,24698.55,24684.25,24694.05,357,150,0,0.0,0.0,0.0,0.0,0.0,0.0,0.0,0.0,0.0,0.0,0.0,0.0,0.0,0.0,1.0,0.0,0.0,0.0,0.0,0.0,0.0,0.0,0.0,0.0,0.0,0,0,0,0,0.0,0.0,0.0,0.0,0.0,0.0,0.0,0.0,0.0,0.0,0.0,0.0,0.0,0.0,0.0,0.0,1.0,1.0,1.0,1.0,0.0,0.0,0.0,0.0,1.0,1.0,1.0,1.0,1.0,1.0,1.0,1.0,1.0,1.0,1.0,1.0,34.36888229285057,24734.54705701852,24703.91288094006,36.73435912122555,-14.106275369835203,-11.413916633330347,24725.38,24746.686,24719.33052631036,24770.4039281422,24680.3560718578,13.940256045518312,17.82011316975424,18.078571428570804,-86.05974395448169,-118.36985935448658,99.8919935681563,-0.10800643184369701
2025-09-18 23:20:00,24693.75,24711.05,24693.55,24708.05,224,150,0,0.0,0.0,0.0,0.0,0.0,0.0,0.0,0.0,0.0,0.0,0.0,0.0,0.0,0.0,0.0,1.0,0.0,0.0,0.0,0.0,0.0,0.0,0.0,0.0,0.0,0,0,0,0,0.0,0.0,0.0,0.0,0.0,0.0,0.0,0.0,0.0,0.0,0.0,0.0,1.0,0.0,0.0,0.0,0.0,1.0,1.0,1.0,0.0,0.0,0.0,0.0,1.0,1.0,1.0,1.0,1.0,1.0,1.0,1.0,1.0,1.0,1.0,1.0,62.63235896871986,24733.50795674293,24700.819321410083,43.494840450828875,-13.238436815103341,-11.778820669684947,24724.195,24745.776,24718.25619047128,24769.757333243775,24678.632666756224,36.44716692189822,19.264943458274647,18.564285714285038,-63.55283307810178,-70.19957128282886,99.96641898985894,-0.033581010141057535
2025-09-18 23:25:00,24707.75,24710.55,24706.75,24709.55,130,150,0,0.0,0.0,0.0,0.0,0.0,0.0,0.0,0.0,0.0,0.0,0.0,0.0,0.0,0.0,0.0,0.0,1.0,0.0,0.0,0.0,0.0,0.0,0.0,0.0,0.0,1,0,1,0,0.0,0.0,0.0,0.0,0.0,0.0,0.0,0.0,0.0,0.0,0.0,0.0,1.0,1.0,0.0,0.0,0.0,0.0,1.0,1.0,0.0,0.0,0.0,0.0,1.0,1.0,1.0,1.0,1.0,1.0,1.0,1.0,1.0,1.0,1.0,1.0,65.05117503082137,24732.56842902722,24698.646865315048,44.183054727504285,-12.287982827030646,-11.880653101154088,24722.17,24744.792,24717.427029474013,24766.476663394376,24677.86333660562,39.655172413792414,30.014198460402984,17.84285714285657,-60.344827586207586,-49.54032895208367,99.98098263147779,-0.01901736852221179
2025-09-18 23:30:00,24710.05,24716.55,24708.05,24713.55,129,150,0,0.0,0.0,0.0,0.0,0.0,0.0,0.0,0.0,0.0,0.0,0.0,0.0,0.0,0.0,0.0,0.0,0.0,0.0,0.0,0.0,0.0,1.0,0.0,0.0,0.0,0,0,0,0,1.0,0.0,0.0,0.0,0.0,0.0,1.0,0.0,0.0,0.0,0.0,0.0,1.0,1.0,1.0,0.0,0.0,0.0,0.0,1.0,0.0,0.0,0.0,0.0,1.0,1.0,1.0,1.0,1.0,1.0,1.0,1.0,1.0,1.0,1.0,1.0,72.23906265676075,24731.82260828082,24698.86373966944,46.06941280723563,-11.084202832647861,-11.721363047452844,24719.795,24743.731999999996,24717.057788571725,24760.251525074975,24679.33847492502,59.79591836734546,45.29941923434537,17.09285714285657,-40.20408163265455,-31.15452041072186,99.99919073390319,-0.0008092660968114008
2025-09-18 23:35:00,24713.25,24718.75,24713.25,24716.05,148,150,0,0.0,0.0,0.0,0.0,0.0,0.0,0.0,0.0,0.0,0.0,0.0,0.0,0.0,0.0,0.0,0.0,0.0,0.0,0.0,0.0,0.0,1.0,1.0,0.0,0.0,0,0,0,0,0.0,1.0,0.0,0.0,0.0,0.0,0.0,1.0,0.0,0.0,0.0,0.0,1.0,1.0,1.0,1.0,0.0,0.0,0.0,0.0,0.0,0.0,0.0,0.0,1.0,1.0,1.0,1.0,1.0,1.0,1.0,1.0,1.0,1.0,1.0,1.0,76.72652840126523,24731.204074622565,24698.595322184898,47.26888376527793,-9.815324457194947,-11.340155329401265,24717.835,24742.652,24716.96180870775,24754.697776833527,24680.97222316647,68.68250539956755,56.044532060235134,16.257142857142235,-31.317494600432454,-11.247467755436212,100.0412857683504,0.041285768350413886
2025-09-18 23:40:00,24716.55,24719.55,24715.55,24717.55,125,150,0,0.0,1.0,0.0,0.0,0.0,0.0,0.0,0.0,0.0,0.0,0.0,0.0,0.0,0.0,0.0,0.0,0.0,0.0,0.0,0.0,0.0,1.0,1.0,1.0,0.0,0,0,0,0,0.0,0.0,1.0,0.0,0.0,0.0,0.0,0.0,1.0,0.0,0.0,0.0,1.0,1.0,1.0,1.0,0.0,0.0,0.0,0.0,0.0,0.0,0.0,0.0,1.0,1.0,1.0,1.0,0.0,1.0,1.0,1.0,1.0,1.0,1.0,1.0,79.68237843883483,24730.66862071564,24700.20058755161,48.01595258744017,-8.589675308823644,-10.79005932528574,24716.230000000003,24741.347999999998,24717.01782692606,24749.9188924391,24682.541107560908,76.3761467889917,68.28485685196824,15.021428571428,-23.623853211008296,4.257072232910846,99.98341534646757,-0.016584653532438903
2025-09-18 23:45:00,24717.75,24720.75,24716.05,24718.55,138,150,0,0.0,0.0,1.0,0.0,0.0,0.0,0.0,0.0,0.0,0.0,0.0,0.0,0.0,0.0,0.0,0.0,0.0,1.0,0.0,0.0,0.0,1.0,1.0,1.0,1.0,0,0,0,0,0.0,0.0,0.0,0.0,0.0,0.0,0.0,0.0,0.0,0.0,0.0,0.0,1.0,1.0,1.0,1.0,0.0,0.0,0.0,0.0,0.0,0.0,0.0,0.0,1.0,1.0,1.0,1.0,0.0,0.0,1.0,1.0,1.0,1.0,1.0,1.0,81.97202371779511,24730.193380687448,24702.856182205607,48.53938670830253,-7.451748764553486,-10.12239721313929,24714.495000000003,24739.996,24717.1637481712,24743.38925184292,24685.600748157085,78.66972477064316,74.57612565306746,14.22857142857096,-21.33027522935684,21.169946141957002,100.09029710988511,0.09029710988510106
2025-09-18 23:50:00,24718.75,24720.05,24716.55,24717.75,86,150,0,0.0,0.0,0.0,1.0,0.0,0.0,0.0,0.0,0.0,0.0,0.0,0.0,0.0,0.0,0.0,0.0,0.0,0.0,1.0,0.0,0.0,1.0,1.0,1.0,1.0,0,0,0,0,0.0,0.0,0.0,0.0,0.0,0.0,0.0,0.0,0.0,0.0,0.0,0.0,1.0,1.0,1.0,1.0,0.0,0.0,0.0,0.0,0.0,0.0,0.0,0.0,1.0,1.0,1.0,1.0,0.0,0.0,0.0,1.0,1.0,1.0,1.0,1.0,72.20734495456782,24729.705404974084,24703.662793775817,48.1219317130899,-6.53910832371912,-9.405739435255256,24713.105,24738.716,24717.219581678703,24738.123769797756,24688.086230202243,76.83486238532366,77.29357798165285,13.399999999999636,-23.165137614676333,33.22736765134874,100.07287523153067,0.07287523153068351
2025-09-18 23:55:00,24718.05,24720.25,24711.8,24712.5,142,150,0,0.0,0.0,0.0,0.0,1.0,0.0,0.0,0.0,0.0,0.0,0.0,0.0,0.0,0.0,0.0,0.0,0.0,0.0,0.0,1.0,0.0,0.0,1.0,1.0,1.0,0,0,0,0,0.0,0.0,0.0,0.0,0.0,0.0,0.0,0.0,0.0,0.0,0.0,0.0,1.0,1.0,1.0,1.0,0.0,0.0,0.0,0.0,0.0,0.0,0.0,0.0,1.0,1.0,1.0,1.0,0.0,0.0,0.0,0.0,0.0,1.0,1.0,1.0,33.23532943258414,24729.03068321022,24702.68281088586,45.36461527900764,-6.168360305135138,-8.758263609231234,24711.4025,24737.181,24716.7700977093,24730.853043899395,24691.951956100605,64.79357798165354,73.43272171254011,12.674999999999793,-35.20642201834646,22.95918367349162,100.00991499410159,0.009914994101593189
2025-09-19 00:00:00,24712.6,24712.6,24712.6,24712.6,1,500,0,0.0,0.0,0.0,0.0,0.0,0.0,0.0,0.0,0.0,0.0,0.0,0.0,0.0,0.0,0.0,0.0,0.0,0.0,0.0,0.0,1.0,0.0,0.0,1.0,1.0,1,1,1,1,0.0,0.0,0.0,0.0,0.0,0.0,0.0,0.0,0.0,0.0,0.0,0.0,1.0,1.0,1.0,1.0,0.0,0.0,0.0,0.0,0.0,0.0,0.0,0.0,1.0,1.0,1.0,1.0,0.0,0.0,0.0,0.0,0.0,0.0,1.0,1.0,34.24925051580246,24728.386342692014,24703.09062661418,45.42875584560435,-5.799616298489127,-8.166534147082812,24710.555,24735.728,24716.37294554651,24728.05552330294,24693.05447669706,70.69825436408871,70.7755649103553,10.732142857142597,-29.301745635911285,15.240011779699133,100.08241452277535,0.08241452277535884
